INFO     planner time limit: 1800s
INFO     planner memory limit: None

INFO     Running alias (hapori-miplan-all-data-opt).
INFO     search portfolio: /planner/portfolio_driver/portfolios/hapori-miplan-all-data-opt.py
remaining time: 1799.0
config 0: relative time 861, remaining time 1797, absolute time 861
args: ['/usr/bin/python3', '/planner/plan.py', 'ipc2018-opt-scorpion', 'domains/rubiks_cube_domain.pddl', 'problems/rubiks_cube_temp/p13.pddl', 'solutions/rubiks_cube/p13_sol.txt', '--config', 'default']
INFO     search stdin: None
INFO     search time limit: 861s
INFO     search memory limit: None
INFO     search command line string: /usr/bin/python3 /planner/plan.py ipc2018-opt-scorpion domains/rubiks_cube_domain.pddl problems/rubiks_cube_temp/p13.pddl solutions/rubiks_cube/p13_sol.txt --config default
INFO     Running translator.
INFO     translator input: ['/home/vidusha/intelligent_systems/planners/hapori-miplan/domains/rubiks_cube_domain.pddl', '/home/vidusha/intelligent_systems/planners/hapori-miplan/problems/rubiks_cube_temp/p13.pddl']
INFO     translator arguments: []
INFO     translator time limit: 860.97s
INFO     translator memory limit: None
INFO     callstring: /usr/bin/python2 /planner/planners/ipc2018-opt-scorpion/builds/release64/bin/translate/translate.py /home/vidusha/intelligent_systems/planners/hapori-miplan/domains/rubiks_cube_domain.pddl /home/vidusha/intelligent_systems/planners/hapori-miplan/problems/rubiks_cube_temp/p13.pddl
time limit 860.97 -> (861, 862)
Parsing...
Parsing: [0.010s CPU, 0.013s wall-clock]
Normalizing task... [0.000s CPU, 0.001s wall-clock]
Instantiating...
Generating Datalog program... [0.000s CPU, 0.001s wall-clock]
Normalizing Datalog program...
Trivial rules: Converted to facts.
Normalizing Datalog program: [0.000s CPU, 0.005s wall-clock]
Preparing model... [0.000s CPU, 0.002s wall-clock]
Generated 193 rules.
Computing model... [0.020s CPU, 0.020s wall-clock]
505 relevant atoms
2304 auxiliary atoms
2809 final queue length
4653 total queue pushes
Completing instantiation... [0.190s CPU, 0.182s wall-clock]
Instantiating: [0.210s CPU, 0.211s wall-clock]
Computing fact groups...
Finding invariants...
68 initial candidates
Finding invariants: [0.000s CPU, 0.007s wall-clock]
Checking invariant weight... [0.000s CPU, 0.000s wall-clock]
Instantiating groups... [0.000s CPU, 0.000s wall-clock]
Collecting mutex groups... [0.000s CPU, 0.000s wall-clock]
Choosing groups...
480 uncovered facts
Choosing groups: [0.000s CPU, 0.000s wall-clock]
Building translation key... [0.000s CPU, 0.002s wall-clock]
Computing fact groups: [0.010s CPU, 0.014s wall-clock]
Building STRIPS to SAS dictionary... [0.000s CPU, 0.000s wall-clock]
Building dictionary for full mutex groups... [0.000s CPU, 0.001s wall-clock]
Building mutex information...
Building mutex information: [0.010s CPU, 0.001s wall-clock]
Translating task...
Processing axioms...
Simplifying axioms... [0.000s CPU, 0.000s wall-clock]
Processing axioms: [0.000s CPU, 0.003s wall-clock]
Translating task: [0.100s CPU, 0.095s wall-clock]
0 effect conditions simplified
0 implied preconditions added
Detecting unreachable propositions...
0 operators removed
0 axioms removed
0 propositions removed
Detecting unreachable propositions: [0.020s CPU, 0.027s wall-clock]
Reordering and filtering variables...
480 of 480 variables necessary.
0 of 0 mutex groups necessary.
12 of 12 operators necessary.
0 of 0 axiom rules necessary.
Reordering and filtering variables: [0.020s CPU, 0.020s wall-clock]
Translator variables: 480
Translator derived variables: 0
Translator facts: 960
Translator goal facts: 20
Translator mutex groups: 0
Translator total mutex groups size: 0
Translator operators: 12
Translator axioms: 0
Translator task size: 10688
Translator peak memory: 34228 KB
Writing output... [0.020s CPU, 0.013s wall-clock]
Done! [0.400s CPU, 0.400s wall-clock]
INFO     Run task transformation (/planner/planners/ipc2018-opt-scorpion/builds/h2-mutexes/bin/preprocess).
INFO     callstring: /planner/planners/ipc2018-opt-scorpion/builds/h2-mutexes/bin/preprocess < output.sas
Building causal graph...
The causal graph is not acyclic.
480 variables of 480 necessary
0 of 0 mutex groups necessary.
12 of 12 operators necessary.
0 of 0 axiom rules necessary.
Initializing mutex computation...
Mutex computation initialized with 960 fluents.
iteration for mutex detection and operator pruning
Initialize m_index fw
Initialized mvalues forward: reached=230400, notReached=690240, spurious=960
Initialize m_ops fw
Computing mutexes...
Mutex computation finished with reached=920640, notReached=0, spurious=960
0 operators are spurious because were not triggered
H^2 mutexes added fw: 0, unreachable: 0
0 of 12 operators detected as spurious
Total mutex and disambiguation time: 0.052546 iterations: 2
0 of 0 mutex groups necessary.
12 of 12 operators necessary.
0 of 0 axiom rules necessary.
Change id of operators: 12
Change id of mutexes
Change id of goals
Change id of initial state
Remove unreachable facts from variables: 480
0 of 0 mutex groups necessary.
12 of 12 operators necessary.
0 of 0 axiom rules necessary.
Updating causal graph and pruning unnecessary facts
480 variables of 480 of 480 necessary
The causal graph is not acyclic.
480 variables of 480 necessary
0 of 0 mutex groups necessary.
12 of 12 operators necessary.
0 of 0 axiom rules necessary.
Building domain transition graphs...
solveable in poly time 0
Building successor generator...
Preprocessor variables: 480
Preprocessor facts: 960
Preprocessor derived variables: 0
Preprocessor operators: 12
Preprocessor mutex groups: 0
Preprocessor task size: 10688
Writing output...
done
INFO     Running search (release64).
INFO     search input: output.sas
INFO     search arguments: []
INFO     search time limit: 860.42s
INFO     search memory limit: None
INFO     search executable: /planner/planners/ipc2018-opt-scorpion/builds/release64/bin/downward
INFO     search portfolio: /planner/planners/ipc2018-opt-scorpion/driver/portfolios/seq_opt_scorpion.py
Task has at least one conditional effect: 1 410 0 410 -1 1
Exit codes: <generator object run_opt at 0x7f4039ca5190>
remaining time: 860.42
config 0: relative time 1, remaining 1
args: ['/planner/planners/ipc2018-opt-scorpion/builds/release64/bin/downward', '--search', 'astar(saturated_cost_partitioning([projections(systematic(3), create_complete_transition_system=true, max_time=300, max_peak_memory=2048)], max_time=200, max_optimization_time=2, diversify=true, random_seed=0, orders=greedy(random_seed=0)), pruning=stubborn_sets_simple(min_pruning_ratio=0.2))', '--internal-plan-file', '/home/vidusha/intelligent_systems/planners/hapori-miplan/solutions/rubiks_cube/p13_sol.txt']
time limit 860.42 -> (861, 862)
reading input... [t=9.5462e-05s]
done reading input! [t=0.000969334s]
packing state variables...done! [t=0.000969334s]
Variables: 480
FactPairs: 960
Bytes per state: 60
Building successor generator...done! [t=0.000969334s]
peak memory difference for root successor generator creation: 0 KB
time for root successor generation creation: 0s
done initializing global data [t=0.000969334s]
[t=0.00497368s, 5800 KB] Compute patterns
building causal graph...done! [t=0.120583s]
Found 692 SGA patterns.
Found 3264 interesting patterns.
[t=0.290785s, 28956 KB] Number of patterns: 3264
[t=0.290785s, 28956 KB] Time for computing patterns: 0.285811s
[t=0.290785s, 28956 KB] Build projections
[t=0.456867s, 28956 KB] Time for building projections: 0.166082s
[t=0.456867s, 28956 KB] Number of projections: 3264
[t=0.456867s, 28956 KB] Abstractions: 3264
[t=0.456867s, 28956 KB] Abstractions per generator: [3264]
[t=0.461128s, 28956 KB] Initialize greedy order generator
[t=0.464382s, 28956 KB] Time for computing h values and saturated costs: 0.00325423s
[t=0.464382s, 28956 KB] Done computing surplus costs
[t=0.464382s, 28956 KB] Compute stolen costs
[t=0.464382s, 28956 KB] Time for initializing greedy order generator: 0.00325423s
[t=0.468973s, 28956 KB] Start sampling
[t=0.468973s, 28956 KB] Initial h value for sampling: 3
[t=0.492596s, 28956 KB] Samples: 1000
[t=0.492596s, 28956 KB] Sampling time: 0.0236232s
[t=0.576364s, 31904 KB] Covered abstract states: 16833/25080 = 0.671172
[t=0.576364s, 31904 KB] Start computing cost partitionings
[t=0.580621s, 31904 KB] Time for computing greedy order: 0s
[t=0.584569s, 31904 KB] Incumbent h value: 3
[t=0.588642s, 31904 KB] Switch positions 0 and 2 (abstractions 2489, 2780): h=4
[t=0.593112s, 31904 KB] Found improving order with h=4: [2780, 2677, 2489, 2793, 2693, 2473, 2586, 2601, 2734, 2740, 2741, 2753, 2758, 2728, 2766, 2769, 2774, 2775, 2777, 2778, 2724, 2783, 2807, 2833, 2831, 2830, 2828, 2823, 2822, 2821, 2809, 2782, 2806, 2801, 2796, 2795, 2790, 2789, 2787, 2711, 2618, 2669, 2659, 2658, 2653, 2646, 2640, 2630, 2626, 2670, 2612, 2611, 2610, 2605, 2604, 2603, 2600, 2597, 2689, 2717, 2839, 2706, 2705, 2704, 2703, 2697, 2696, 2718, 2688, 2686, 2683, 2682, 2680, 2679, 2674, 325, 316, 317, 318, 319, 320, 321, 322, 323, 324, 315, 326, 327, 328, 329, 330, 331, 3141, 3136, 306, 297, 298, 299, 300, 301, 302, 303, 304, 305, 3098, 307, 308, 309, 310, 311, 312, 313, 314, 2903, 2944, 2937, 2929, 2925, 2920, 2916, 2912, 2910, 2909, 2953, 2902, 2901, 2881, 2869, 2861, 2851, 2846, 2842, 3011, 3090, 3048, 3042, 3034, 3024, 3023, 3022, 3013, 2591, 3008, 2997, 2987, 2978, 2975, 2969, 2968, 2967, 1144, 1113, 1114, 1696, 1695, 1690, 1689, 1141, 1142, 1143, 1706, 0, 1620, 1618, 1617, 1616, 1615, 1614, 1613, 1052, 996, 997, 1003, 1004, 1010, 1011, 1025, 1026, 1612, 1053, 1054, 1055, 1095, 1096, 1711, 1710, 1708, 1449, 1275, 1276, 1458, 1457, 1316, 1317, 1318, 1319, 1450, 1268, 1444, 1443, 1438, 1437, 1367, 1368, 1377, 1376, 1546, 1191, 1192, 1209, 1210, 1232, 1233, 1234, 1235, 925, 1545, 1539, 1538, 1523, 1522, 1521, 1520, 1267, 2516, 2551, 2541, 756, 757, 2528, 2527, 2524, 2518, 2517, 746, 2513, 2511, 2510, 2509, 2505, 2504, 2503, 2502, 2570, 2594, 1, 2589, 2588, 2584, 2583, 2580, 2579, 2493, 2569, 731, 732, 2564, 738, 739, 2557, 745, 2420, 832, 2453, 2440, 2439, 846, 847, 2427, 2426, 831, 2411, 903, 904, 905, 906, 921, 922, 923, 817, 2488, 2485, 2484, 2482, 2478, 2476, 2475, 2471, 2596, 818, 2470, 2469, 2466, 2465, 2461, 829, 830, 236, 60, 61, 162, 240, 120, 239, 119, 163, 118, 117, 238, 164, 237, 116, 62, 121, 63, 64, 235, 65, 234, 233, 232, 231, 230, 229, 165, 166, 167, 168, 169, 246, 45, 249, 126, 125, 160, 248, 46, 47, 48, 49, 247, 124, 50, 51, 52, 66, 53, 54, 245, 244, 243, 242, 56, 57, 161, 58, 59, 123, 122, 241, 204, 215, 187, 214, 188, 213, 212, 211, 189, 210, 209, 208, 207, 206, 205, 190, 216, 203, 202, 201, 200, 199, 198, 191, 197, 196, 192, 193, 296, 195, 194, 181, 67, 170, 228, 171, 172, 173, 174, 175, 227, 176, 177, 226, 178, 179, 180, 55, 182, 225, 183, 184, 185, 224, 223, 222, 221, 220, 219, 218, 186, 217, 138, 8, 260, 7, 261, 6, 5, 140, 139, 9, 137, 134, 135, 136, 4, 3, 2, 145, 21, 259, 20, 132, 149, 148, 147, 146, 262, 144, 143, 250, 141, 133, 11, 10, 288, 280, 281, 282, 283, 284, 285, 286, 287, 279, 289, 290, 291, 292, 293, 294, 295, 271, 263, 264, 265, 266, 267, 268, 269, 270, 142, 272, 273, 274, 275, 276, 277, 278, 39, 31, 32, 152, 153, 154, 33, 257, 34, 156, 129, 35, 256, 36, 37, 38, 155, 128, 255, 127, 157, 40, 41, 42, 43, 254, 253, 252, 158, 44, 251, 159, 28, 150, 151, 27, 258, 24, 23, 130, 131, 29, 30, 25, 26, 22, 2523, 3175, 2549, 2464, 3200, 2494, 2495, 3198, 2555, 2556, 2463, 815, 2496, 2498, 2457, 2525, 2526, 2456, 2455, 3205, 764, 763, 3207, 2454, 2501, 2539, 2451, 2515, 2542, 3183, 2452, 2477, 2543, 3182, 2544, 3178, 3189, 3181, 2514, 3180, 2483, 2512, 2559, 2558, 2522, 2507, 816, 780, 814, 2560, 2546, 2491, 2508, 3196, 813, 3193, 2490, 2521, 2474, 3176, 3170, 1162, 1130, 1660, 1659, 1658, 1657, 1656, 1160, 1161, 1126, 1621, 1619, 1182, 1183, 1184, 1594, 1593, 1211, 1088, 1834, 1789, 1785, 1083, 1084, 1085, 1086, 1087, 1592, 1751, 1750, 1749, 1748, 1709, 1707, 1705, 1334, 1492, 1297, 1298, 1300, 1301, 1456, 1455, 1333, 1493, 1349, 1350, 1414, 1413, 1412, 1411, 1403, 1402, 1243, 1213, 1214, 1591, 1576, 1575, 1544, 1241, 1242, 1835, 1258, 1259, 1505, 1504, 1503, 1502, 1494, 2299, 2384, 2383, 2382, 890, 2315, 2314, 2309, 2308, 2385, 2298, 2238, 924, 2237, 2217, 2216, 2211, 2210, 2412, 839, 840, 2438, 2425, 2418, 2417, 2416, 2413, 951, 2410, 2408, 2399, 2398, 870, 871, 872, 1037, 1951, 1950, 1027, 1028, 1929, 1928, 1923, 1922, 2012, 1038, 1039, 1040, 1041, 1869, 1866, 1845, 1844, 967, 952, 953, 2129, 2128, 2123, 2122, 2117, 2116, 838, 968, 976, 2065, 2064, 2019, 2018, 2013, 2870, 2852, 2853, 3087, 2856, 2858, 2859, 2860, 2865, 2866, 3079, 2868, 3076, 3070, 3067, 3061, 3089, 2871, 3059, 2875, 2876, 3058, 2877, 3056, 3054, 3053, 3052, 3047, 3044, 2880, 2883, 2826, 2781, 2788, 2792, 2794, 2799, 2802, 2803, 3126, 3119, 2805, 3116, 2808, 2819, 2820, 2824, 3043, 3111, 3109, 3107, 3106, 3103, 2832, 2837, 2841, 3099, 2850, 3097, 3096, 3093, 3091, 2991, 3004, 3003, 2935, 3002, 2938, 2939, 2996, 2943, 2995, 2948, 2949, 2950, 2952, 2954, 2993, 2932, 2988, 2956, 2957, 2961, 2964, 2965, 2966, 2972, 2976, 2977, 2982, 2986, 2983, 2985, 3031, 3041, 2885, 2886, 2887, 2889, 2890, 2894, 3039, 3036, 2898, 2899, 2900, 2905, 3033, 3032, 2848, 3026, 3025, 3021, 2911, 3020, 3012, 2917, 2919, 2924, 3010, 2927, 2928, 2930, 3007, 2657, 2707, 2702, 2695, 2687, 2681, 2678, 2668, 3151, 2708, 2655, 3154, 3158, 2649, 2648, 2647, 2645, 2644, 2722, 3143, 2739, 2732, 2731, 2729, 2727, 2725, 2723, 2638, 2721, 2716, 2715, 2773, 2712, 2710, 3148, 713, 2608, 2606, 702, 703, 2602, 2595, 711, 712, 2609, 714, 2590, 2587, 2578, 3167, 2568, 2566, 2623, 2635, 2634, 2632, 2631, 2628, 2627, 2625, 2624, 3146, 2620, 2619, 2617, 2615, 2614, 3164, 2613, 2765, 2760, 3140, 2771, 3135, 2754, 3138, 3133, 3142, 2761, 2764, 2752, 2751, 2763, 1631, 1626, 1625, 1627, 1628, 1624, 1629, 1630, 1445, 1473, 1397, 1447, 3121, 1633, 1472, 1396, 1471, 1470, 1634, 3030, 1481, 1480, 3153, 1479, 1478, 3035, 1441, 1401, 1442, 1477, 1446, 1400, 1476, 1475, 1474, 1399, 3115, 1622, 1640, 1398, 1623, 1677, 1379, 1672, 1378, 1454, 1453, 1673, 1674, 1675, 1676, 1452, 3256, 3129, 1678, 1679, 1680, 3257, 1451, 1681, 2561, 1682, 1683, 3259, 3132, 3165, 1635, 1636, 1639, 3150, 1641, 1395, 3001, 3000, 1461, 1460, 1459, 1462, 3253, 1668, 1669, 1670, 1671, 2994, 1380, 3254, 1448, 3134, 1510, 3086, 1430, 1512, 1429, 1428, 1540, 1541, 3082, 1511, 3077, 1542, 1513, 1543, 1427, 3071, 1426, 1509, 3066, 1425, 3060, 1554, 3251, 1555, 1433, 1515, 1632, 1516, 3250, 1517, 1518, 1519, 1436, 1435, 3094, 1434, 1556, 1514, 1524, 1525, 1526, 1527, 1528, 1529, 1530, 1432, 1431, 1531, 1440, 1595, 1596, 1597, 1598, 1599, 1600, 1601, 1602, 1603, 1604, 1423, 1424, 1605, 1606, 1607, 1608, 1483, 1422, 1609, 3149, 1482, 1610, 1611, 3252, 1557, 1558, 1559, 1560, 1568, 1569, 1570, 1571, 1572, 1573, 1574, 3040, 1508, 1507, 1506, 3057, 3100, 3139, 1439, 3051, 3110, 3045, 2319, 2287, 2288, 2289, 2290, 2291, 2292, 3230, 3229, 3228, 3226, 2293, 2817, 2316, 2317, 2318, 2286, 2350, 2351, 2352, 2353, 2354, 2355, 2362, 2363, 2364, 2365, 2374, 2375, 2376, 2377, 2844, 2172, 2173, 2174, 2175, 2176, 2177, 2190, 2191, 2192, 2193, 2198, 2199, 2200, 2201, 2849, 2800, 2218, 2219, 2220, 2221, 3239, 3238, 3234, 3233, 2276, 2277, 2278, 2279, 2280, 2281, 3174, 3201, 2726, 3195, 3194, 2720, 3190, 2709, 3179, 2685, 2675, 2492, 2665, 2663, 2497, 2650, 3203, 3168, 2643, 2633, 2629, 2520, 2622, 2616, 2534, 2535, 2540, 2545, 2554, 2575, 2574, 2435, 2394, 2395, 2396, 2397, 2784, 2776, 2409, 3225, 2768, 3224, 2422, 2762, 3223, 3220, 2434, 2146, 3219, 3214, 3213, 3211, 2444, 2446, 2450, 2750, 3209, 2745, 3208, 2744, 3204, 2737, 2915, 1786, 1787, 1788, 1790, 1802, 2926, 1850, 1851, 1852, 1853, 1854, 1855, 1856, 1857, 2921, 1779, 1867, 1868, 1870, 1871, 1872, 1873, 1874, 1875, 1876, 2895, 1894, 1895, 2888, 1938, 2955, 1691, 1692, 1693, 1694, 1697, 1698, 1699, 1700, 1701, 1702, 1703, 1704, 2962, 1714, 1715, 1939, 1756, 1757, 1758, 1759, 1768, 2947, 2941, 2936, 1769, 1770, 1771, 1776, 1777, 1778, 2080, 2022, 2023, 2028, 2029, 2030, 2031, 2036, 2037, 2038, 2039, 2873, 2076, 2077, 2078, 2079, 2021, 2081, 2104, 2105, 2106, 2867, 2107, 2112, 2113, 2114, 2115, 2143, 2144, 2854, 2145, 1976, 2884, 1940, 1941, 1946, 1947, 1948, 1949, 1971, 1972, 1973, 1974, 1975, 3249, 3248, 2984, 1977, 1978, 1984, 1985, 3247, 3244, 1986, 1987, 1988, 1989, 3243, 3241, 2874, 2020, 821, 547, 548, 549, 550, 551, 552, 909, 553, 910, 911, 912, 913, 908, 554, 555, 556, 557, 558, 559, 560, 561, 1034, 1033, 562, 823, 533, 534, 900, 535, 536, 901, 537, 538, 825, 539, 824, 540, 563, 822, 541, 542, 543, 544, 902, 1036, 1035, 545, 907, 546, 587, 577, 916, 578, 579, 580, 581, 582, 583, 584, 917, 585, 586, 576, 588, 589, 590, 591, 592, 593, 594, 1016, 1015, 1014, 1013, 1030, 820, 564, 1032, 1031, 565, 566, 567, 568, 819, 569, 570, 571, 1044, 1029, 1024, 1023, 572, 914, 915, 573, 1022, 1021, 574, 575, 497, 490, 491, 836, 1069, 898, 899, 492, 835, 493, 494, 495, 496, 489, 498, 834, 499, 500, 833, 501, 502, 503, 504, 505, 506, 479, 1080, 471, 472, 473, 474, 1079, 1078, 896, 475, 476, 477, 478, 507, 480, 481, 897, 482, 483, 1070, 485, 486, 487, 837, 488, 529, 1064, 1063, 1062, 1061, 1060, 1059, 1058, 1057, 525, 526, 527, 528, 524, 530, 531, 532, 1056, 1051, 1050, 1049, 1048, 1047, 1046, 1045, 1067, 508, 828, 509, 510, 511, 512, 513, 514, 515, 827, 1068, 1012, 516, 517, 518, 519, 520, 521, 522, 826, 1066, 1065, 523, 704, 685, 686, 687, 688, 689, 690, 691, 787, 786, 785, 784, 920, 684, 705, 706, 707, 926, 708, 709, 950, 949, 710, 715, 783, 966, 666, 667, 668, 669, 670, 671, 672, 673, 674, 971, 970, 969, 782, 675, 676, 677, 678, 965, 964, 679, 680, 681, 682, 683, 939, 737, 740, 741, 742, 743, 744, 747, 748, 767, 749, 941, 940, 736, 766, 750, 751, 765, 938, 937, 762, 758, 759, 760, 761, 770, 716, 717, 718, 719, 720, 721, 781, 774, 773, 772, 771, 665, 769, 927, 928, 948, 947, 733, 929, 734, 735, 930, 768, 614, 809, 606, 607, 608, 808, 609, 610, 611, 612, 613, 998, 995, 605, 615, 616, 617, 994, 993, 992, 991, 618, 807, 619, 620, 1000, 1009, 1008, 1007, 918, 595, 596, 597, 598, 1006, 1005, 1002, 1001, 621, 999, 599, 919, 812, 811, 600, 601, 810, 602, 603, 604, 975, 645, 646, 647, 648, 649, 650, 651, 652, 653, 654, 655, 656, 644, 974, 973, 972, 657, 658, 659, 660, 661, 662, 663, 664, 632, 622, 806, 623, 624, 625, 626, 627, 628, 629, 630, 631, 484, 633, 634, 635, 636, 637, 638, 639, 640, 641, 642, 643, 345, 1279, 1278, 1277, 339, 340, 341, 867, 342, 866, 343, 344, 1280, 346, 347, 348, 349, 1257, 1256, 1255, 1254, 350, 351, 352, 1286, 1293, 1292, 1291, 1290, 1289, 1288, 1287, 115, 332, 333, 334, 353, 1285, 1284, 335, 869, 336, 337, 868, 338, 1283, 1282, 1281, 1218, 361, 362, 363, 364, 863, 365, 366, 367, 368, 369, 1219, 1227, 1217, 1216, 370, 371, 372, 373, 374, 375, 376, 377, 891, 1238, 865, 354, 864, 355, 356, 1247, 1246, 1245, 1244, 1240, 1239, 1294, 1237, 1236, 357, 358, 359, 360, 1231, 1230, 1229, 1081, 1357, 84, 85, 86, 1359, 1358, 87, 88, 89, 90, 91, 92, 83, 1356, 1355, 1354, 93, 94, 95, 96, 97, 98, 1353, 1352, 71, 12, 13, 14, 15, 16, 17, 18, 19, 68, 69, 70, 1351, 72, 73, 74, 75, 76, 77, 78, 79, 80, 81, 82, 1305, 1320, 1315, 1314, 1313, 1312, 1311, 1310, 1309, 1308, 1307, 1306, 1321, 107, 108, 109, 110, 111, 112, 113, 1304, 1303, 1302, 114, 1337, 1348, 1347, 1346, 1345, 99, 100, 101, 102, 103, 104, 1338, 1228, 1336, 1335, 1332, 1331, 1330, 1329, 105, 106, 1323, 1322, 1108, 424, 848, 425, 426, 1118, 1117, 1116, 1115, 1112, 1111, 1110, 1109, 423, 1107, 427, 428, 429, 430, 431, 432, 433, 1100, 434, 435, 415, 410, 411, 851, 850, 1148, 1147, 1146, 1145, 412, 413, 414, 845, 416, 417, 1133, 1132, 1131, 418, 419, 420, 421, 422, 849, 462, 892, 1099, 1098, 1097, 456, 457, 458, 459, 460, 461, 893, 455, 463, 464, 465, 894, 466, 467, 895, 468, 469, 470, 1082, 445, 436, 437, 438, 439, 440, 441, 442, 844, 843, 443, 444, 378, 446, 447, 842, 841, 448, 449, 450, 451, 452, 453, 454, 1154, 1190, 392, 1159, 1158, 1157, 393, 394, 1156, 1155, 1193, 1189, 395, 396, 397, 398, 399, 400, 401, 402, 1194, 1168, 1179, 1180, 1178, 384, 385, 386, 387, 1171, 1170, 1169, 852, 388, 1181, 389, 1185, 1186, 1187, 390, 391, 1188, 1151, 406, 1153, 381, 1204, 1152, 1205, 1206, 1207, 1195, 1208, 380, 1150, 379, 1149, 407, 409, 408, 403, 1196, 383, 382, 405, 404, 778, 776, 2530, 2531, 862, 2415, 2532, 854, 777, 2533, 2443, 779, 858, 2407, 2405, 775, 2442, 855, 859, 2519, 2449, 876, 2406, 2472, 1375, 861, 860, 2447, 2448, 857, 856, 797, 2430, 2479, 2387, 2388, 2480, 2481, 794, 795, 805, 804, 803, 2429, 796, 2431, 2389, 798, 799, 800, 2390, 2391, 801, 2487, 2392, 2486, 802, 2393, 790, 2441, 875, 2403, 2421, 853, 2402, 2401, 2400, 2468, 2506, 2437, 788, 789, 2404, 2499, 791, 874, 873, 2386, 2458, 2459, 2424, 792, 793, 2433, 2432, 2981, 2945, 2951, 2959, 2963, 2970, 2971, 2973, 2974, 2979, 2980, 2942, 2989, 2999, 3005, 3009, 3015, 3016, 3018, 3019, 3027, 3028, 2897, 2838, 2840, 2843, 2847, 2862, 2863, 2864, 2872, 2882, 2893, 3029, 2904, 2906, 2907, 2908, 2913, 2918, 2922, 2923, 2931, 3160, 3122, 3123, 3125, 3128, 3131, 3145, 3147, 3152, 3155, 3159, 3120, 3162, 3163, 3166, 3171, 3173, 3184, 3186, 3188, 3197, 3206, 3083, 3046, 3049, 3063, 3064, 3068, 3072, 3073, 3075, 3080, 3081, 2836, 3085, 3095, 3101, 3102, 3104, 3105, 3108, 3114, 3117, 2607, 2582, 723, 722, 2585, 2592, 2593, 2598, 701, 700, 699, 724, 698, 697, 696, 695, 694, 693, 692, 2637, 2639, 2651, 730, 2538, 755, 754, 753, 752, 2547, 2550, 2562, 2563, 2567, 2656, 729, 2571, 2573, 728, 727, 2576, 2577, 726, 725, 2804, 2747, 2748, 2749, 2757, 2770, 2779, 2785, 2786, 2791, 2797, 2746, 2811, 2812, 2814, 2815, 2816, 2818, 2825, 2827, 2829, 2835, 2691, 2660, 2661, 2664, 2666, 2667, 2672, 2673, 2676, 2684, 2690, 2536, 2694, 2699, 2700, 2701, 2714, 2719, 2730, 2735, 2742, 1090, 1773, 1772, 1089, 1767, 1766, 1765, 1764, 1763, 1762, 1761, 1760, 1774, 1091, 1092, 1093, 1755, 1754, 1753, 1752, 1094, 1747, 1746, 1073, 1817, 1816, 1815, 1814, 1803, 1794, 1793, 1792, 1791, 1071, 1072, 1745, 1074, 1075, 1784, 1783, 1782, 1781, 1780, 1076, 1077, 1775, 1686, 1106, 1119, 1120, 1121, 1122, 1123, 1124, 1125, 1127, 1688, 1687, 1105, 1685, 1684, 1128, 1129, 1134, 1135, 1136, 1137, 1138, 1139, 1727, 1744, 1736, 1735, 1734, 1733, 1732, 1731, 1730, 1729, 1728, 1818, 1726, 1725, 1724, 1723, 1101, 1713, 1712, 1102, 1103, 1104, 1917, 1932, 1931, 1930, 1927, 1926, 1925, 1924, 1921, 1920, 1919, 1918, 1933, 1916, 1915, 1914, 1913, 1912, 1911, 1910, 1902, 1901, 1900, 1018, 1983, 1982, 1966, 1965, 1964, 1963, 1955, 1954, 1953, 1952, 1017, 1899, 1019, 1020, 1945, 1944, 1943, 1942, 1937, 1936, 1935, 1934, 1837, 1858, 1849, 1848, 1847, 1846, 1843, 1842, 1841, 1840, 1839, 1838, 1859, 1836, 1827, 1826, 1825, 1824, 1823, 1822, 1821, 1820, 1819, 1879, 1898, 1897, 1896, 1886, 1885, 1884, 1883, 1882, 1881, 1880, 1140, 1878, 1877, 1042, 1043, 1865, 1864, 1863, 1862, 1861, 1860, 1466, 1488, 1487, 1486, 1485, 1484, 1295, 1296, 1299, 1469, 1468, 1467, 1489, 1465, 1464, 1463, 1324, 1325, 1326, 1327, 1328, 1339, 1340, 1273, 1260, 1261, 1262, 1263, 1264, 1265, 1266, 1269, 1270, 1271, 1272, 1341, 1274, 1501, 1500, 1499, 1498, 1497, 1496, 1495, 1491, 1490, 1385, 1365, 1366, 1394, 1393, 1392, 1391, 1390, 1389, 1388, 1387, 1386, 1364, 1384, 1383, 1382, 1381, 1369, 1370, 1371, 1372, 1373, 1374, 1410, 1342, 1343, 1344, 1421, 1420, 1419, 1418, 1417, 1416, 1415, 1253, 1409, 1408, 1407, 1406, 1405, 1404, 1360, 1361, 1362, 1363, 1177, 1637, 1163, 1164, 1165, 1166, 1167, 1172, 1173, 1174, 1175, 1176, 1638, 1197, 1198, 1199, 1200, 1201, 1202, 1203, 1212, 1215, 1590, 1652, 1667, 1666, 1665, 1664, 1663, 1662, 1661, 1655, 1654, 1653, 1589, 1651, 1650, 1649, 1648, 1647, 1646, 1645, 1644, 1643, 1642, 1537, 1562, 1561, 1225, 1226, 1553, 1552, 1551, 1550, 1549, 1548, 1547, 1563, 1536, 1535, 1534, 1533, 1532, 1248, 1249, 1250, 1251, 1252, 1578, 1588, 1587, 1586, 1585, 1584, 1583, 1582, 1581, 1580, 1579, 2380, 1577, 1220, 1221, 1222, 1223, 1224, 1567, 1566, 1565, 1564, 2126, 2133, 2132, 2295, 2131, 2130, 956, 957, 2127, 2134, 2125, 2124, 958, 959, 2121, 2296, 2120, 2119, 2138, 2274, 954, 955, 2142, 2275, 2141, 2140, 2139, 2118, 2137, 2136, 2282, 2283, 2284, 2285, 2294, 2135, 2322, 2305, 2306, 2307, 2310, 2311, 2312, 2320, 2321, 2304, 2323, 2330, 2331, 2332, 2333, 2334, 2335, 2087, 2109, 960, 2297, 961, 962, 963, 2111, 2110, 2300, 2273, 2108, 2103, 2102, 2101, 2301, 2100, 2302, 2303, 2205, 933, 934, 2209, 2208, 2207, 2206, 2234, 2235, 2212, 2204, 2203, 2202, 2236, 935, 936, 2197, 2196, 2222, 2229, 2228, 2227, 2226, 2230, 2225, 2224, 2223, 2195, 931, 932, 2215, 2231, 2214, 2213, 2232, 2233, 2158, 2255, 2256, 2168, 2167, 2166, 2257, 1996, 2159, 2169, 2157, 2156, 2155, 2154, 2153, 2270, 2271, 2272, 2252, 2194, 942, 2246, 2247, 2248, 2249, 2250, 2251, 2313, 2253, 943, 2254, 944, 945, 946, 2171, 2170, 885, 884, 2361, 2360, 2007, 2359, 2358, 2357, 2040, 2041, 2042, 2356, 2043, 2006, 981, 886, 887, 888, 2005, 889, 2004, 2050, 2051, 2052, 2053, 2002, 2001, 881, 2025, 986, 987, 985, 883, 988, 2027, 882, 2032, 2033, 2034, 2035, 984, 2026, 2003, 983, 982, 2024, 989, 990, 2017, 2016, 2015, 2014, 2011, 2010, 2009, 2008, 2337, 2071, 2072, 2073, 2074, 2366, 2000, 1999, 1998, 2370, 2371, 2372, 2373, 880, 879, 2369, 878, 877, 2378, 1997, 2379, 2381, 978, 977, 2082, 2083, 2084, 2085, 2336, 2086, 2069, 2059, 2060, 2061, 2062, 2367, 2063, 980, 979, 2066, 2070, 2067, 2068, 2368, 3235, 3237, 3236, 3112, 3262, 2500, 3263, 3240, 2245, 3261, 3260, 3245, 3258, 2244, 3246, 3084, 3092, 3255, 3242, 2239, 3088, 2240, 2241, 2242, 2243, 2342, 2338, 2339, 3161, 2340, 2423, 2341, 3157, 3156, 2160, 3199, 2460, 2343, 2419, 3202, 2344, 2462, 2345, 2325, 3187, 3185, 2436, 2329, 3177, 2328, 2327, 2326, 2346, 3172, 2324, 2428, 3169, 2445, 3191, 3192, 2264, 3130, 2269, 2268, 3127, 2267, 2266, 3124, 2265, 3231, 2263, 2262, 3232, 2261, 3118, 2260, 2259, 2258, 3216, 2347, 2414, 2348, 2349, 3210, 3212, 3144, 3215, 3113, 3217, 3218, 2467, 3221, 3137, 3222, 3227, 2049, 1833, 2075, 2671, 2857, 2855, 2058, 2057, 2056, 2055, 2054, 2845, 1832, 2048, 2692, 2047, 2046, 1887, 1888, 2834, 1889, 1890, 1891, 2892, 1807, 1808, 1809, 1810, 1811, 1812, 1813, 2896, 2090, 2089, 2088, 1892, 2891, 2652, 2654, 2662, 2879, 2878, 1828, 1829, 1830, 1831, 2756, 1960, 1961, 1962, 2767, 2738, 1967, 1968, 1969, 2759, 1970, 1979, 1959, 2755, 1980, 1981, 2743, 1990, 1991, 1992, 1993, 1994, 1995, 1909, 1893, 2045, 2044, 2698, 1903, 1904, 1905, 1906, 1907, 1908, 1806, 2813, 2810, 2713, 2798, 2733, 2736, 1956, 1957, 1958, 2772, 2161, 2180, 2179, 2178, 2565, 3017, 2572, 3014, 2165, 2164, 2163, 2162, 2181, 3006, 2581, 2998, 2152, 2151, 1716, 2992, 1717, 2990, 1718, 2188, 3074, 3069, 2529, 3065, 3062, 2537, 3055, 3050, 2548, 2189, 1719, 2552, 3038, 3037, 2553, 2187, 2186, 2185, 2184, 2183, 2182, 1795, 2636, 2099, 2098, 2097, 2641, 2642, 2096, 2095, 2094, 2093, 2092, 2933, 2914, 1796, 1797, 1798, 1799, 1800, 1801, 2091, 1804, 1805, 1739, 1720, 1721, 1722, 2150, 2149, 2148, 2147, 2599, 1737, 1738, 3078, 1740, 1741, 1742, 1743, 2960, 2958, 2946, 2621, 2940, 2934]
[t=2.58739s, 31904 KB] Time for optimizing order: 2.00282s
[t=2.58739s, 31904 KB] Time for optimizing order has expired: 1
[t=2.58739s, 31904 KB] Portfolio sum h value: 3739
[t=6.59432s, 31904 KB] Portfolio sum h value: 3890
[t=8.59982s, 31904 KB] Portfolio sum h value: 3935
[t=30.663s, 31904 KB] Portfolio sum h value: 3936
[t=80.8036s, 31904 KB] Portfolio sum h value: 3959
[t=201.135s, 31904 KB] Orders: 5
[t=201.137s, 31904 KB] Time for computing cost partitionings: 200.56s
[t=201.137s, 31904 KB] Memory for cost partitionings: 0 KB
[t=201.137s, 31904 KB] Stored lookup tables: 10/16320 = 0.000612745
[t=201.137s, 31904 KB] Stored values: 80/125400 = 0.000637959
[t=201.137s, 31904 KB] Stored heuristics: 8/3264 = 0.00245098
Conducting best first search with reopening closed nodes, (real) bound = 2147483647
New best heuristic value for saturated_cost_partitioning(list(projections(systematic(3), create_complete_transition_system = true, max_time = 300, max_peak_memory = 2048)), max_time = 200, max_optimization_time = 2, diversify = true, random_seed = 0, orders = greedy(random_seed = 0)): 4
[g=0, 1 evaluated, 0 expanded, t=201.14s, 31904 KB]
f = 4 [1 evaluated, 0 expanded, t=201.14s, 31904 KB]
Initial heuristic value for saturated_cost_partitioning(list(projections(systematic(3), create_complete_transition_system = true, max_time = 300, max_peak_memory = 2048)), max_time = 200, max_optimization_time = 2, diversify = true, random_seed = 0, orders = greedy(random_seed = 0)): 4
pruning method: stubborn sets simple
f = 5 [13 evaluated, 1 expanded, t=201.14s, 31904 KB]
New best heuristic value for saturated_cost_partitioning(list(projections(systematic(3), create_complete_transition_system = true, max_time = 300, max_peak_memory = 2048)), max_time = 200, max_optimization_time = 2, diversify = true, random_seed = 0, orders = greedy(random_seed = 0)): 3
[g=2, 28 evaluated, 3 expanded, t=201.141s, 31904 KB]
New best heuristic value for saturated_cost_partitioning(list(projections(systematic(3), create_complete_transition_system = true, max_time = 300, max_peak_memory = 2048)), max_time = 200, max_optimization_time = 2, diversify = true, random_seed = 0, orders = greedy(random_seed = 0)): 2
[g=3, 95 evaluated, 10 expanded, t=201.142s, 31904 KB]
f = 6 [192 evaluated, 19 expanded, t=201.142s, 31904 KB]
f = 7 [2032 evaluated, 207 expanded, t=201.166s, 31904 KB]
pruning ratio after 1000 calls: 0
-- pruning ratio is lower than min pruning ratio (0.2); switching off pruning
f = 8 [17814 evaluated, 1843 expanded, t=201.374s, 31904 KB]
f = 9 [155437 evaluated, 16165 expanded, t=202.826s, 31904 KB]
f = 10 [1384546 evaluated, 144317 expanded, t=215.573s, 138056 KB]
New best heuristic value for saturated_cost_partitioning(list(projections(systematic(3), create_complete_transition_system = true, max_time = 300, max_peak_memory = 2048)), max_time = 200, max_optimization_time = 2, diversify = true, random_seed = 0, orders = greedy(random_seed = 0)): 1
[g=9, 3272978 evaluated, 338224 expanded, t=236.48s, 370592 KB]
f = 11 [12509071 evaluated, 1307044 expanded, t=335.63s, 1166492 KB]
exitcode: -9

Error: Unexpected exit codes: [-9]
Command '['run-portfolio', '/planner/planners/ipc2018-opt-scorpion/driver/portfolios/seq_opt_scorpion.py']' returned non-zero exit status -9
Image nick: ipc2018-opt-scorpion
Configs: ['default']
Plan file: /home/vidusha/intelligent_systems/planners/hapori-miplan/solutions/rubiks_cube/p13_sol.txt
Run image config default
Calling planner: ['python2', '/planner/planners/ipc2018-opt-scorpion/fast-downward.py', '--build=release64', '--plan-file', '/home/vidusha/intelligent_systems/planners/hapori-miplan/solutions/rubiks_cube/p13_sol.txt', '--transform-task', '/planner/planners/ipc2018-opt-scorpion/builds/h2-mutexes/bin/preprocess', '--alias', 'seq-opt-scorpion', '--overall-time-limit', '30m', '/home/vidusha/intelligent_systems/planners/hapori-miplan/domains/rubiks_cube_domain.pddl', '/home/vidusha/intelligent_systems/planners/hapori-miplan/problems/rubiks_cube_temp/p13.pddl']
Found plan file(s): []
exitcode: 99

remaining time: 1024.01
config 1: relative time 615, remaining time 936, absolute time 672
args: ['/usr/bin/python3', '/planner/plan.py', 'ipc2014-opt-symba1', 'domains/rubiks_cube_domain.pddl', 'problems/rubiks_cube_temp/p13.pddl', 'solutions/rubiks_cube/p13_sol.txt', '--config', 'default']
INFO     search stdin: None
INFO     search time limit: 672s
INFO     search memory limit: None
INFO     search command line string: /usr/bin/python3 /planner/plan.py ipc2014-opt-symba1 domains/rubiks_cube_domain.pddl problems/rubiks_cube_temp/p13.pddl solutions/rubiks_cube/p13_sol.txt --config default
1. Running translator
Second argument is a file name: use two translator arguments.
Parsing...
Parsing: [0.010s CPU, 0.015s wall-clock]
Normalizing task... [0.010s CPU, 0.001s wall-clock]
Instantiating...
Generating Datalog program... [0.000s CPU, 0.001s wall-clock]
Normalizing Datalog program...
Trivial rules: Converted to facts.
Normalizing Datalog program: [0.010s CPU, 0.009s wall-clock]
Preparing model... [0.000s CPU, 0.003s wall-clock]
Generated 193 rules.
Computing model... [0.030s CPU, 0.035s wall-clock]
505 relevant atoms
2304 auxiliary atoms
2809 final queue length
4653 total queue pushes
Completing instantiation... [0.240s CPU, 0.236s wall-clock]
Instantiating: [0.280s CPU, 0.285s wall-clock]
Computing fact groups...
Finding invariants...
68 initial candidates
Finding invariants: [0.010s CPU, 0.008s wall-clock]
Checking invariant weight... [0.000s CPU, 0.000s wall-clock]
Instantiating groups... [0.000s CPU, 0.000s wall-clock]
Collecting mutex groups... [0.000s CPU, 0.000s wall-clock]
Choosing groups...
480 uncovered facts
Choosing groups: [0.000s CPU, 0.000s wall-clock]
Building translation key... [0.000s CPU, 0.002s wall-clock]
Computing fact groups: [0.010s CPU, 0.015s wall-clock]
Building STRIPS to SAS dictionary... [0.000s CPU, 0.001s wall-clock]
Building dictionary for full mutex groups... [0.000s CPU, 0.001s wall-clock]
Building mutex information...
Building mutex information: [0.010s CPU, 0.001s wall-clock]
Translating task...
Processing axioms...
Simplifying axioms... [0.000s CPU, 0.000s wall-clock]
Processing axioms: [0.000s CPU, 0.003s wall-clock]
Translating task: [0.090s CPU, 0.093s wall-clock]
0 implied effects removed
2304 effect conditions simplified
0 implied preconditions added
Detecting unreachable propositions...
0 operators removed
0 propositions removed
Detecting unreachable propositions: [0.010s CPU, 0.014s wall-clock]
Translator variables: 480
Translator derived variables: 0
Translator facts: 960
Translator mutex groups: 0
Translator total mutex groups size: 0
Translator operators: 12
Translator task size: 10688
Translator peak memory: 34512 KB
Writing output... [0.010s CPU, 0.012s wall-clock]
Done! [0.440s CPU, 0.442s wall-clock]

2. Running preprocessor
Building causal graph...
The causal graph is not acyclic.
480 variables of 480 necessary
0 of 0 mutex groups necessary.
12 of 12 operators necessary.
0 of 0 axiom rules necessary.
Initializing mutex computation...
Mutex computation initialized with 960 fluents.
iteration for mutex detection and operator pruning
Initialize m_index fw
Initialized mvalues forward: reached=230400, notReached=690240, spurious=960
Initialize m_ops fw
Computing mutexes...
Mutex computation finished with reached=920640, notReached=0, spurious=960
0 operators are spurious because were not triggered
H^2 mutexes added fw: 0, unreachable: 0
0 of 12 operators detected as spurious
Total mutex and disambiguation time: 0.052634
0 of 0 mutex groups necessary.
12 of 12 operators necessary.
0 of 0 axiom rules necessary.
Change id of operators: 12
Change id of axioms: 0
Change id of mutexes
Change id of goals
Change id of initial state
Remove unreachable facts from variables: 480
0 of 0 mutex groups necessary.
12 of 12 operators necessary.
0 of 0 axiom rules necessary.
Updating causal graph and pruning unnecessary facts
480 variables of 480 of 480 necessary
The causal graph is not acyclic.
0 of 0 mutex groups necessary.
12 of 12 operators necessary.
0 of 0 axiom rules necessary.
Ordering: 480
previous variable order: var207 - var231 - var263 - var279 - var327 - var311 - var399 - var255 - var423 - var239 - var215 - var359 - var287 - var303 - var431 - var407 - var471 - var383 - var447 - var455 - var335 - var375 - var479 - var351 - var206 - var230 - var259 - var278 - var326 - var307 - var398 - var350 - var422 - var235 - var331 - var355 - var283 - var374 - var427 - var475 - var470 - var379 - var446 - var451 - var211 - var302 - var403 - var254 - var203 - var227 - var262 - var275 - var323 - var310 - var395 - var251 - var419 - var347 - var238 - var214 - var334 - var286 - var358 - var299 - var382 - var467 - var443 - var430 - var406 - var454 - var478 - var371 - var202 - var226 - var258 - var274 - var322 - var306 - var394 - var250 - var418 - var346 - var234 - var210 - var330 - var282 - var354 - var370 - var378 - var466 - var442 - var426 - var474 - var450 - var402 - var298 - var199 - var223 - var261 - var271 - var319 - var309 - var391 - var247 - var415 - var343 - var237 - var213 - var333 - var285 - var357 - var295 - var367 - var439 - var463 - var381 - var429 - var405 - var453 - var477 - var198 - var222 - var257 - var270 - var318 - var305 - var390 - var246 - var414 - var342 - var233 - var209 - var329 - var281 - var353 - var294 - var366 - var438 - var462 - var377 - var425 - var473 - var449 - var401 - var197 - var221 - var253 - var269 - var317 - var301 - var389 - var245 - var413 - var341 - var229 - var205 - var325 - var277 - var349 - var293 - var365 - var437 - var461 - var373 - var397 - var445 - var469 - var421 - var196 - var220 - var249 - var268 - var316 - var297 - var388 - var244 - var412 - var340 - var225 - var201 - var321 - var273 - var345 - var292 - var364 - var436 - var460 - var369 - var417 - var393 - var465 - var441 - var195 - var219 - var260 - var267 - var315 - var308 - var387 - var243 - var411 - var339 - var236 - var212 - var356 - var284 - var291 - var428 - var404 - var459 - var380 - var435 - var452 - var476 - var363 - var332 - var194 - var218 - var256 - var266 - var314 - var304 - var386 - var242 - var410 - var338 - var232 - var328 - var352 - var280 - var362 - var424 - var472 - var458 - var376 - var434 - var448 - var400 - var290 - var208 - var193 - var217 - var252 - var265 - var313 - var300 - var385 - var241 - var409 - var337 - var420 - var348 - var396 - var468 - var444 - var457 - var372 - var289 - var433 - var361 - var276 - var204 - var324 - var228 - var192 - var216 - var248 - var264 - var312 - var296 - var384 - var240 - var408 - var336 - var224 - var200 - var320 - var344 - var288 - var360 - var432 - var456 - var416 - var392 - var464 - var440 - var368 - var272 - var7 - var35 - var45 - var94 - var129 - var52 - var100 - var172 - var9 - var81 - var22 - var28 - var59 - var79 - var69 - var153 - var117 - var127 - var151 - var189 - var166 - var107 - var142 - var179 - var6 - var38 - var41 - var91 - var133 - var53 - var101 - var173 - var13 - var85 - var19 - var29 - var62 - var78 - var65 - var157 - var113 - var126 - var150 - var185 - var163 - var182 - var139 - var110 - var5 - var37 - var47 - var87 - var141 - var55 - var103 - var175 - var21 - var93 - var15 - var31 - var61 - var77 - var71 - var165 - var109 - var125 - var149 - var181 - var119 - var135 - var191 - var159 - var4 - var33 - var42 - var82 - var137 - var54 - var102 - var174 - var17 - var89 - var10 - var30 - var57 - var76 - var66 - var161 - var105 - var124 - var148 - var177 - var154 - var114 - var186 - var130 - var3 - var39 - var44 - var95 - var132 - var49 - var97 - var169 - var12 - var84 - var23 - var25 - var68 - var75 - var116 - var123 - var167 - var111 - var183 - var143 - var156 - var188 - var147 - var63 - var2 - var40 - var48 - var8 - var90 - var106 - var58 - var138 - var162 - var74 - var24 - var64 - var168 - var152 - var178 - var80 - var184 - var122 - var146 - var96 - var112 - var18 - var128 - var34 - var1 - var36 - var43 - var86 - var136 - var50 - var98 - var170 - var16 - var88 - var134 - var26 - var115 - var121 - var180 - var160 - var187 - var73 - var145 - var67 - var158 - var60 - var108 - var14 - var0 - var32 - var46 - var140 - var99 - var11 - var131 - var56 - var104 - var27 - var20 - var72 - var92 - var190 - var120 - var118 - var155 - var51 - var171 - var144 - var164 - var70 - var176 - var83 - : 3.23557e+09
New value: 2.0923e+09
New value: 2.08075e+09
New value: 2.08029e+09
new variable order: var338 - var339 - var349 - var351 - var353 - var358 - var340 - var343 - var359 - var337 - var345 - var355 - var350 - var354 - var357 - var347 - var341 - var352 - var413 - var356 - var346 - var336 - var417 - var348 - var427 - var420 - var342 - var344 - var408 - var411 - var424 - var426 - var425 - var412 - var409 - var419 - var421 - var423 - var410 - var414 - var415 - var418 - var416 - var430 - var225 - var422 - var429 - var221 - var431 - var238 - var232 - var428 - var218 - var236 - var231 - var229 - var237 - var219 - var222 - var220 - var227 - var239 - var217 - var228 - var224 - var223 - var233 - var216 - var226 - var247 - var230 - var241 - var260 - var235 - var262 - var251 - var244 - var243 - var234 - var249 - var261 - var250 - var256 - var245 - var252 - var259 - var258 - var253 - var246 - var263 - var240 - var242 - var457 - var248 - var456 - var477 - var255 - var257 - var254 - var471 - var479 - var146 - var165 - var155 - var160 - var164 - var156 - var150 - var149 - var461 - var152 - var158 - var163 - var144 - var151 - var145 - var147 - var153 - var162 - var159 - var157 - var161 - var154 - var166 - var148 - var476 - var459 - var474 - var468 - var460 - var478 - var469 - var167 - var470 - var462 - var465 - var458 - var464 - var57 - var475 - var467 - var463 - var472 - var54 - var66 - var56 - var58 - var473 - var53 - var466 - var48 - var62 - var60 - var59 - var69 - var65 - var70 - var63 - var71 - var51 - var55 - var64 - var49 - var68 - var52 - var97 - var115 - var110 - var50 - var61 - var113 - var106 - var67 - var117 - var96 - var119 - var101 - var112 - var111 - var114 - var103 - var108 - var100 - var109 - var98 - var104 - var105 - var102 - var107 - var16 - var99 - var116 - var118 - var0 - var8 - var6 - var9 - var18 - var11 - var13 - var2 - var23 - var10 - var17 - var15 - var14 - var3 - var4 - var1 - var19 - var20 - var21 - var315 - var7 - var329 - var328 - var22 - var12 - var5 - var317 - var330 - var326 - var335 - var322 - var321 - var316 - var332 - var319 - var323 - var324 - var334 - var331 - var333 - var384 - var327 - var312 - var325 - var314 - var320 - var313 - var389 - var403 - var390 - var407 - var318 - var391 - var397 - var401 - var392 - var386 - var399 - var400 - var396 - var393 - var394 - var398 - var405 - var395 - var385 - var168 - var404 - var387 - var181 - var388 - var406 - var175 - var171 - var186 - var180 - var402 - var183 - var190 - var173 - var176 - var187 - var169 - var182 - var91 - var188 - var185 - var178 - var177 - var179 - var174 - var170 - var189 - var172 - var85 - var191 - var84 - var95 - var184 - var77 - var90 - var82 - var80 - var76 - var74 - var79 - var81 - var73 - var88 - var138 - var83 - var72 - var94 - var86 - var89 - var93 - var133 - var92 - var78 - var134 - var75 - var132 - var129 - var141 - var87 - var121 - var128 - var123 - var136 - var126 - var140 - var143 - var120 - var124 - var127 - var125 - var142 - var139 - var135 - var130 - var131 - var204 - var122 - var137 - var194 - var203 - var206 - var197 - var196 - var201 - var210 - var207 - var31 - var198 - var212 - var195 - var199 - var200 - var215 - var209 - var205 - var41 - var26 - var40 - var28 - var24 - var46 - var38 - var33 - var47 - var39 - var37 - var29 - var27 - var36 - var43 - var44 - var42 - var30 - var45 - var25 - var213 - var35 - var193 - var34 - var208 - var202 - var32 - var211 - var192 - var376 - var381 - var374 - var214 - var382 - var373 - var371 - var372 - var379 - var362 - var375 - var380 - var378 - var360 - var366 - var361 - var368 - var383 - var365 - var377 - var452 - var443 - var369 - var450 - var445 - var367 - var364 - var370 - var438 - var453 - var447 - var436 - var437 - var451 - var448 - var439 - var434 - var363 - var440 - var455 - var432 - var435 - var433 - var454 - var444 - var441 - var449 - var287 - var446 - var442 - var269 - var270 - var266 - var272 - var284 - var274 - var268 - var277 - var278 - var275 - var283 - var267 - var282 - var281 - var280 - var273 - var303 - var265 - var286 - var285 - var276 - var279 - var271 - var264 - var308 - var298 - var299 - var310 - var305 - var307 - var293 - var311 - var290 - var297 - var296 - var306 - var304 - var302 - var291 - var292 - var295 - var309 - var294 - var288 - var301 - var300 - var289 - : 2.08029e+09
Building domain transition graphs...
solveable in poly time 0
Building successor generator...
Preprocessor facts: 960
Preprocessor derived variables: 0
Preprocessor task size: 10688
Writing output...
Number of vars: 480
weighted 480
done


3. Running search
Dispatcher selected state size 1.
This is a unit task.
Simplifying transitions... done!
Mutex type changed to mutex_and because the domain has conditional effects
  Max num abstractions: 100
   Abs TRs Strategy: ind_tr_shrink
   PH time: 500, memory: 3e+09
   Relax time: 10000, nodes: 100000000
   Ratio relax time: 0.75, nodes: 0.75
   Perimeter Abstractions: yes
   Relax dir: bd
   ShouldAbstract ratio: 0
CUDD Init: nodes=16000000 cache=16000000 max_memory=0
TR(time=60000, nodes=100000)
Mutex(time=60000, nodes=100000, type=and)
Disj(nodes=2147483647)
Estimation: min_time(1000) time_penalty +(1000)*(2) nodes_penalty +(1000)*(2)
Pop(time=2000, nodes=1000000)
MaxStep(time=30000, nodes=10000000)
Ratio useful: 0
   Min alloted time: 60000 nodes: 10000000
   Max alloted time: 60000 nodes: 15000000
   Mult alloted time: 2 nodes: 2
   Ratio after relax: 0.8
Mutex type changed to mutex_and because the domain has conditional effects
  Max num abstractions: 100
   Abs TRs Strategy: ind_tr_shrink
   PH time: 500, memory: 3e+09
   Relax time: 10000, nodes: 100000000
   Ratio relax time: 0.75, nodes: 0.75
   Perimeter Abstractions: yes
   Relax dir: bd
   ShouldAbstract ratio: 0
CUDD Init: nodes=16000000 cache=16000000 max_memory=0
TR(time=60000, nodes=100000)
Mutex(time=60000, nodes=100000, type=and)
Disj(nodes=2147483647)
Estimation: min_time(1000) time_penalty +(1000)*(2) nodes_penalty +(1000)*(2)
Pop(time=2000, nodes=1000000)
MaxStep(time=30000, nodes=10000000)
Ratio useful: 0
   Min alloted time: 60000 nodes: 10000000
   Max alloted time: 60000 nodes: 15000000
   Mult alloted time: 2 nodes: 2
   Ratio after relax: 0.8
Mutex type changed to mutex_and because the domain has conditional effects
  Max num abstractions: 100
   Abs TRs Strategy: ind_tr_shrink
   PH time: 500, memory: 3e+09
   Relax time: 10000, nodes: 100000000
   Ratio relax time: 0.75, nodes: 0.75
   Perimeter Abstractions: yes
   Relax dir: bd
   ShouldAbstract ratio: 0
CUDD Init: nodes=16000000 cache=16000000 max_memory=0
TR(time=60000, nodes=100000)
Mutex(time=60000, nodes=100000, type=and)
Disj(nodes=2147483647)
Estimation: min_time(1000) time_penalty +(1000)*(2) nodes_penalty +(1000)*(2)
Pop(time=2000, nodes=1000000)
MaxStep(time=30000, nodes=10000000)
Ratio useful: 0
   Min alloted time: 60000 nodes: 10000000
   Max alloted time: 60000 nodes: 15000000
   Mult alloted time: 2 nodes: 2
   Ratio after relax: 0.8
Mutex type changed to mutex_and because the domain has conditional effects
Initializing Symbolic Variables
Num variables: 480 => 480
Initialize Symbolic Manager(960, 16666, 16000000, 0)
Generating binary variables
Generating predicate BDDs
Symbolic Variables... Done.
CUDD Init: nodes=16000000 cache=16000000 max_memory=0
TR(time=60000, nodes=100000)
Mutex(time=60000, nodes=100000, type=and)
Disj(nodes=2147483647)
Estimation: min_time(1000) time_penalty +(1000)*(2) nodes_penalty +(1000)*(2)
Pop(time=2000, nodes=1000000)
MaxStep(time=45000, nodes=10000000)
Ratio useful: 0
   Min alloted time: 60000 nodes: 10000000
   Max alloted time: 60000 nodes: 15000000
   Mult alloted time: 2 nodes: 2
   Ratio after relax: 0.8
SymBA* 
   Search dir: bd
   Time force original: 1500 seconds
Conducting symbolic search Operator cost: 0 (real) bound = 2147483647
Initialize abstraction hierarchy
Mutex BDD BW Size(100000):
Mutex BDD FW Size(100000):
Peak memory: 4188372 KB
Image nick: ipc2014-opt-symba1
Configs: ['default']
Plan file: /home/vidusha/intelligent_systems/planners/hapori-miplan/solutions/rubiks_cube/p13_sol.txt
Run image config default
Calling planner: ['/planner/planners/ipc2014-opt-symba1/plan', 'seq-opt-symba-1', '/home/vidusha/intelligent_systems/planners/hapori-miplan/domains/rubiks_cube_domain.pddl', '/home/vidusha/intelligent_systems/planners/hapori-miplan/problems/rubiks_cube_temp/p13.pddl', '/home/vidusha/intelligent_systems/planners/hapori-miplan/solutions/rubiks_cube/p13_sol.txt']
Found plan file(s): []
exitcode: 99

remaining time: 884.26
config 2: relative time 158, remaining time 321, absolute time 435
args: ['/usr/bin/python3', '/planner/plan.py', 'ipc2018-opt-metis', 'domains/rubiks_cube_domain.pddl', 'problems/rubiks_cube_temp/p13.pddl', 'solutions/rubiks_cube/p13_sol.txt', '--config', 'metis2']
INFO     search stdin: None
INFO     search time limit: 435s
INFO     search memory limit: None
INFO     search command line string: /usr/bin/python3 /planner/plan.py ipc2018-opt-metis domains/rubiks_cube_domain.pddl problems/rubiks_cube_temp/p13.pddl solutions/rubiks_cube/p13_sol.txt --config metis2
INFO     Running translator.
INFO     translator input: ['/home/vidusha/intelligent_systems/planners/hapori-miplan/domains/rubiks_cube_domain.pddl', '/home/vidusha/intelligent_systems/planners/hapori-miplan/problems/rubiks_cube_temp/p13.pddl']
INFO     translator arguments: []
INFO     translator time limit: 434.98s
INFO     translator memory limit: None
INFO     callstring: /usr/bin/python2 /planner/planners/ipc2018-opt-metis/builds/release64/bin/translate/translate.py /home/vidusha/intelligent_systems/planners/hapori-miplan/domains/rubiks_cube_domain.pddl /home/vidusha/intelligent_systems/planners/hapori-miplan/problems/rubiks_cube_temp/p13.pddl
time limit 434.98 -> (435, 436)
Parsing...
Parsing: [0.010s CPU, 0.013s wall-clock]
Normalizing task... [0.000s CPU, 0.001s wall-clock]
Instantiating...
Generating Datalog program... [0.000s CPU, 0.001s wall-clock]
Normalizing Datalog program...
Trivial rules: Converted to facts.
Normalizing Datalog program: [0.000s CPU, 0.005s wall-clock]
Preparing model... [0.000s CPU, 0.002s wall-clock]
Generated 193 rules.
Computing model... [0.020s CPU, 0.019s wall-clock]
505 relevant atoms
2304 auxiliary atoms
2809 final queue length
4653 total queue pushes
Completing instantiation... [0.180s CPU, 0.176s wall-clock]
Instantiating: [0.200s CPU, 0.204s wall-clock]
Computing fact groups...
Finding invariants...
68 initial candidates
Finding invariants: [0.000s CPU, 0.007s wall-clock]
Checking invariant weight... [0.000s CPU, 0.000s wall-clock]
Instantiating groups... [0.000s CPU, 0.000s wall-clock]
Collecting mutex groups... [0.000s CPU, 0.000s wall-clock]
Choosing groups...
480 uncovered facts
Choosing groups: [0.000s CPU, 0.000s wall-clock]
Building translation key... [0.000s CPU, 0.003s wall-clock]
Computing fact groups: [0.010s CPU, 0.014s wall-clock]
Building STRIPS to SAS dictionary... [0.000s CPU, 0.001s wall-clock]
Building dictionary for full mutex groups... [0.000s CPU, 0.001s wall-clock]
Building mutex information...
Building mutex information: [0.000s CPU, 0.001s wall-clock]
Translating task...
Processing axioms...
Simplifying axioms... [0.000s CPU, 0.000s wall-clock]
Processing axioms: [0.010s CPU, 0.002s wall-clock]
Translating task: [0.090s CPU, 0.086s wall-clock]
0 effect conditions simplified
0 implied preconditions added
Detecting unreachable propositions...
0 operators removed
0 axioms removed
0 propositions removed
Detecting unreachable propositions: [0.030s CPU, 0.027s wall-clock]
Reordering and filtering variables...
480 of 480 variables necessary.
0 of 0 mutex groups necessary.
12 of 12 operators necessary.
0 of 0 axiom rules necessary.
Reordering and filtering variables: [0.010s CPU, 0.015s wall-clock]
Translator variables: 480
Translator derived variables: 0
Translator facts: 960
Translator goal facts: 20
Translator mutex groups: 0
Translator total mutex groups size: 0
Translator operators: 12
Translator axioms: 0
Translator task size: 10688
Translator peak memory: 34264 KB
Writing output... [0.000s CPU, 0.012s wall-clock]
Done! [0.360s CPU, 0.378s wall-clock]
INFO     Run task transformation (/planner/planners/ipc2018-opt-metis/builds/release64/bin/preprocess).
INFO     callstring: /planner/planners/ipc2018-opt-metis/builds/release64/bin/preprocess < output.sas
Building causal graph...
The causal graph is not acyclic.
480 variables of 480 necessary
0 of 0 mutex groups necessary.
12 of 12 operators necessary.
0 of 0 axiom rules necessary.
Initializing mutex computation...
Mutex computation initialized with 960 fluents.
iteration for mutex detection and operator pruning
Initialize m_index fw
Initialized mvalues forward: reached=230400, notReached=690240, spurious=960
Initialize m_ops fw
Computing mutexes...
Mutex computation finished with reached=920640, notReached=0, spurious=960
0 operators are spurious because were not triggered
H^2 mutexes added fw: 0, unreachable: 0
0 of 12 operators detected as spurious
Total mutex and disambiguation time: 0.04909 iterations: 2
0 of 0 mutex groups necessary.
12 of 12 operators necessary.
0 of 0 axiom rules necessary.
Change id of operators: 12
Change id of mutexes
Change id of goals
Change id of initial state
Remove unreachable facts from variables: 480
0 of 0 mutex groups necessary.
12 of 12 operators necessary.
0 of 0 axiom rules necessary.
Updating causal graph and pruning unnecessary facts
480 variables of 480 of 480 necessary
The causal graph is not acyclic.
480 variables of 480 necessary
0 of 0 mutex groups necessary.
12 of 12 operators necessary.
0 of 0 axiom rules necessary.
Building domain transition graphs...
solveable in poly time 0
Building successor generator...
Preprocessor variables: 480
Preprocessor facts: 960
Preprocessor derived variables: 0
Preprocessor operators: 12
Preprocessor mutex groups: 0
Preprocessor task size: 10688
Writing output...
done
INFO     Running search (release64).
INFO     search input: output.sas
INFO     search arguments: ['--symmetries', 'sym=structural_symmetries(search_symmetries=dks)', '--search', 'astar(max([celmcut,lmcount(lm_factory=lm_merged([lm_rhw,lm_hm(m=1)]),admissible=true,transform=multiply_out_conditional_effects)]),symmetries=sym,pruning=stubborn_sets_simple(minimum_pruning_ratio=0.01),num_por_probes=1000)']
INFO     search time limit: 434.43s
INFO     search memory limit: None
INFO     search executable: /planner/planners/ipc2018-opt-metis/builds/release64/bin/downward
INFO     callstring: /planner/planners/ipc2018-opt-metis/builds/release64/bin/downward --symmetries 'sym=structural_symmetries(search_symmetries=dks)' --search 'astar(max([celmcut,lmcount(lm_factory=lm_merged([lm_rhw,lm_hm(m=1)]),admissible=true,transform=multiply_out_conditional_effects)]),symmetries=sym,pruning=stubborn_sets_simple(minimum_pruning_ratio=0.01),num_por_probes=1000)' --internal-plan-file /home/vidusha/intelligent_systems/planners/hapori-miplan/solutions/rubiks_cube/p13_sol.txt < output.sas
time limit 434.43 -> (435, 436)
reading input... [t=0.000144757s]
done reading input! [t=0.00469039s]
packing state variables...done! [t=0.00473336s]
Variables: 480
FactPairs: 960
Bytes per state: 60
Building successor generator...done! [t=0.00480516s]
peak memory difference for root successor generator creation: 0 KB
time for root successor generation creation: 0s
done initializing global data [t=0.00508727s]
Initializing landmark cut heuristic...
Command '['/planner/planners/ipc2018-opt-metis/builds/release64/bin/downward', '--symmetries', 'sym=structural_symmetries(search_symmetries=dks)', '--search', 'astar(max([celmcut,lmcount(lm_factory=lm_merged([lm_rhw,lm_hm(m=1)]),admissible=true,transform=multiply_out_conditional_effects)]),symmetries=sym,pruning=stubborn_sets_simple(minimum_pruning_ratio=0.01),num_por_probes=1000)', '--internal-plan-file', '/home/vidusha/intelligent_systems/planners/hapori-miplan/solutions/rubiks_cube/p13_sol.txt']' returned non-zero exit status -9
Image nick: ipc2018-opt-metis
Configs: ['metis2']
Plan file: /home/vidusha/intelligent_systems/planners/hapori-miplan/solutions/rubiks_cube/p13_sol.txt
Run image config metis2
Calling planner: ['python2', '/planner/planners/ipc2018-opt-metis/fast-downward.py', '--build=release64', '--plan-file', '/home/vidusha/intelligent_systems/planners/hapori-miplan/solutions/rubiks_cube/p13_sol.txt', '--transform-task', '/planner/planners/ipc2018-opt-metis/builds/release64/bin/preprocess', '--overall-time-limit', '30m', '/home/vidusha/intelligent_systems/planners/hapori-miplan/domains/rubiks_cube_domain.pddl', '/home/vidusha/intelligent_systems/planners/hapori-miplan/problems/rubiks_cube_temp/p13.pddl', '--symmetries', 'sym=structural_symmetries(search_symmetries=dks)', '--search', 'astar(max([celmcut,lmcount(lm_factory=lm_merged([lm_rhw,lm_hm(m=1)]),admissible=true,transform=multiply_out_conditional_effects)]),symmetries=sym,pruning=stubborn_sets_simple(minimum_pruning_ratio=0.01),num_por_probes=1000)']
Found plan file(s): []
exitcode: 99

remaining time: 845.3199999999999
config 3: relative time 89, remaining time 163, absolute time 461
args: ['/usr/bin/python3', '/planner/plan.py', 'ipc2018-decstar', 'domains/rubiks_cube_domain.pddl', 'problems/rubiks_cube_temp/p13.pddl', 'solutions/rubiks_cube/p13_sol.txt', '--config', 'opt-config06']
INFO     search stdin: None
INFO     search time limit: 461s
INFO     search memory limit: None
INFO     search command line string: /usr/bin/python3 /planner/plan.py ipc2018-decstar domains/rubiks_cube_domain.pddl problems/rubiks_cube_temp/p13.pddl solutions/rubiks_cube/p13_sol.txt --config opt-config06
INFO     Running translator.
INFO     translator inputs: ['/home/vidusha/intelligent_systems/planners/hapori-miplan/domains/rubiks_cube_domain.pddl', '/home/vidusha/intelligent_systems/planners/hapori-miplan/problems/rubiks_cube_temp/p13.pddl']
INFO     translator arguments: []
Parsing...
Parsing: [0.010s CPU, 0.010s wall-clock]
Normalizing task... [0.000s CPU, 0.001s wall-clock]
Instantiating...
Generating Datalog program... [0.000s CPU, 0.001s wall-clock]
Normalizing Datalog program...
Trivial rules: Converted to facts.
Normalizing Datalog program: [0.000s CPU, 0.005s wall-clock]
Preparing model... [0.000s CPU, 0.003s wall-clock]
Generated 193 rules.
Computing model... [0.030s CPU, 0.024s wall-clock]
505 relevant atoms
2304 auxiliary atoms
2809 final queue length
4653 total queue pushes
Completing instantiation... [0.180s CPU, 0.182s wall-clock]
Instantiating: [0.210s CPU, 0.216s wall-clock]
Computing fact groups...
Finding invariants...
68 initial candidates
Finding invariants: [0.010s CPU, 0.007s wall-clock]
Checking invariant weight... [0.000s CPU, 0.000s wall-clock]
Instantiating groups... [0.000s CPU, 0.000s wall-clock]
Collecting mutex groups... [0.000s CPU, 0.000s wall-clock]
Choosing groups...
480 uncovered facts
Choosing groups: [0.000s CPU, 0.000s wall-clock]
Building translation key... [0.000s CPU, 0.002s wall-clock]
Computing fact groups: [0.020s CPU, 0.015s wall-clock]
Building STRIPS to SAS dictionary... [0.000s CPU, 0.001s wall-clock]
Building dictionary for full mutex groups... [0.000s CPU, 0.001s wall-clock]
Building mutex information...
Building mutex information: [0.000s CPU, 0.001s wall-clock]
Translating task...
Processing axioms...
Simplifying axioms... [0.000s CPU, 0.000s wall-clock]
Processing axioms: [0.000s CPU, 0.003s wall-clock]
Translating task: [0.090s CPU, 0.092s wall-clock]
2304 effect conditions simplified
0 implied preconditions added
Detecting unreachable propositions...
0 operators removed
0 propositions removed
Detecting unreachable propositions: [0.020s CPU, 0.014s wall-clock]
Translator variables: 480
Translator derived variables: 0
Translator facts: 960
Translator goal facts: 20
Translator mutex groups: 0
Translator total mutex groups size: 0
Translator operators: 12
Translator axioms: 0
Translator task size: 10688
Translator peak memory: 34796 KB
Writing output... [0.010s CPU, 0.011s wall-clock]
Done! [0.360s CPU, 0.366s wall-clock]
INFO     Running preprocessor.
INFO     preprocessor input: output.sas
INFO     preprocessor arguments: ['--h2-time-limit', '120']
Building causal graph...
The causal graph is not acyclic.
480 variables of 480 necessary
0 of 0 mutex groups necessary.
12 of 12 operators necessary.
0 of 0 axiom rules necessary.
Initializing mutex computation...
Mutex computation initialized with 960 fluents.
iteration for mutex detection and operator pruning
Initialize m_index fw
Initialized mvalues forward: reached=230400, notReached=690240, spurious=960
Initialize m_ops fw
Computing mutexes...
Mutex computation finished with reached=920640, notReached=0, spurious=960
0 operators are spurious because were not triggered
H^2 mutexes added fw: 0, unreachable: 0
0 of 12 operators detected as spurious
Total mutex and disambiguation time: 0.043201 iterations: 2
0 of 0 mutex groups necessary.
12 of 12 operators necessary.
0 of 0 axiom rules necessary.
Change id of operators: 12
Change id of mutexes
Change id of goals
Change id of initial state
Remove unreachable facts from variables: 480
0 of 0 mutex groups necessary.
12 of 12 operators necessary.
0 of 0 axiom rules necessary.
Updating causal graph and pruning unnecessary facts
480 variables of 480 of 480 necessary
The causal graph is not acyclic.
480 variables of 480 necessary
0 of 0 mutex groups necessary.
12 of 12 operators necessary.
0 of 0 axiom rules necessary.
Building domain transition graphs...
solveable in poly time 0
Building successor generator...
Preprocessor variables: 480
Preprocessor facts: 960
Preprocessor derived variables: 0
Preprocessor operators: 12
Preprocessor mutex groups: 0
Preprocessor task size: 10688
Writing output...
done
INFO     Running search.
INFO     search input: output
INFO     search executable: /planner/planners/ipc2018-decstar/src/search/downward-release
INFO     search arguments: ['--search', 'astar(blind)', '--internal-plan-file', '/home/vidusha/intelligent_systems/planners/hapori-miplan/solutions/rubiks_cube/p13_sol.txt']
reading input... [t=0s]
Simplifying transitions... done!
done reading input! [t=0.03s]
building causal graph...done! [t=0.12s]
Variables: 480
Bytes per state: 60
done! [t=0.12s]
done initalizing global data [t=0.12s]
Conducting best first search with reopening closed nodes, (real) bound = 2147483647
Initializing blind search heuristic...
f = 1 [1 evaluated, 0 expanded, t=0.12s, 28188 KB]
Best heuristic value: 1 [g=0, 1 evaluated, 0 expanded, t=0.12s, 28188 KB]
f = 2 [13 evaluated, 1 expanded, t=0.12s, 28188 KB]
f = 3 [127 evaluated, 13 expanded, t=0.12s, 28188 KB]
f = 4 [1195 evaluated, 127 expanded, t=0.13s, 28188 KB]
f = 5 [11206 evaluated, 1195 expanded, t=0.16s, 28188 KB]
f = 6 [105046 evaluated, 11206 expanded, t=0.47s, 28188 KB]
f = 7 [983926 evaluated, 105046 expanded, t=3.63s, 147060 KB]
f = 8 [9205558 evaluated, 983926 expanded, t=35.64s, 1293340 KB]
Command '['/planner/planners/ipc2018-decstar/src/search/downward-release', '--search', 'astar(blind)', '--internal-plan-file', '/home/vidusha/intelligent_systems/planners/hapori-miplan/solutions/rubiks_cube/p13_sol.txt']' returned non-zero exit status -9
Image nick: ipc2018-decstar
Configs: ['opt-config06']
Plan file: /home/vidusha/intelligent_systems/planners/hapori-miplan/solutions/rubiks_cube/p13_sol.txt
Run image config opt-config06
Calling planner: ['python2', '/planner/planners/ipc2018-decstar/src/fast-downward.py', '--plan-file', '/home/vidusha/intelligent_systems/planners/hapori-miplan/solutions/rubiks_cube/p13_sol.txt', '/home/vidusha/intelligent_systems/planners/hapori-miplan/domains/rubiks_cube_domain.pddl', '/home/vidusha/intelligent_systems/planners/hapori-miplan/problems/rubiks_cube_temp/p13.pddl', '--preprocess-options', '--h2-time-limit', '120', '--search-options', '--search', 'astar(blind)']
Found plan file(s): []
exitcode: 99

remaining time: 670.01
config 4: relative time 27, remaining time 74, absolute time 244
args: ['/usr/bin/python3', '/planner/plan.py', 'ipc2018-decstar', 'domains/rubiks_cube_domain.pddl', 'problems/rubiks_cube_temp/p13.pddl', 'solutions/rubiks_cube/p13_sol.txt', '--config', 'opt-config00']
INFO     search stdin: None
INFO     search time limit: 244s
INFO     search memory limit: None
INFO     search command line string: /usr/bin/python3 /planner/plan.py ipc2018-decstar domains/rubiks_cube_domain.pddl problems/rubiks_cube_temp/p13.pddl solutions/rubiks_cube/p13_sol.txt --config opt-config00
INFO     Running translator.
INFO     translator inputs: ['/home/vidusha/intelligent_systems/planners/hapori-miplan/domains/rubiks_cube_domain.pddl', '/home/vidusha/intelligent_systems/planners/hapori-miplan/problems/rubiks_cube_temp/p13.pddl']
INFO     translator arguments: []
Parsing...
Parsing: [0.000s CPU, 0.011s wall-clock]
Normalizing task... [0.010s CPU, 0.001s wall-clock]
Instantiating...
Generating Datalog program... [0.000s CPU, 0.001s wall-clock]
Normalizing Datalog program...
Trivial rules: Converted to facts.
Normalizing Datalog program: [0.010s CPU, 0.008s wall-clock]
Preparing model... [0.000s CPU, 0.004s wall-clock]
Generated 193 rules.
Computing model... [0.040s CPU, 0.034s wall-clock]
505 relevant atoms
2304 auxiliary atoms
2809 final queue length
4653 total queue pushes
Completing instantiation... [0.260s CPU, 0.278s wall-clock]
Instantiating: [0.310s CPU, 0.326s wall-clock]
Computing fact groups...
Finding invariants...
68 initial candidates
Finding invariants: [0.010s CPU, 0.009s wall-clock]
Checking invariant weight... [0.000s CPU, 0.000s wall-clock]
Instantiating groups... [0.000s CPU, 0.000s wall-clock]
Collecting mutex groups... [0.000s CPU, 0.000s wall-clock]
Choosing groups...
480 uncovered facts
Choosing groups: [0.000s CPU, 0.000s wall-clock]
Building translation key... [0.000s CPU, 0.002s wall-clock]
Computing fact groups: [0.020s CPU, 0.016s wall-clock]
Building STRIPS to SAS dictionary... [0.000s CPU, 0.001s wall-clock]
Building dictionary for full mutex groups... [0.000s CPU, 0.001s wall-clock]
Building mutex information...
Building mutex information: [0.000s CPU, 0.001s wall-clock]
Translating task...
Processing axioms...
Simplifying axioms... [0.000s CPU, 0.000s wall-clock]
Processing axioms: [0.010s CPU, 0.003s wall-clock]
Translating task: [0.100s CPU, 0.100s wall-clock]
2304 effect conditions simplified
0 implied preconditions added
Detecting unreachable propositions...
0 operators removed
0 propositions removed
Detecting unreachable propositions: [0.020s CPU, 0.015s wall-clock]
Translator variables: 480
Translator derived variables: 0
Translator facts: 960
Translator goal facts: 20
Translator mutex groups: 0
Translator total mutex groups size: 0
Translator operators: 12
Translator axioms: 0
Translator task size: 10688
Translator peak memory: 34796 KB
Writing output... [0.010s CPU, 0.012s wall-clock]
Done! [0.470s CPU, 0.489s wall-clock]
INFO     Running preprocessor.
INFO     preprocessor input: output.sas
INFO     preprocessor arguments: ['--h2-time-limit', '120']
Building causal graph...
The causal graph is not acyclic.
480 variables of 480 necessary
0 of 0 mutex groups necessary.
12 of 12 operators necessary.
0 of 0 axiom rules necessary.
Initializing mutex computation...
Mutex computation initialized with 960 fluents.
iteration for mutex detection and operator pruning
Initialize m_index fw
Initialized mvalues forward: reached=230400, notReached=690240, spurious=960
Initialize m_ops fw
Computing mutexes...
Mutex computation finished with reached=920640, notReached=0, spurious=960
0 operators are spurious because were not triggered
H^2 mutexes added fw: 0, unreachable: 0
0 of 12 operators detected as spurious
Total mutex and disambiguation time: 0.047163 iterations: 2
0 of 0 mutex groups necessary.
12 of 12 operators necessary.
0 of 0 axiom rules necessary.
Change id of operators: 12
Change id of mutexes
Change id of goals
Change id of initial state
Remove unreachable facts from variables: 480
0 of 0 mutex groups necessary.
12 of 12 operators necessary.
0 of 0 axiom rules necessary.
Updating causal graph and pruning unnecessary facts
480 variables of 480 of 480 necessary
The causal graph is not acyclic.
480 variables of 480 necessary
0 of 0 mutex groups necessary.
12 of 12 operators necessary.
0 of 0 axiom rules necessary.
Building domain transition graphs...
solveable in poly time 0
Building successor generator...
Preprocessor variables: 480
Preprocessor facts: 960
Preprocessor derived variables: 0
Preprocessor operators: 12
Preprocessor mutex groups: 0
Preprocessor task size: 10688
Writing output...
done
INFO     Running search.
INFO     search input: output
INFO     search executable: /planner/planners/ipc2018-decstar/src/search/downward-release
INFO     search arguments: ['--decoupling', 'fork(search_type=asda, pruning=cost_frontier(irrelevance=TRANSITIONS), max_leaf_size=10000000)', '--search', 'astar(lmcut,       pruning_heuristic=lmcut(search_type=STAR),      pruning=stubborn_sets_decoupled(min_pruning_ratio=0.2, special_case_optimizations=true))', '--internal-plan-file', '/home/vidusha/intelligent_systems/planners/hapori-miplan/solutions/rubiks_cube/p13_sol.txt']
using frontier pruning method
performing irrelevance analysis in leaf factors
performing Anytime Star Decoupled A* search
maximum leaf factor size 10000000
using fork factoring profile
reading input... [t=0s]
Simplifying transitions... done!
done reading input! [t=0.02s]
building causal graph...done! [t=0.12s]
Peak memory: 28188 KB
Command '['/planner/planners/ipc2018-decstar/src/search/downward-release', '--decoupling', 'fork(search_type=asda, pruning=cost_frontier(irrelevance=TRANSITIONS), max_leaf_size=10000000)', '--search', 'astar(lmcut,       pruning_heuristic=lmcut(search_type=STAR),      pruning=stubborn_sets_decoupled(min_pruning_ratio=0.2, special_case_optimizations=true))', '--internal-plan-file', '/home/vidusha/intelligent_systems/planners/hapori-miplan/solutions/rubiks_cube/p13_sol.txt']' returned non-zero exit status 3
Image nick: ipc2018-decstar
Configs: ['opt-config00']
Plan file: /home/vidusha/intelligent_systems/planners/hapori-miplan/solutions/rubiks_cube/p13_sol.txt
Run image config opt-config00
Calling planner: ['python2', '/planner/planners/ipc2018-decstar/src/fast-downward.py', '--plan-file', '/home/vidusha/intelligent_systems/planners/hapori-miplan/solutions/rubiks_cube/p13_sol.txt', '/home/vidusha/intelligent_systems/planners/hapori-miplan/domains/rubiks_cube_domain.pddl', '/home/vidusha/intelligent_systems/planners/hapori-miplan/problems/rubiks_cube_temp/p13.pddl', '--preprocess-options', '--h2-time-limit', '120', '--search-options', '--decoupling', 'fork(search_type=asda, pruning=cost_frontier(irrelevance=TRANSITIONS), max_leaf_size=10000000)', '--search', 'astar(lmcut,       pruning_heuristic=lmcut(search_type=STAR),      pruning=stubborn_sets_decoupled(min_pruning_ratio=0.2, special_case_optimizations=true))']
Found plan file(s): []
exitcode: 99

remaining time: 669.0800000000002
config 5: relative time 17, remaining time 47, absolute time 242
args: ['/usr/bin/python3', '/planner/plan.py', 'ipc2018-decstar', 'domains/rubiks_cube_domain.pddl', 'problems/rubiks_cube_temp/p13.pddl', 'solutions/rubiks_cube/p13_sol.txt', '--config', 'opt-config01']
INFO     search stdin: None
INFO     search time limit: 242s
INFO     search memory limit: None
INFO     search command line string: /usr/bin/python3 /planner/plan.py ipc2018-decstar domains/rubiks_cube_domain.pddl problems/rubiks_cube_temp/p13.pddl solutions/rubiks_cube/p13_sol.txt --config opt-config01
INFO     Running translator.
INFO     translator inputs: ['/home/vidusha/intelligent_systems/planners/hapori-miplan/domains/rubiks_cube_domain.pddl', '/home/vidusha/intelligent_systems/planners/hapori-miplan/problems/rubiks_cube_temp/p13.pddl']
INFO     translator arguments: []
Parsing...
Parsing: [0.000s CPU, 0.009s wall-clock]
Normalizing task... [0.000s CPU, 0.001s wall-clock]
Instantiating...
Generating Datalog program... [0.010s CPU, 0.001s wall-clock]
Normalizing Datalog program...
Trivial rules: Converted to facts.
Normalizing Datalog program: [0.000s CPU, 0.004s wall-clock]
Preparing model... [0.000s CPU, 0.003s wall-clock]
Generated 193 rules.
Computing model... [0.020s CPU, 0.022s wall-clock]
505 relevant atoms
2304 auxiliary atoms
2809 final queue length
4653 total queue pushes
Completing instantiation... [0.200s CPU, 0.204s wall-clock]
Instantiating: [0.230s CPU, 0.234s wall-clock]
Computing fact groups...
Finding invariants...
68 initial candidates
Finding invariants: [0.010s CPU, 0.008s wall-clock]
Checking invariant weight... [0.000s CPU, 0.000s wall-clock]
Instantiating groups... [0.000s CPU, 0.000s wall-clock]
Collecting mutex groups... [0.000s CPU, 0.000s wall-clock]
Choosing groups...
480 uncovered facts
Choosing groups: [0.000s CPU, 0.000s wall-clock]
Building translation key... [0.000s CPU, 0.002s wall-clock]
Computing fact groups: [0.020s CPU, 0.014s wall-clock]
Building STRIPS to SAS dictionary... [0.000s CPU, 0.001s wall-clock]
Building dictionary for full mutex groups... [0.000s CPU, 0.001s wall-clock]
Building mutex information...
Building mutex information: [0.000s CPU, 0.001s wall-clock]
Translating task...
Processing axioms...
Simplifying axioms... [0.000s CPU, 0.000s wall-clock]
Processing axioms: [0.000s CPU, 0.003s wall-clock]
Translating task: [0.090s CPU, 0.087s wall-clock]
2304 effect conditions simplified
0 implied preconditions added
Detecting unreachable propositions...
0 operators removed
0 propositions removed
Detecting unreachable propositions: [0.010s CPU, 0.014s wall-clock]
Translator variables: 480
Translator derived variables: 0
Translator facts: 960
Translator goal facts: 20
Translator mutex groups: 0
Translator total mutex groups size: 0
Translator operators: 12
Translator axioms: 0
Translator task size: 10688
Translator peak memory: 34796 KB
Writing output... [0.010s CPU, 0.011s wall-clock]
Done! [0.360s CPU, 0.375s wall-clock]
INFO     Running preprocessor.
INFO     preprocessor input: output.sas
INFO     preprocessor arguments: ['--h2-time-limit', '120']
Building causal graph...
The causal graph is not acyclic.
480 variables of 480 necessary
0 of 0 mutex groups necessary.
12 of 12 operators necessary.
0 of 0 axiom rules necessary.
Initializing mutex computation...
Mutex computation initialized with 960 fluents.
iteration for mutex detection and operator pruning
Initialize m_index fw
Initialized mvalues forward: reached=230400, notReached=690240, spurious=960
Initialize m_ops fw
Computing mutexes...
Mutex computation finished with reached=920640, notReached=0, spurious=960
0 operators are spurious because were not triggered
H^2 mutexes added fw: 0, unreachable: 0
0 of 12 operators detected as spurious
Total mutex and disambiguation time: 0.044151 iterations: 2
0 of 0 mutex groups necessary.
12 of 12 operators necessary.
0 of 0 axiom rules necessary.
Change id of operators: 12
Change id of mutexes
Change id of goals
Change id of initial state
Remove unreachable facts from variables: 480
0 of 0 mutex groups necessary.
12 of 12 operators necessary.
0 of 0 axiom rules necessary.
Updating causal graph and pruning unnecessary facts
480 variables of 480 of 480 necessary
The causal graph is not acyclic.
480 variables of 480 necessary
0 of 0 mutex groups necessary.
12 of 12 operators necessary.
0 of 0 axiom rules necessary.
Building domain transition graphs...
solveable in poly time 0
Building successor generator...
Preprocessor variables: 480
Preprocessor facts: 960
Preprocessor derived variables: 0
Preprocessor operators: 12
Preprocessor mutex groups: 0
Preprocessor task size: 10688
Writing output...
done
INFO     Running search.
INFO     search input: output
INFO     search executable: /planner/planners/ipc2018-decstar/src/search/downward-release
INFO     search arguments: ['--decoupling', 'portfolio(fallback_on_abstain=false, overwrite_options=true, choose_max_leaves=true, factorings=[fork(search_type=asda, max_leaf_size=10000000), ifork(max_leaf_size=10000000), incarcs(max_leaf_size=1000000)])', '--search', 'astar(lmcut,      pruning_heuristic=lmcut(search_type=STAR),      pruning=stubborn_sets_decoupled(min_pruning_ratio=0.2, special_case_optimizations=true, use_single_var_ifork_optimization=true),      symmetry=symmetry_state_pruning(lex_prices=true, lex_num_states=false, lex_goal_cost=false))', '--internal-plan-file', '/home/vidusha/intelligent_systems/planners/hapori-miplan/solutions/rubiks_cube/p13_sol.txt']
performing Anytime Star Decoupled A* search
maximum leaf factor size 10000000
using default pruning method: BasicPruning
using fork factoring profile
performing Star Decoupled A* search
maximum leaf factor size 10000000
using default pruning method: BasicPruning
using inverted-fork factoring profile
performing Star Decoupled A* search
maximum leaf factor size 1000000
using default pruning method: BasicPruning
using incident-arcs factoring profile
performing Star Decoupled A* search
using default pruning method: BasicPruning
using factoring portfolio
reading input... [t=0s]
Simplifying transitions... done!
done reading input! [t=0.02s]
building causal graph...done! [t=0.1s]
Peak memory: 28212 KB
Command '['/planner/planners/ipc2018-decstar/src/search/downward-release', '--decoupling', 'portfolio(fallback_on_abstain=false, overwrite_options=true, choose_max_leaves=true, factorings=[fork(search_type=asda, max_leaf_size=10000000), ifork(max_leaf_size=10000000), incarcs(max_leaf_size=1000000)])', '--search', 'astar(lmcut,      pruning_heuristic=lmcut(search_type=STAR),      pruning=stubborn_sets_decoupled(min_pruning_ratio=0.2, special_case_optimizations=true, use_single_var_ifork_optimization=true),      symmetry=symmetry_state_pruning(lex_prices=true, lex_num_states=false, lex_goal_cost=false))', '--internal-plan-file', '/home/vidusha/intelligent_systems/planners/hapori-miplan/solutions/rubiks_cube/p13_sol.txt']' returned non-zero exit status 3
Image nick: ipc2018-decstar
Configs: ['opt-config01']
Plan file: /home/vidusha/intelligent_systems/planners/hapori-miplan/solutions/rubiks_cube/p13_sol.txt
Run image config opt-config01
Calling planner: ['python2', '/planner/planners/ipc2018-decstar/src/fast-downward.py', '--plan-file', '/home/vidusha/intelligent_systems/planners/hapori-miplan/solutions/rubiks_cube/p13_sol.txt', '/home/vidusha/intelligent_systems/planners/hapori-miplan/domains/rubiks_cube_domain.pddl', '/home/vidusha/intelligent_systems/planners/hapori-miplan/problems/rubiks_cube_temp/p13.pddl', '--preprocess-options', '--h2-time-limit', '120', '--search-options', '--decoupling', 'portfolio(fallback_on_abstain=false, overwrite_options=true, choose_max_leaves=true, factorings=[fork(search_type=asda, max_leaf_size=10000000), ifork(max_leaf_size=10000000), incarcs(max_leaf_size=1000000)])', '--search', 'astar(lmcut,      pruning_heuristic=lmcut(search_type=STAR),      pruning=stubborn_sets_decoupled(min_pruning_ratio=0.2, special_case_optimizations=true, use_single_var_ifork_optimization=true),      symmetry=symmetry_state_pruning(lex_prices=true, lex_num_states=false, lex_goal_cost=false))']
Found plan file(s): []
exitcode: 99

remaining time: 668.3499999999999
config 6: relative time 16, remaining time 30, absolute time 356
args: ['/usr/bin/python3', '/planner/plan.py', 'ipc2018-opt-delfi', 'domains/rubiks_cube_domain.pddl', 'problems/rubiks_cube_temp/p13.pddl', 'solutions/rubiks_cube/p13_sol.txt', '--config', 'h2-simpless-oss-cpdbshc900']
INFO     search stdin: None
INFO     search time limit: 356s
INFO     search memory limit: None
INFO     search command line string: /usr/bin/python3 /planner/plan.py ipc2018-opt-delfi domains/rubiks_cube_domain.pddl problems/rubiks_cube_temp/p13.pddl solutions/rubiks_cube/p13_sol.txt --config h2-simpless-oss-cpdbshc900
INFO     Running translator.
INFO     translator input: ['/home/vidusha/intelligent_systems/planners/hapori-miplan/domains/rubiks_cube_domain.pddl', '/home/vidusha/intelligent_systems/planners/hapori-miplan/problems/rubiks_cube_temp/p13.pddl']
INFO     translator arguments: []
INFO     translator time limit: 355.97s
INFO     translator memory limit: None
INFO     callstring: /usr/bin/python2 /planner/planners/ipc2018-opt-delfi/builds/release64/bin/translate/translate.py /home/vidusha/intelligent_systems/planners/hapori-miplan/domains/rubiks_cube_domain.pddl /home/vidusha/intelligent_systems/planners/hapori-miplan/problems/rubiks_cube_temp/p13.pddl
time limit 355.97 -> (356, 357)
Parsing...
Parsing: [0.010s CPU, 0.015s wall-clock]
Normalizing task... [0.010s CPU, 0.001s wall-clock]
Instantiating...
Generating Datalog program... [0.000s CPU, 0.001s wall-clock]
Normalizing Datalog program...
Trivial rules: Converted to facts.
Normalizing Datalog program: [0.000s CPU, 0.006s wall-clock]
Preparing model... [0.000s CPU, 0.003s wall-clock]
Generated 193 rules.
Computing model... [0.030s CPU, 0.025s wall-clock]
505 relevant atoms
2304 auxiliary atoms
2809 final queue length
4653 total queue pushes
Completing instantiation... [0.210s CPU, 0.205s wall-clock]
Instantiating: [0.240s CPU, 0.240s wall-clock]
Computing fact groups...
Finding invariants...
68 initial candidates
Finding invariants: [0.010s CPU, 0.008s wall-clock]
Checking invariant weight... [0.000s CPU, 0.000s wall-clock]
Instantiating groups... [0.000s CPU, 0.000s wall-clock]
Collecting mutex groups... [0.000s CPU, 0.000s wall-clock]
Choosing groups...
480 uncovered facts
Choosing groups: [0.000s CPU, 0.000s wall-clock]
Building translation key... [0.000s CPU, 0.002s wall-clock]
Computing fact groups: [0.020s CPU, 0.017s wall-clock]
Building STRIPS to SAS dictionary... [0.000s CPU, 0.001s wall-clock]
Building dictionary for full mutex groups... [0.000s CPU, 0.001s wall-clock]
Building mutex information...
Building mutex information: [0.000s CPU, 0.001s wall-clock]
Translating task...
Processing axioms...
Simplifying axioms... [0.000s CPU, 0.000s wall-clock]
Processing axioms: [0.000s CPU, 0.004s wall-clock]
Translating task: [0.090s CPU, 0.094s wall-clock]
0 effect conditions simplified
0 implied preconditions added
Detecting unreachable propositions...
0 operators removed
0 axioms removed
0 propositions removed
Detecting unreachable propositions: [0.030s CPU, 0.029s wall-clock]
Reordering and filtering variables...
480 of 480 variables necessary.
0 of 0 mutex groups necessary.
12 of 12 operators necessary.
0 of 0 axiom rules necessary.
Reordering and filtering variables: [0.020s CPU, 0.017s wall-clock]
Translator variables: 480
Translator derived variables: 0
Translator facts: 960
Translator goal facts: 20
Translator mutex groups: 0
Translator total mutex groups size: 0
Translator operators: 12
Translator axioms: 0
Translator task size: 10688
Translator peak memory: 34352 KB
Writing output... [0.010s CPU, 0.013s wall-clock]
Done! [0.430s CPU, 0.432s wall-clock]
INFO     Run task transformation (/planner/planners/ipc2018-opt-delfi/builds/release64/bin/preprocess).
INFO     Absolute path: /planner/planners/ipc2018-opt-delfi/builds/release64/bin/preprocess
INFO     callstring: /planner/planners/ipc2018-opt-delfi/builds/release64/bin/preprocess < output.sas
Building causal graph...
The causal graph is not acyclic.
480 variables of 480 necessary
0 of 0 mutex groups necessary.
12 of 12 operators necessary.
0 of 0 axiom rules necessary.
Initializing mutex computation...
Mutex computation initialized with 960 fluents.
iteration for mutex detection and operator pruning
Initialize m_index fw
Initialized mvalues forward: reached=230400, notReached=690240, spurious=960
Initialize m_ops fw
Computing mutexes...
Mutex computation finished with reached=920640, notReached=0, spurious=960
0 operators are spurious because were not triggered
H^2 mutexes added fw: 0, unreachable: 0
0 of 12 operators detected as spurious
Total mutex and disambiguation time: 0.060863 iterations: 2
0 of 0 mutex groups necessary.
12 of 12 operators necessary.
0 of 0 axiom rules necessary.
Change id of operators: 12
Change id of mutexes
Change id of goals
Change id of initial state
Remove unreachable facts from variables: 480
0 of 0 mutex groups necessary.
12 of 12 operators necessary.
0 of 0 axiom rules necessary.
Updating causal graph and pruning unnecessary facts
480 variables of 480 of 480 necessary
The causal graph is not acyclic.
480 variables of 480 necessary
0 of 0 mutex groups necessary.
12 of 12 operators necessary.
0 of 0 axiom rules necessary.
Building domain transition graphs...
solveable in poly time 0
Building successor generator...
Preprocessor variables: 480
Preprocessor facts: 960
Preprocessor derived variables: 0
Preprocessor operators: 12
Preprocessor mutex groups: 0
Preprocessor task size: 10688
Writing output...
done
INFO     Running search (release64).
INFO     search input: output.sas
INFO     search arguments: ['--symmetries', 'sym=structural_symmetries(search_symmetries=oss)', '--search', 'astar(cpdbs(patterns=hillclimbing(max_time=900),transform=multiply_out_conditional_effects),symmetries=sym,pruning=stubborn_sets_simple(minimum_pruning_ratio=0.01),num_por_probes=1000)']
INFO     search time limit: 355.34s
INFO     search memory limit: None
INFO     search executable: /planner/planners/ipc2018-opt-delfi/builds/release64/bin/downward
INFO     callstring: /planner/planners/ipc2018-opt-delfi/builds/release64/bin/downward --symmetries 'sym=structural_symmetries(search_symmetries=oss)' --search 'astar(cpdbs(patterns=hillclimbing(max_time=900),transform=multiply_out_conditional_effects),symmetries=sym,pruning=stubborn_sets_simple(minimum_pruning_ratio=0.01),num_por_probes=1000)' --internal-plan-file /home/vidusha/intelligent_systems/planners/hapori-miplan/solutions/rubiks_cube/p13_sol.txt < output.sas
time limit 355.34 -> (356, 357)
reading input... [t=0.000121524s]
done reading input! [t=0.00508508s]
packing state variables...done! [t=0.00508508s]
Variables: 480
FactPairs: 960
Bytes per state: 60
Building successor generator...done! [t=0.00508508s]
peak memory difference for root successor generator creation: 0 KB
time for root successor generation creation: 0s
done initializing global data [t=0.00508508s]
Command '['/planner/planners/ipc2018-opt-delfi/builds/release64/bin/downward', '--symmetries', 'sym=structural_symmetries(search_symmetries=oss)', '--search', 'astar(cpdbs(patterns=hillclimbing(max_time=900),transform=multiply_out_conditional_effects),symmetries=sym,pruning=stubborn_sets_simple(minimum_pruning_ratio=0.01),num_por_probes=1000)', '--internal-plan-file', '/home/vidusha/intelligent_systems/planners/hapori-miplan/solutions/rubiks_cube/p13_sol.txt']' returned non-zero exit status -9
Overall time: [39.240s CPU, 53.587s wall-clock]
Image nick: ipc2018-opt-delfi
Configs: ['h2-simpless-oss-cpdbshc900']
Plan file: /home/vidusha/intelligent_systems/planners/hapori-miplan/solutions/rubiks_cube/p13_sol.txt
Run image config h2-simpless-oss-cpdbshc900
Calling planner: ['python2', '/planner/planners/ipc2018-opt-delfi/fast-downward.py', '--build', 'release64', '--transform-task', '/planner/planners/ipc2018-opt-delfi/builds/release64/bin/preprocess', '--plan-file', '/home/vidusha/intelligent_systems/planners/hapori-miplan/solutions/rubiks_cube/p13_sol.txt', '/home/vidusha/intelligent_systems/planners/hapori-miplan/domains/rubiks_cube_domain.pddl', '/home/vidusha/intelligent_systems/planners/hapori-miplan/problems/rubiks_cube_temp/p13.pddl', '--symmetries', 'sym=structural_symmetries(search_symmetries=oss)', '--search', 'astar(cpdbs(patterns=hillclimbing(max_time=900),transform=multiply_out_conditional_effects),symmetries=sym,pruning=stubborn_sets_simple(minimum_pruning_ratio=0.01),num_por_probes=1000)']
Found plan file(s): []
exitcode: 99

remaining time: 629.0
config 7: relative time 14, remaining time 14, absolute time 629
args: ['/usr/bin/python3', '/planner/plan.py', 'ipc2018-opt-delfi', 'domains/rubiks_cube_domain.pddl', 'problems/rubiks_cube_temp/p13.pddl', 'solutions/rubiks_cube/p13_sol.txt', '--config', 'simpless-dks-masb50kmiasmdfp']
INFO     search stdin: None
INFO     search time limit: 629s
INFO     search memory limit: None
INFO     search command line string: /usr/bin/python3 /planner/plan.py ipc2018-opt-delfi domains/rubiks_cube_domain.pddl problems/rubiks_cube_temp/p13.pddl solutions/rubiks_cube/p13_sol.txt --config simpless-dks-masb50kmiasmdfp
INFO     Running translator.
INFO     translator input: ['/home/vidusha/intelligent_systems/planners/hapori-miplan/domains/rubiks_cube_domain.pddl', '/home/vidusha/intelligent_systems/planners/hapori-miplan/problems/rubiks_cube_temp/p13.pddl']
INFO     translator arguments: []
INFO     translator time limit: 628.97s
INFO     translator memory limit: None
INFO     callstring: /usr/bin/python2 /planner/planners/ipc2018-opt-delfi/builds/release64/bin/translate/translate.py /home/vidusha/intelligent_systems/planners/hapori-miplan/domains/rubiks_cube_domain.pddl /home/vidusha/intelligent_systems/planners/hapori-miplan/problems/rubiks_cube_temp/p13.pddl
time limit 628.97 -> (629, 630)
Parsing...
Parsing: [0.010s CPU, 0.014s wall-clock]
Normalizing task... [0.000s CPU, 0.001s wall-clock]
Instantiating...
Generating Datalog program... [0.000s CPU, 0.001s wall-clock]
Normalizing Datalog program...
Trivial rules: Converted to facts.
Normalizing Datalog program: [0.020s CPU, 0.007s wall-clock]
Preparing model... [0.000s CPU, 0.004s wall-clock]
Generated 193 rules.
Computing model... [0.020s CPU, 0.025s wall-clock]
505 relevant atoms
2304 auxiliary atoms
2809 final queue length
4653 total queue pushes
Completing instantiation... [0.190s CPU, 0.184s wall-clock]
Instantiating: [0.230s CPU, 0.222s wall-clock]
Computing fact groups...
Finding invariants...
68 initial candidates
Finding invariants: [0.000s CPU, 0.008s wall-clock]
Checking invariant weight... [0.000s CPU, 0.000s wall-clock]
Instantiating groups... [0.000s CPU, 0.000s wall-clock]
Collecting mutex groups... [0.000s CPU, 0.000s wall-clock]
Choosing groups...
480 uncovered facts
Choosing groups: [0.000s CPU, 0.000s wall-clock]
Building translation key... [0.000s CPU, 0.002s wall-clock]
Computing fact groups: [0.010s CPU, 0.015s wall-clock]
Building STRIPS to SAS dictionary... [0.000s CPU, 0.001s wall-clock]
Building dictionary for full mutex groups... [0.000s CPU, 0.001s wall-clock]
Building mutex information...
Building mutex information: [0.000s CPU, 0.001s wall-clock]
Translating task...
Processing axioms...
Simplifying axioms... [0.000s CPU, 0.000s wall-clock]
Processing axioms: [0.010s CPU, 0.003s wall-clock]
Translating task: [0.090s CPU, 0.087s wall-clock]
0 effect conditions simplified
0 implied preconditions added
Detecting unreachable propositions...
0 operators removed
0 axioms removed
0 propositions removed
Detecting unreachable propositions: [0.030s CPU, 0.027s wall-clock]
Reordering and filtering variables...
480 of 480 variables necessary.
0 of 0 mutex groups necessary.
12 of 12 operators necessary.
0 of 0 axiom rules necessary.
Reordering and filtering variables: [0.010s CPU, 0.016s wall-clock]
Translator variables: 480
Translator derived variables: 0
Translator facts: 960
Translator goal facts: 20
Translator mutex groups: 0
Translator total mutex groups size: 0
Translator operators: 12
Translator axioms: 0
Translator task size: 10688
Translator peak memory: 34352 KB
Writing output... [0.010s CPU, 0.012s wall-clock]
Done! [0.400s CPU, 0.397s wall-clock]
INFO     Running search (release64).
INFO     search input: output.sas
INFO     search arguments: ['--symmetries', 'sym=structural_symmetries(search_symmetries=dks)', '--search', 'astar(merge_and_shrink(shrink_strategy=shrink_bisimulation(greedy=false),merge_strategy=merge_precomputed(merge_tree=miasm(abstraction=miasm_merge_and_shrink(),fallback_merge_selector=score_based_filtering(scoring_functions=[goal_relevance,dfp,total_order(atomic_ts_order=reverse_level,product_ts_order=new_to_old,atomic_before_product=false)]))),label_reduction=exact(before_shrinking=true,before_merging=false),max_states=50000,threshold_before_merge=1,max_time=900),symmetries=sym,pruning=stubborn_sets_simple(minimum_pruning_ratio=0.01),num_por_probes=1000)']
INFO     search time limit: 628.52s
INFO     search memory limit: None
INFO     search executable: /planner/planners/ipc2018-opt-delfi/builds/release64/bin/downward
INFO     callstring: /planner/planners/ipc2018-opt-delfi/builds/release64/bin/downward --symmetries 'sym=structural_symmetries(search_symmetries=dks)' --search 'astar(merge_and_shrink(shrink_strategy=shrink_bisimulation(greedy=false),merge_strategy=merge_precomputed(merge_tree=miasm(abstraction=miasm_merge_and_shrink(),fallback_merge_selector=score_based_filtering(scoring_functions=[goal_relevance,dfp,total_order(atomic_ts_order=reverse_level,product_ts_order=new_to_old,atomic_before_product=false)]))),label_reduction=exact(before_shrinking=true,before_merging=false),max_states=50000,threshold_before_merge=1,max_time=900),symmetries=sym,pruning=stubborn_sets_simple(minimum_pruning_ratio=0.01),num_por_probes=1000)' --internal-plan-file /home/vidusha/intelligent_systems/planners/hapori-miplan/solutions/rubiks_cube/p13_sol.txt < output.sas
time limit 628.52 -> (629, 630)
reading input... [t=8.2309e-05s]
done reading input! [t=0.00273384s]
packing state variables...done! [t=0.00515344s]
Variables: 480
FactPairs: 960
Bytes per state: 60
Building successor generator...done! [t=0.00519511s]
peak memory difference for root successor generator creation: 0 KB
time for root successor generation creation: 0s
done initializing global data [t=0.00534248s]
Initializing merge-and-shrink heuristic...
Merge strategy options:
Type: precomputed
Merge tree options: 
Type: miasm
Update option: use random

Options related to size limits and shrinking: 
Transition system size limit: 50000
Transition system size limit right before merge: 50000
Threshold to trigger shrinking right before merge: 1

Shrink strategy options: 
Type: bisimulation
Bisimulation type: exact
At limit: return

Label reduction options:
Before merging: disabled
Before shrinking: enabled
Method: all transition systems with fixpoint computation
System order: random

Verbosity: verbose

Building atomic transition systems... 
done initializing transition system data 0.00155257
done building transitions 0.00261521
done creating transition systems 0.00361872
done creating mas representations 0.00397984
done creating distances 0.00407277
Atomic transition system #0: computing init and goal distances using unit-cost algorithm
Atomic transition system #1: computing init and goal distances using unit-cost algorithm
Atomic transition system #2: computing init and goal distances using unit-cost algorithm
Atomic transition system #3: computing init and goal distances using unit-cost algorithm
Atomic transition system #4: computing init and goal distances using unit-cost algorithm
Atomic transition system #5: computing init and goal distances using unit-cost algorithm
Atomic transition system #6: computing init and goal distances using unit-cost algorithm
Atomic transition system #7: computing init and goal distances using unit-cost algorithm
Atomic transition system #8: computing init and goal distances using unit-cost algorithm
Atomic transition system #9: computing init and goal distances using unit-cost algorithm
Atomic transition system #10: computing init and goal distances using unit-cost algorithm
Atomic transition system #11: computing init and goal distances using unit-cost algorithm
Atomic transition system #12: computing init and goal distances using unit-cost algorithm
Atomic transition system #13: computing init and goal distances using unit-cost algorithm
Atomic transition system #14: computing init and goal distances using unit-cost algorithm
Atomic transition system #15: computing init and goal distances using unit-cost algorithm
Atomic transition system #16: computing init and goal distances using unit-cost algorithm
Atomic transition system #17: computing init and goal distances using unit-cost algorithm
Atomic transition system #18: computing init and goal distances using unit-cost algorithm
Atomic transition system #19: computing init and goal distances using unit-cost algorithm
Atomic transition system #20: computing init and goal distances using unit-cost algorithm
Atomic transition system #21: computing init and goal distances using unit-cost algorithm
Atomic transition system #22: computing init and goal distances using unit-cost algorithm
Atomic transition system #23: computing init and goal distances using unit-cost algorithm
Atomic transition system #24: computing init and goal distances using unit-cost algorithm
Atomic transition system #25: computing init and goal distances using unit-cost algorithm
Atomic transition system #26: computing init and goal distances using unit-cost algorithm
Atomic transition system #27: computing init and goal distances using unit-cost algorithm
Atomic transition system #28: computing init and goal distances using unit-cost algorithm
Atomic transition system #29: computing init and goal distances using unit-cost algorithm
Atomic transition system #30: computing init and goal distances using unit-cost algorithm
Atomic transition system #31: computing init and goal distances using unit-cost algorithm
Atomic transition system #32: computing init and goal distances using unit-cost algorithm
Atomic transition system #33: computing init and goal distances using unit-cost algorithm
Atomic transition system #34: computing init and goal distances using unit-cost algorithm
Atomic transition system #35: computing init and goal distances using unit-cost algorithm
Atomic transition system #36: computing init and goal distances using unit-cost algorithm
Atomic transition system #37: computing init and goal distances using unit-cost algorithm
Atomic transition system #38: computing init and goal distances using unit-cost algorithm
Atomic transition system #39: computing init and goal distances using unit-cost algorithm
Atomic transition system #40: computing init and goal distances using unit-cost algorithm
Atomic transition system #41: computing init and goal distances using unit-cost algorithm
Atomic transition system #42: computing init and goal distances using unit-cost algorithm
Atomic transition system #43: computing init and goal distances using unit-cost algorithm
Atomic transition system #44: computing init and goal distances using unit-cost algorithm
Atomic transition system #45: computing init and goal distances using unit-cost algorithm
Atomic transition system #46: computing init and goal distances using unit-cost algorithm
Atomic transition system #47: computing init and goal distances using unit-cost algorithm
Atomic transition system #48: computing init and goal distances using unit-cost algorithm
Atomic transition system #49: computing init and goal distances using unit-cost algorithm
Atomic transition system #50: computing init and goal distances using unit-cost algorithm
Atomic transition system #51: computing init and goal distances using unit-cost algorithm
Atomic transition system #52: computing init and goal distances using unit-cost algorithm
Atomic transition system #53: computing init and goal distances using unit-cost algorithm
Atomic transition system #54: computing init and goal distances using unit-cost algorithm
Atomic transition system #55: computing init and goal distances using unit-cost algorithm
Atomic transition system #56: computing init and goal distances using unit-cost algorithm
Atomic transition system #57: computing init and goal distances using unit-cost algorithm
Atomic transition system #58: computing init and goal distances using unit-cost algorithm
Atomic transition system #59: computing init and goal distances using unit-cost algorithm
Atomic transition system #60: computing init and goal distances using unit-cost algorithm
Atomic transition system #61: computing init and goal distances using unit-cost algorithm
Atomic transition system #62: computing init and goal distances using unit-cost algorithm
Atomic transition system #63: computing init and goal distances using unit-cost algorithm
Atomic transition system #64: computing init and goal distances using unit-cost algorithm
Atomic transition system #65: computing init and goal distances using unit-cost algorithm
Atomic transition system #66: computing init and goal distances using unit-cost algorithm
Atomic transition system #67: computing init and goal distances using unit-cost algorithm
Atomic transition system #68: computing init and goal distances using unit-cost algorithm
Atomic transition system #69: computing init and goal distances using unit-cost algorithm
Atomic transition system #70: computing init and goal distances using unit-cost algorithm
Atomic transition system #71: computing init and goal distances using unit-cost algorithm
Atomic transition system #72: computing init and goal distances using unit-cost algorithm
Atomic transition system #73: computing init and goal distances using unit-cost algorithm
Atomic transition system #74: computing init and goal distances using unit-cost algorithm
Atomic transition system #75: computing init and goal distances using unit-cost algorithm
Atomic transition system #76: computing init and goal distances using unit-cost algorithm
Atomic transition system #77: computing init and goal distances using unit-cost algorithm
Atomic transition system #78: computing init and goal distances using unit-cost algorithm
Atomic transition system #79: computing init and goal distances using unit-cost algorithm
Atomic transition system #80: computing init and goal distances using unit-cost algorithm
Atomic transition system #81: computing init and goal distances using unit-cost algorithm
Atomic transition system #82: computing init and goal distances using unit-cost algorithm
Atomic transition system #83: computing init and goal distances using unit-cost algorithm
Atomic transition system #84: computing init and goal distances using unit-cost algorithm
Atomic transition system #85: computing init and goal distances using unit-cost algorithm
Atomic transition system #86: computing init and goal distances using unit-cost algorithm
Atomic transition system #87: computing init and goal distances using unit-cost algorithm
Atomic transition system #88: computing init and goal distances using unit-cost algorithm
Atomic transition system #89: computing init and goal distances using unit-cost algorithm
Atomic transition system #90: computing init and goal distances using unit-cost algorithm
Atomic transition system #91: computing init and goal distances using unit-cost algorithm
Atomic transition system #92: computing init and goal distances using unit-cost algorithm
Atomic transition system #93: computing init and goal distances using unit-cost algorithm
Atomic transition system #94: computing init and goal distances using unit-cost algorithm
Atomic transition system #95: computing init and goal distances using unit-cost algorithm
Atomic transition system #96: computing init and goal distances using unit-cost algorithm
Atomic transition system #97: computing init and goal distances using unit-cost algorithm
Atomic transition system #98: computing init and goal distances using unit-cost algorithm
Atomic transition system #99: computing init and goal distances using unit-cost algorithm
Atomic transition system #100: computing init and goal distances using unit-cost algorithm
Atomic transition system #101: computing init and goal distances using unit-cost algorithm
Atomic transition system #102: computing init and goal distances using unit-cost algorithm
Atomic transition system #103: computing init and goal distances using unit-cost algorithm
Atomic transition system #104: computing init and goal distances using unit-cost algorithm
Atomic transition system #105: computing init and goal distances using unit-cost algorithm
Atomic transition system #106: computing init and goal distances using unit-cost algorithm
Atomic transition system #107: computing init and goal distances using unit-cost algorithm
Atomic transition system #108: computing init and goal distances using unit-cost algorithm
Atomic transition system #109: computing init and goal distances using unit-cost algorithm
Atomic transition system #110: computing init and goal distances using unit-cost algorithm
Atomic transition system #111: computing init and goal distances using unit-cost algorithm
Atomic transition system #112: computing init and goal distances using unit-cost algorithm
Atomic transition system #113: computing init and goal distances using unit-cost algorithm
Atomic transition system #114: computing init and goal distances using unit-cost algorithm
Atomic transition system #115: computing init and goal distances using unit-cost algorithm
Atomic transition system #116: computing init and goal distances using unit-cost algorithm
Atomic transition system #117: computing init and goal distances using unit-cost algorithm
Atomic transition system #118: computing init and goal distances using unit-cost algorithm
Atomic transition system #119: computing init and goal distances using unit-cost algorithm
Atomic transition system #120: computing init and goal distances using unit-cost algorithm
Atomic transition system #121: computing init and goal distances using unit-cost algorithm
Atomic transition system #122: computing init and goal distances using unit-cost algorithm
Atomic transition system #123: computing init and goal distances using unit-cost algorithm
Atomic transition system #124: computing init and goal distances using unit-cost algorithm
Atomic transition system #125: computing init and goal distances using unit-cost algorithm
Atomic transition system #126: computing init and goal distances using unit-cost algorithm
Atomic transition system #127: computing init and goal distances using unit-cost algorithm
Atomic transition system #128: computing init and goal distances using unit-cost algorithm
Atomic transition system #129: computing init and goal distances using unit-cost algorithm
Atomic transition system #130: computing init and goal distances using unit-cost algorithm
Atomic transition system #131: computing init and goal distances using unit-cost algorithm
Atomic transition system #132: computing init and goal distances using unit-cost algorithm
Atomic transition system #133: computing init and goal distances using unit-cost algorithm
Atomic transition system #134: computing init and goal distances using unit-cost algorithm
Atomic transition system #135: computing init and goal distances using unit-cost algorithm
Atomic transition system #136: computing init and goal distances using unit-cost algorithm
Atomic transition system #137: computing init and goal distances using unit-cost algorithm
Atomic transition system #138: computing init and goal distances using unit-cost algorithm
Atomic transition system #139: computing init and goal distances using unit-cost algorithm
Atomic transition system #140: computing init and goal distances using unit-cost algorithm
Atomic transition system #141: computing init and goal distances using unit-cost algorithm
Atomic transition system #142: computing init and goal distances using unit-cost algorithm
Atomic transition system #143: computing init and goal distances using unit-cost algorithm
Atomic transition system #144: computing init and goal distances using unit-cost algorithm
Atomic transition system #145: computing init and goal distances using unit-cost algorithm
Atomic transition system #146: computing init and goal distances using unit-cost algorithm
Atomic transition system #147: computing init and goal distances using unit-cost algorithm
Atomic transition system #148: computing init and goal distances using unit-cost algorithm
Atomic transition system #149: computing init and goal distances using unit-cost algorithm
Atomic transition system #150: computing init and goal distances using unit-cost algorithm
Atomic transition system #151: computing init and goal distances using unit-cost algorithm
Atomic transition system #152: computing init and goal distances using unit-cost algorithm
Atomic transition system #153: computing init and goal distances using unit-cost algorithm
Atomic transition system #154: computing init and goal distances using unit-cost algorithm
Atomic transition system #155: computing init and goal distances using unit-cost algorithm
Atomic transition system #156: computing init and goal distances using unit-cost algorithm
Atomic transition system #157: computing init and goal distances using unit-cost algorithm
Atomic transition system #158: computing init and goal distances using unit-cost algorithm
Atomic transition system #159: computing init and goal distances using unit-cost algorithm
Atomic transition system #160: computing init and goal distances using unit-cost algorithm
Atomic transition system #161: computing init and goal distances using unit-cost algorithm
Atomic transition system #162: computing init and goal distances using unit-cost algorithm
Atomic transition system #163: computing init and goal distances using unit-cost algorithm
Atomic transition system #164: computing init and goal distances using unit-cost algorithm
Atomic transition system #165: computing init and goal distances using unit-cost algorithm
Atomic transition system #166: computing init and goal distances using unit-cost algorithm
Atomic transition system #167: computing init and goal distances using unit-cost algorithm
Atomic transition system #168: computing init and goal distances using unit-cost algorithm
Atomic transition system #169: computing init and goal distances using unit-cost algorithm
Atomic transition system #170: computing init and goal distances using unit-cost algorithm
Atomic transition system #171: computing init and goal distances using unit-cost algorithm
Atomic transition system #172: computing init and goal distances using unit-cost algorithm
Atomic transition system #173: computing init and goal distances using unit-cost algorithm
Atomic transition system #174: computing init and goal distances using unit-cost algorithm
Atomic transition system #175: computing init and goal distances using unit-cost algorithm
Atomic transition system #176: computing init and goal distances using unit-cost algorithm
Atomic transition system #177: computing init and goal distances using unit-cost algorithm
Atomic transition system #178: computing init and goal distances using unit-cost algorithm
Atomic transition system #179: computing init and goal distances using unit-cost algorithm
Atomic transition system #180: computing init and goal distances using unit-cost algorithm
Atomic transition system #181: computing init and goal distances using unit-cost algorithm
Atomic transition system #182: computing init and goal distances using unit-cost algorithm
Atomic transition system #183: computing init and goal distances using unit-cost algorithm
Atomic transition system #184: computing init and goal distances using unit-cost algorithm
Atomic transition system #185: computing init and goal distances using unit-cost algorithm
Atomic transition system #186: computing init and goal distances using unit-cost algorithm
Atomic transition system #187: computing init and goal distances using unit-cost algorithm
Atomic transition system #188: computing init and goal distances using unit-cost algorithm
Atomic transition system #189: computing init and goal distances using unit-cost algorithm
Atomic transition system #190: computing init and goal distances using unit-cost algorithm
Atomic transition system #191: computing init and goal distances using unit-cost algorithm
Atomic transition system #192: computing init and goal distances using unit-cost algorithm
Atomic transition system #193: computing init and goal distances using unit-cost algorithm
Atomic transition system #194: computing init and goal distances using unit-cost algorithm
Atomic transition system #195: computing init and goal distances using unit-cost algorithm
Atomic transition system #196: computing init and goal distances using unit-cost algorithm
Atomic transition system #197: computing init and goal distances using unit-cost algorithm
Atomic transition system #198: computing init and goal distances using unit-cost algorithm
Atomic transition system #199: computing init and goal distances using unit-cost algorithm
Atomic transition system #200: computing init and goal distances using unit-cost algorithm
Atomic transition system #201: computing init and goal distances using unit-cost algorithm
Atomic transition system #202: computing init and goal distances using unit-cost algorithm
Atomic transition system #203: computing init and goal distances using unit-cost algorithm
Atomic transition system #204: computing init and goal distances using unit-cost algorithm
Atomic transition system #205: computing init and goal distances using unit-cost algorithm
Atomic transition system #206: computing init and goal distances using unit-cost algorithm
Atomic transition system #207: computing init and goal distances using unit-cost algorithm
Atomic transition system #208: computing init and goal distances using unit-cost algorithm
Atomic transition system #209: computing init and goal distances using unit-cost algorithm
Atomic transition system #210: computing init and goal distances using unit-cost algorithm
Atomic transition system #211: computing init and goal distances using unit-cost algorithm
Atomic transition system #212: computing init and goal distances using unit-cost algorithm
Atomic transition system #213: computing init and goal distances using unit-cost algorithm
Atomic transition system #214: computing init and goal distances using unit-cost algorithm
Atomic transition system #215: computing init and goal distances using unit-cost algorithm
Atomic transition system #216: computing init and goal distances using unit-cost algorithm
Atomic transition system #217: computing init and goal distances using unit-cost algorithm
Atomic transition system #218: computing init and goal distances using unit-cost algorithm
Atomic transition system #219: computing init and goal distances using unit-cost algorithm
Atomic transition system #220: computing init and goal distances using unit-cost algorithm
Atomic transition system #221: computing init and goal distances using unit-cost algorithm
Atomic transition system #222: computing init and goal distances using unit-cost algorithm
Atomic transition system #223: computing init and goal distances using unit-cost algorithm
Atomic transition system #224: computing init and goal distances using unit-cost algorithm
Atomic transition system #225: computing init and goal distances using unit-cost algorithm
Atomic transition system #226: computing init and goal distances using unit-cost algorithm
Atomic transition system #227: computing init and goal distances using unit-cost algorithm
Atomic transition system #228: computing init and goal distances using unit-cost algorithm
Atomic transition system #229: computing init and goal distances using unit-cost algorithm
Atomic transition system #230: computing init and goal distances using unit-cost algorithm
Atomic transition system #231: computing init and goal distances using unit-cost algorithm
Atomic transition system #232: computing init and goal distances using unit-cost algorithm
Atomic transition system #233: computing init and goal distances using unit-cost algorithm
Atomic transition system #234: computing init and goal distances using unit-cost algorithm
Atomic transition system #235: computing init and goal distances using unit-cost algorithm
Atomic transition system #236: computing init and goal distances using unit-cost algorithm
Atomic transition system #237: computing init and goal distances using unit-cost algorithm
Atomic transition system #238: computing init and goal distances using unit-cost algorithm
Atomic transition system #239: computing init and goal distances using unit-cost algorithm
Atomic transition system #240: computing init and goal distances using unit-cost algorithm
Atomic transition system #241: computing init and goal distances using unit-cost algorithm
Atomic transition system #242: computing init and goal distances using unit-cost algorithm
Atomic transition system #243: computing init and goal distances using unit-cost algorithm
Atomic transition system #244: computing init and goal distances using unit-cost algorithm
Atomic transition system #245: computing init and goal distances using unit-cost algorithm
Atomic transition system #246: computing init and goal distances using unit-cost algorithm
Atomic transition system #247: computing init and goal distances using unit-cost algorithm
Atomic transition system #248: computing init and goal distances using unit-cost algorithm
Atomic transition system #249: computing init and goal distances using unit-cost algorithm
Atomic transition system #250: computing init and goal distances using unit-cost algorithm
Atomic transition system #251: computing init and goal distances using unit-cost algorithm
Atomic transition system #252: computing init and goal distances using unit-cost algorithm
Atomic transition system #253: computing init and goal distances using unit-cost algorithm
Atomic transition system #254: computing init and goal distances using unit-cost algorithm
Atomic transition system #255: computing init and goal distances using unit-cost algorithm
Atomic transition system #256: computing init and goal distances using unit-cost algorithm
Atomic transition system #257: computing init and goal distances using unit-cost algorithm
Atomic transition system #258: computing init and goal distances using unit-cost algorithm
Atomic transition system #259: computing init and goal distances using unit-cost algorithm
Atomic transition system #260: computing init and goal distances using unit-cost algorithm
Atomic transition system #261: computing init and goal distances using unit-cost algorithm
Atomic transition system #262: computing init and goal distances using unit-cost algorithm
Atomic transition system #263: computing init and goal distances using unit-cost algorithm
Atomic transition system #264: computing init and goal distances using unit-cost algorithm
Atomic transition system #265: computing init and goal distances using unit-cost algorithm
Atomic transition system #266: computing init and goal distances using unit-cost algorithm
Atomic transition system #267: computing init and goal distances using unit-cost algorithm
Atomic transition system #268: computing init and goal distances using unit-cost algorithm
Atomic transition system #269: computing init and goal distances using unit-cost algorithm
Atomic transition system #270: computing init and goal distances using unit-cost algorithm
Atomic transition system #271: computing init and goal distances using unit-cost algorithm
Atomic transition system #272: computing init and goal distances using unit-cost algorithm
Atomic transition system #273: computing init and goal distances using unit-cost algorithm
Atomic transition system #274: computing init and goal distances using unit-cost algorithm
Atomic transition system #275: computing init and goal distances using unit-cost algorithm
Atomic transition system #276: computing init and goal distances using unit-cost algorithm
Atomic transition system #277: computing init and goal distances using unit-cost algorithm
Atomic transition system #278: computing init and goal distances using unit-cost algorithm
Atomic transition system #279: computing init and goal distances using unit-cost algorithm
Atomic transition system #280: computing init and goal distances using unit-cost algorithm
Atomic transition system #281: computing init and goal distances using unit-cost algorithm
Atomic transition system #282: computing init and goal distances using unit-cost algorithm
Atomic transition system #283: computing init and goal distances using unit-cost algorithm
Atomic transition system #284: computing init and goal distances using unit-cost algorithm
Atomic transition system #285: computing init and goal distances using unit-cost algorithm
Atomic transition system #286: computing init and goal distances using unit-cost algorithm
Atomic transition system #287: computing init and goal distances using unit-cost algorithm
Atomic transition system #288: computing init and goal distances using unit-cost algorithm
Atomic transition system #289: computing init and goal distances using unit-cost algorithm
Atomic transition system #290: computing init and goal distances using unit-cost algorithm
Atomic transition system #291: computing init and goal distances using unit-cost algorithm
Atomic transition system #292: computing init and goal distances using unit-cost algorithm
Atomic transition system #293: computing init and goal distances using unit-cost algorithm
Atomic transition system #294: computing init and goal distances using unit-cost algorithm
Atomic transition system #295: computing init and goal distances using unit-cost algorithm
Atomic transition system #296: computing init and goal distances using unit-cost algorithm
Atomic transition system #297: computing init and goal distances using unit-cost algorithm
Atomic transition system #298: computing init and goal distances using unit-cost algorithm
Atomic transition system #299: computing init and goal distances using unit-cost algorithm
Atomic transition system #300: computing init and goal distances using unit-cost algorithm
Atomic transition system #301: computing init and goal distances using unit-cost algorithm
Atomic transition system #302: computing init and goal distances using unit-cost algorithm
Atomic transition system #303: computing init and goal distances using unit-cost algorithm
Atomic transition system #304: computing init and goal distances using unit-cost algorithm
Atomic transition system #305: computing init and goal distances using unit-cost algorithm
Atomic transition system #306: computing init and goal distances using unit-cost algorithm
Atomic transition system #307: computing init and goal distances using unit-cost algorithm
Atomic transition system #308: computing init and goal distances using unit-cost algorithm
Atomic transition system #309: computing init and goal distances using unit-cost algorithm
Atomic transition system #310: computing init and goal distances using unit-cost algorithm
Atomic transition system #311: computing init and goal distances using unit-cost algorithm
Atomic transition system #312: computing init and goal distances using unit-cost algorithm
Atomic transition system #313: computing init and goal distances using unit-cost algorithm
Atomic transition system #314: computing init and goal distances using unit-cost algorithm
Atomic transition system #315: computing init and goal distances using unit-cost algorithm
Atomic transition system #316: computing init and goal distances using unit-cost algorithm
Atomic transition system #317: computing init and goal distances using unit-cost algorithm
Atomic transition system #318: computing init and goal distances using unit-cost algorithm
Atomic transition system #319: computing init and goal distances using unit-cost algorithm
Atomic transition system #320: computing init and goal distances using unit-cost algorithm
Atomic transition system #321: computing init and goal distances using unit-cost algorithm
Atomic transition system #322: computing init and goal distances using unit-cost algorithm
Atomic transition system #323: computing init and goal distances using unit-cost algorithm
Atomic transition system #324: computing init and goal distances using unit-cost algorithm
Atomic transition system #325: computing init and goal distances using unit-cost algorithm
Atomic transition system #326: computing init and goal distances using unit-cost algorithm
Atomic transition system #327: computing init and goal distances using unit-cost algorithm
Atomic transition system #328: computing init and goal distances using unit-cost algorithm
Atomic transition system #329: computing init and goal distances using unit-cost algorithm
Atomic transition system #330: computing init and goal distances using unit-cost algorithm
Atomic transition system #331: computing init and goal distances using unit-cost algorithm
Atomic transition system #332: computing init and goal distances using unit-cost algorithm
Atomic transition system #333: computing init and goal distances using unit-cost algorithm
Atomic transition system #334: computing init and goal distances using unit-cost algorithm
Atomic transition system #335: computing init and goal distances using unit-cost algorithm
Atomic transition system #336: computing init and goal distances using unit-cost algorithm
Atomic transition system #337: computing init and goal distances using unit-cost algorithm
Atomic transition system #338: computing init and goal distances using unit-cost algorithm
Atomic transition system #339: computing init and goal distances using unit-cost algorithm
Atomic transition system #340: computing init and goal distances using unit-cost algorithm
Atomic transition system #341: computing init and goal distances using unit-cost algorithm
Atomic transition system #342: computing init and goal distances using unit-cost algorithm
Atomic transition system #343: computing init and goal distances using unit-cost algorithm
Atomic transition system #344: computing init and goal distances using unit-cost algorithm
Atomic transition system #345: computing init and goal distances using unit-cost algorithm
Atomic transition system #346: computing init and goal distances using unit-cost algorithm
Atomic transition system #347: computing init and goal distances using unit-cost algorithm
Atomic transition system #348: computing init and goal distances using unit-cost algorithm
Atomic transition system #349: computing init and goal distances using unit-cost algorithm
Atomic transition system #350: computing init and goal distances using unit-cost algorithm
Atomic transition system #351: computing init and goal distances using unit-cost algorithm
Atomic transition system #352: computing init and goal distances using unit-cost algorithm
Atomic transition system #353: computing init and goal distances using unit-cost algorithm
Atomic transition system #354: computing init and goal distances using unit-cost algorithm
Atomic transition system #355: computing init and goal distances using unit-cost algorithm
Atomic transition system #356: computing init and goal distances using unit-cost algorithm
Atomic transition system #357: computing init and goal distances using unit-cost algorithm
Atomic transition system #358: computing init and goal distances using unit-cost algorithm
Atomic transition system #359: computing init and goal distances using unit-cost algorithm
Atomic transition system #360: computing init and goal distances using unit-cost algorithm
Atomic transition system #361: computing init and goal distances using unit-cost algorithm
Atomic transition system #362: computing init and goal distances using unit-cost algorithm
Atomic transition system #363: computing init and goal distances using unit-cost algorithm
Atomic transition system #364: computing init and goal distances using unit-cost algorithm
Atomic transition system #365: computing init and goal distances using unit-cost algorithm
Atomic transition system #366: computing init and goal distances using unit-cost algorithm
Atomic transition system #367: computing init and goal distances using unit-cost algorithm
Atomic transition system #368: computing init and goal distances using unit-cost algorithm
Atomic transition system #369: computing init and goal distances using unit-cost algorithm
Atomic transition system #370: computing init and goal distances using unit-cost algorithm
Atomic transition system #371: computing init and goal distances using unit-cost algorithm
Atomic transition system #372: computing init and goal distances using unit-cost algorithm
Atomic transition system #373: computing init and goal distances using unit-cost algorithm
Atomic transition system #374: computing init and goal distances using unit-cost algorithm
Atomic transition system #375: computing init and goal distances using unit-cost algorithm
Atomic transition system #376: computing init and goal distances using unit-cost algorithm
Atomic transition system #377: computing init and goal distances using unit-cost algorithm
Atomic transition system #378: computing init and goal distances using unit-cost algorithm
Atomic transition system #379: computing init and goal distances using unit-cost algorithm
Atomic transition system #380: computing init and goal distances using unit-cost algorithm
Atomic transition system #381: computing init and goal distances using unit-cost algorithm
Atomic transition system #382: computing init and goal distances using unit-cost algorithm
Atomic transition system #383: computing init and goal distances using unit-cost algorithm
Atomic transition system #384: computing init and goal distances using unit-cost algorithm
Atomic transition system #385: computing init and goal distances using unit-cost algorithm
Atomic transition system #386: computing init and goal distances using unit-cost algorithm
Atomic transition system #387: computing init and goal distances using unit-cost algorithm
Atomic transition system #388: computing init and goal distances using unit-cost algorithm
Atomic transition system #389: computing init and goal distances using unit-cost algorithm
Atomic transition system #390: computing init and goal distances using unit-cost algorithm
Atomic transition system #391: computing init and goal distances using unit-cost algorithm
Atomic transition system #392: computing init and goal distances using unit-cost algorithm
Atomic transition system #393: computing init and goal distances using unit-cost algorithm
Atomic transition system #394: computing init and goal distances using unit-cost algorithm
Atomic transition system #395: computing init and goal distances using unit-cost algorithm
Atomic transition system #396: computing init and goal distances using unit-cost algorithm
Atomic transition system #397: computing init and goal distances using unit-cost algorithm
Atomic transition system #398: computing init and goal distances using unit-cost algorithm
Atomic transition system #399: computing init and goal distances using unit-cost algorithm
Atomic transition system #400: computing init and goal distances using unit-cost algorithm
Atomic transition system #401: computing init and goal distances using unit-cost algorithm
Atomic transition system #402: computing init and goal distances using unit-cost algorithm
Atomic transition system #403: computing init and goal distances using unit-cost algorithm
Atomic transition system #404: computing init and goal distances using unit-cost algorithm
Atomic transition system #405: computing init and goal distances using unit-cost algorithm
Atomic transition system #406: computing init and goal distances using unit-cost algorithm
Atomic transition system #407: computing init and goal distances using unit-cost algorithm
Atomic transition system #408: computing init and goal distances using unit-cost algorithm
Atomic transition system #409: computing init and goal distances using unit-cost algorithm
Atomic transition system #410: computing init and goal distances using unit-cost algorithm
Atomic transition system #411: computing init and goal distances using unit-cost algorithm
Atomic transition system #412: computing init and goal distances using unit-cost algorithm
Atomic transition system #413: computing init and goal distances using unit-cost algorithm
Atomic transition system #414: computing init and goal distances using unit-cost algorithm
Atomic transition system #415: computing init and goal distances using unit-cost algorithm
Atomic transition system #416: computing init and goal distances using unit-cost algorithm
Atomic transition system #417: computing init and goal distances using unit-cost algorithm
Atomic transition system #418: computing init and goal distances using unit-cost algorithm
Atomic transition system #419: computing init and goal distances using unit-cost algorithm
Atomic transition system #420: computing init and goal distances using unit-cost algorithm
Atomic transition system #421: computing init and goal distances using unit-cost algorithm
Atomic transition system #422: computing init and goal distances using unit-cost algorithm
Atomic transition system #423: computing init and goal distances using unit-cost algorithm
Atomic transition system #424: computing init and goal distances using unit-cost algorithm
Atomic transition system #425: computing init and goal distances using unit-cost algorithm
Atomic transition system #426: computing init and goal distances using unit-cost algorithm
Atomic transition system #427: computing init and goal distances using unit-cost algorithm
Atomic transition system #428: computing init and goal distances using unit-cost algorithm
Atomic transition system #429: computing init and goal distances using unit-cost algorithm
Atomic transition system #430: computing init and goal distances using unit-cost algorithm
Atomic transition system #431: computing init and goal distances using unit-cost algorithm
Atomic transition system #432: computing init and goal distances using unit-cost algorithm
Atomic transition system #433: computing init and goal distances using unit-cost algorithm
Atomic transition system #434: computing init and goal distances using unit-cost algorithm
Atomic transition system #435: computing init and goal distances using unit-cost algorithm
Atomic transition system #436: computing init and goal distances using unit-cost algorithm
Atomic transition system #437: computing init and goal distances using unit-cost algorithm
Atomic transition system #438: computing init and goal distances using unit-cost algorithm
Atomic transition system #439: computing init and goal distances using unit-cost algorithm
Atomic transition system #440: computing init and goal distances using unit-cost algorithm
Atomic transition system #441: computing init and goal distances using unit-cost algorithm
Atomic transition system #442: computing init and goal distances using unit-cost algorithm
Atomic transition system #443: computing init and goal distances using unit-cost algorithm
Atomic transition system #444: computing init and goal distances using unit-cost algorithm
Atomic transition system #445: computing init and goal distances using unit-cost algorithm
Atomic transition system #446: computing init and goal distances using unit-cost algorithm
Atomic transition system #447: computing init and goal distances using unit-cost algorithm
Atomic transition system #448: computing init and goal distances using unit-cost algorithm
Atomic transition system #449: computing init and goal distances using unit-cost algorithm
Atomic transition system #450: computing init and goal distances using unit-cost algorithm
Atomic transition system #451: computing init and goal distances using unit-cost algorithm
Atomic transition system #452: computing init and goal distances using unit-cost algorithm
Atomic transition system #453: computing init and goal distances using unit-cost algorithm
Atomic transition system #454: computing init and goal distances using unit-cost algorithm
Atomic transition system #455: computing init and goal distances using unit-cost algorithm
Atomic transition system #456: computing init and goal distances using unit-cost algorithm
Atomic transition system #457: computing init and goal distances using unit-cost algorithm
Atomic transition system #458: computing init and goal distances using unit-cost algorithm
Atomic transition system #459: computing init and goal distances using unit-cost algorithm
Atomic transition system #460: computing init and goal distances using unit-cost algorithm
Atomic transition system #461: computing init and goal distances using unit-cost algorithm
Atomic transition system #462: computing init and goal distances using unit-cost algorithm
Atomic transition system #463: computing init and goal distances using unit-cost algorithm
Atomic transition system #464: computing init and goal distances using unit-cost algorithm
Atomic transition system #465: computing init and goal distances using unit-cost algorithm
Atomic transition system #466: computing init and goal distances using unit-cost algorithm
Atomic transition system #467: computing init and goal distances using unit-cost algorithm
Atomic transition system #468: computing init and goal distances using unit-cost algorithm
Atomic transition system #469: computing init and goal distances using unit-cost algorithm
Atomic transition system #470: computing init and goal distances using unit-cost algorithm
Atomic transition system #471: computing init and goal distances using unit-cost algorithm
Atomic transition system #472: computing init and goal distances using unit-cost algorithm
Atomic transition system #473: computing init and goal distances using unit-cost algorithm
Atomic transition system #474: computing init and goal distances using unit-cost algorithm
Atomic transition system #475: computing init and goal distances using unit-cost algorithm
Atomic transition system #476: computing init and goal distances using unit-cost algorithm
Atomic transition system #477: computing init and goal distances using unit-cost algorithm
Atomic transition system #478: computing init and goal distances using unit-cost algorithm
Atomic transition system #479: computing init and goal distances using unit-cost algorithm
done creating FTS 0.00583373
Atomic transition system #0: not applying abstraction (same number of states)
Atomic transition system #1: not applying abstraction (same number of states)
Atomic transition system #2: not applying abstraction (same number of states)
Atomic transition system #3: not applying abstraction (same number of states)
Atomic transition system #4: not applying abstraction (same number of states)
Atomic transition system #5: not applying abstraction (same number of states)
Atomic transition system #6: not applying abstraction (same number of states)
Atomic transition system #7: not applying abstraction (same number of states)
Atomic transition system #8: not applying abstraction (same number of states)
Atomic transition system #9: not applying abstraction (same number of states)
Atomic transition system #10: not applying abstraction (same number of states)
Atomic transition system #11: not applying abstraction (same number of states)
Atomic transition system #12: not applying abstraction (same number of states)
Atomic transition system #13: not applying abstraction (same number of states)
Atomic transition system #14: not applying abstraction (same number of states)
Atomic transition system #15: not applying abstraction (same number of states)
Atomic transition system #16: not applying abstraction (same number of states)
Atomic transition system #17: not applying abstraction (same number of states)
Atomic transition system #18: not applying abstraction (same number of states)
Atomic transition system #19: not applying abstraction (same number of states)
Atomic transition system #20: not applying abstraction (same number of states)
Atomic transition system #21: not applying abstraction (same number of states)
Atomic transition system #22: not applying abstraction (same number of states)
Atomic transition system #23: not applying abstraction (same number of states)
Atomic transition system #24: not applying abstraction (same number of states)
Atomic transition system #25: not applying abstraction (same number of states)
Atomic transition system #26: not applying abstraction (same number of states)
Atomic transition system #27: not applying abstraction (same number of states)
Atomic transition system #28: not applying abstraction (same number of states)
Atomic transition system #29: not applying abstraction (same number of states)
Atomic transition system #30: not applying abstraction (same number of states)
Atomic transition system #31: not applying abstraction (same number of states)
Atomic transition system #32: not applying abstraction (same number of states)
Atomic transition system #33: not applying abstraction (same number of states)
Atomic transition system #34: not applying abstraction (same number of states)
Atomic transition system #35: not applying abstraction (same number of states)
Atomic transition system #36: not applying abstraction (same number of states)
Atomic transition system #37: not applying abstraction (same number of states)
Atomic transition system #38: not applying abstraction (same number of states)
Atomic transition system #39: not applying abstraction (same number of states)
Atomic transition system #40: not applying abstraction (same number of states)
Atomic transition system #41: not applying abstraction (same number of states)
Atomic transition system #42: not applying abstraction (same number of states)
Atomic transition system #43: not applying abstraction (same number of states)
Atomic transition system #44: not applying abstraction (same number of states)
Atomic transition system #45: not applying abstraction (same number of states)
Atomic transition system #46: not applying abstraction (same number of states)
Atomic transition system #47: not applying abstraction (same number of states)
Atomic transition system #48: not applying abstraction (same number of states)
Atomic transition system #49: not applying abstraction (same number of states)
Atomic transition system #50: not applying abstraction (same number of states)
Atomic transition system #51: not applying abstraction (same number of states)
Atomic transition system #52: not applying abstraction (same number of states)
Atomic transition system #53: not applying abstraction (same number of states)
Atomic transition system #54: not applying abstraction (same number of states)
Atomic transition system #55: not applying abstraction (same number of states)
Atomic transition system #56: not applying abstraction (same number of states)
Atomic transition system #57: not applying abstraction (same number of states)
Atomic transition system #58: not applying abstraction (same number of states)
Atomic transition system #59: not applying abstraction (same number of states)
Atomic transition system #60: not applying abstraction (same number of states)
Atomic transition system #61: not applying abstraction (same number of states)
Atomic transition system #62: not applying abstraction (same number of states)
Atomic transition system #63: not applying abstraction (same number of states)
Atomic transition system #64: not applying abstraction (same number of states)
Atomic transition system #65: not applying abstraction (same number of states)
Atomic transition system #66: not applying abstraction (same number of states)
Atomic transition system #67: not applying abstraction (same number of states)
Atomic transition system #68: not applying abstraction (same number of states)
Atomic transition system #69: not applying abstraction (same number of states)
Atomic transition system #70: not applying abstraction (same number of states)
Atomic transition system #71: not applying abstraction (same number of states)
Atomic transition system #72: not applying abstraction (same number of states)
Atomic transition system #73: not applying abstraction (same number of states)
Atomic transition system #74: not applying abstraction (same number of states)
Atomic transition system #75: not applying abstraction (same number of states)
Atomic transition system #76: not applying abstraction (same number of states)
Atomic transition system #77: not applying abstraction (same number of states)
Atomic transition system #78: not applying abstraction (same number of states)
Atomic transition system #79: not applying abstraction (same number of states)
Atomic transition system #80: not applying abstraction (same number of states)
Atomic transition system #81: not applying abstraction (same number of states)
Atomic transition system #82: not applying abstraction (same number of states)
Atomic transition system #83: not applying abstraction (same number of states)
Atomic transition system #84: not applying abstraction (same number of states)
Atomic transition system #85: not applying abstraction (same number of states)
Atomic transition system #86: not applying abstraction (same number of states)
Atomic transition system #87: not applying abstraction (same number of states)
Atomic transition system #88: not applying abstraction (same number of states)
Atomic transition system #89: not applying abstraction (same number of states)
Atomic transition system #90: not applying abstraction (same number of states)
Atomic transition system #91: not applying abstraction (same number of states)
Atomic transition system #92: not applying abstraction (same number of states)
Atomic transition system #93: not applying abstraction (same number of states)
Atomic transition system #94: not applying abstraction (same number of states)
Atomic transition system #95: not applying abstraction (same number of states)
Atomic transition system #96: not applying abstraction (same number of states)
Atomic transition system #97: not applying abstraction (same number of states)
Atomic transition system #98: not applying abstraction (same number of states)
Atomic transition system #99: not applying abstraction (same number of states)
Atomic transition system #100: not applying abstraction (same number of states)
Atomic transition system #101: not applying abstraction (same number of states)
Atomic transition system #102: not applying abstraction (same number of states)
Atomic transition system #103: not applying abstraction (same number of states)
Atomic transition system #104: not applying abstraction (same number of states)
Atomic transition system #105: not applying abstraction (same number of states)
Atomic transition system #106: not applying abstraction (same number of states)
Atomic transition system #107: not applying abstraction (same number of states)
Atomic transition system #108: not applying abstraction (same number of states)
Atomic transition system #109: not applying abstraction (same number of states)
Atomic transition system #110: not applying abstraction (same number of states)
Atomic transition system #111: not applying abstraction (same number of states)
Atomic transition system #112: not applying abstraction (same number of states)
Atomic transition system #113: not applying abstraction (same number of states)
Atomic transition system #114: not applying abstraction (same number of states)
Atomic transition system #115: not applying abstraction (same number of states)
Atomic transition system #116: not applying abstraction (same number of states)
Atomic transition system #117: not applying abstraction (same number of states)
Atomic transition system #118: not applying abstraction (same number of states)
Atomic transition system #119: not applying abstraction (same number of states)
Atomic transition system #120: not applying abstraction (same number of states)
Atomic transition system #121: not applying abstraction (same number of states)
Atomic transition system #122: not applying abstraction (same number of states)
Atomic transition system #123: not applying abstraction (same number of states)
Atomic transition system #124: not applying abstraction (same number of states)
Atomic transition system #125: not applying abstraction (same number of states)
Atomic transition system #126: not applying abstraction (same number of states)
Atomic transition system #127: not applying abstraction (same number of states)
Atomic transition system #128: not applying abstraction (same number of states)
Atomic transition system #129: not applying abstraction (same number of states)
Atomic transition system #130: not applying abstraction (same number of states)
Atomic transition system #131: not applying abstraction (same number of states)
Atomic transition system #132: not applying abstraction (same number of states)
Atomic transition system #133: not applying abstraction (same number of states)
Atomic transition system #134: not applying abstraction (same number of states)
Atomic transition system #135: not applying abstraction (same number of states)
Atomic transition system #136: not applying abstraction (same number of states)
Atomic transition system #137: not applying abstraction (same number of states)
Atomic transition system #138: not applying abstraction (same number of states)
Atomic transition system #139: not applying abstraction (same number of states)
Atomic transition system #140: not applying abstraction (same number of states)
Atomic transition system #141: not applying abstraction (same number of states)
Atomic transition system #142: not applying abstraction (same number of states)
Atomic transition system #143: not applying abstraction (same number of states)
Atomic transition system #144: not applying abstraction (same number of states)
Atomic transition system #145: not applying abstraction (same number of states)
Atomic transition system #146: not applying abstraction (same number of states)
Atomic transition system #147: not applying abstraction (same number of states)
Atomic transition system #148: not applying abstraction (same number of states)
Atomic transition system #149: not applying abstraction (same number of states)
Atomic transition system #150: not applying abstraction (same number of states)
Atomic transition system #151: not applying abstraction (same number of states)
Atomic transition system #152: not applying abstraction (same number of states)
Atomic transition system #153: not applying abstraction (same number of states)
Atomic transition system #154: not applying abstraction (same number of states)
Atomic transition system #155: not applying abstraction (same number of states)
Atomic transition system #156: not applying abstraction (same number of states)
Atomic transition system #157: not applying abstraction (same number of states)
Atomic transition system #158: not applying abstraction (same number of states)
Atomic transition system #159: not applying abstraction (same number of states)
Atomic transition system #160: not applying abstraction (same number of states)
Atomic transition system #161: not applying abstraction (same number of states)
Atomic transition system #162: not applying abstraction (same number of states)
Atomic transition system #163: not applying abstraction (same number of states)
Atomic transition system #164: not applying abstraction (same number of states)
Atomic transition system #165: not applying abstraction (same number of states)
Atomic transition system #166: not applying abstraction (same number of states)
Atomic transition system #167: not applying abstraction (same number of states)
Atomic transition system #168: not applying abstraction (same number of states)
Atomic transition system #169: not applying abstraction (same number of states)
Atomic transition system #170: not applying abstraction (same number of states)
Atomic transition system #171: not applying abstraction (same number of states)
Atomic transition system #172: not applying abstraction (same number of states)
Atomic transition system #173: not applying abstraction (same number of states)
Atomic transition system #174: not applying abstraction (same number of states)
Atomic transition system #175: not applying abstraction (same number of states)
Atomic transition system #176: not applying abstraction (same number of states)
Atomic transition system #177: not applying abstraction (same number of states)
Atomic transition system #178: not applying abstraction (same number of states)
Atomic transition system #179: not applying abstraction (same number of states)
Atomic transition system #180: not applying abstraction (same number of states)
Atomic transition system #181: not applying abstraction (same number of states)
Atomic transition system #182: not applying abstraction (same number of states)
Atomic transition system #183: not applying abstraction (same number of states)
Atomic transition system #184: not applying abstraction (same number of states)
Atomic transition system #185: not applying abstraction (same number of states)
Atomic transition system #186: not applying abstraction (same number of states)
Atomic transition system #187: not applying abstraction (same number of states)
Atomic transition system #188: not applying abstraction (same number of states)
Atomic transition system #189: not applying abstraction (same number of states)
Atomic transition system #190: not applying abstraction (same number of states)
Atomic transition system #191: not applying abstraction (same number of states)
Atomic transition system #192: not applying abstraction (same number of states)
Atomic transition system #193: not applying abstraction (same number of states)
Atomic transition system #194: not applying abstraction (same number of states)
Atomic transition system #195: not applying abstraction (same number of states)
Atomic transition system #196: not applying abstraction (same number of states)
Atomic transition system #197: not applying abstraction (same number of states)
Atomic transition system #198: not applying abstraction (same number of states)
Atomic transition system #199: not applying abstraction (same number of states)
Atomic transition system #200: not applying abstraction (same number of states)
Atomic transition system #201: not applying abstraction (same number of states)
Atomic transition system #202: not applying abstraction (same number of states)
Atomic transition system #203: not applying abstraction (same number of states)
Atomic transition system #204: not applying abstraction (same number of states)
Atomic transition system #205: not applying abstraction (same number of states)
Atomic transition system #206: not applying abstraction (same number of states)
Atomic transition system #207: not applying abstraction (same number of states)
Atomic transition system #208: not applying abstraction (same number of states)
Atomic transition system #209: not applying abstraction (same number of states)
Atomic transition system #210: not applying abstraction (same number of states)
Atomic transition system #211: not applying abstraction (same number of states)
Atomic transition system #212: not applying abstraction (same number of states)
Atomic transition system #213: not applying abstraction (same number of states)
Atomic transition system #214: not applying abstraction (same number of states)
Atomic transition system #215: not applying abstraction (same number of states)
Atomic transition system #216: not applying abstraction (same number of states)
Atomic transition system #217: not applying abstraction (same number of states)
Atomic transition system #218: not applying abstraction (same number of states)
Atomic transition system #219: not applying abstraction (same number of states)
Atomic transition system #220: not applying abstraction (same number of states)
Atomic transition system #221: not applying abstraction (same number of states)
Atomic transition system #222: not applying abstraction (same number of states)
Atomic transition system #223: not applying abstraction (same number of states)
Atomic transition system #224: not applying abstraction (same number of states)
Atomic transition system #225: not applying abstraction (same number of states)
Atomic transition system #226: not applying abstraction (same number of states)
Atomic transition system #227: not applying abstraction (same number of states)
Atomic transition system #228: not applying abstraction (same number of states)
Atomic transition system #229: not applying abstraction (same number of states)
Atomic transition system #230: not applying abstraction (same number of states)
Atomic transition system #231: not applying abstraction (same number of states)
Atomic transition system #232: not applying abstraction (same number of states)
Atomic transition system #233: not applying abstraction (same number of states)
Atomic transition system #234: not applying abstraction (same number of states)
Atomic transition system #235: not applying abstraction (same number of states)
Atomic transition system #236: not applying abstraction (same number of states)
Atomic transition system #237: not applying abstraction (same number of states)
Atomic transition system #238: not applying abstraction (same number of states)
Atomic transition system #239: not applying abstraction (same number of states)
Atomic transition system #240: not applying abstraction (same number of states)
Atomic transition system #241: not applying abstraction (same number of states)
Atomic transition system #242: not applying abstraction (same number of states)
Atomic transition system #243: not applying abstraction (same number of states)
Atomic transition system #244: not applying abstraction (same number of states)
Atomic transition system #245: not applying abstraction (same number of states)
Atomic transition system #246: not applying abstraction (same number of states)
Atomic transition system #247: not applying abstraction (same number of states)
Atomic transition system #248: not applying abstraction (same number of states)
Atomic transition system #249: not applying abstraction (same number of states)
Atomic transition system #250: not applying abstraction (same number of states)
Atomic transition system #251: not applying abstraction (same number of states)
Atomic transition system #252: not applying abstraction (same number of states)
Atomic transition system #253: not applying abstraction (same number of states)
Atomic transition system #254: not applying abstraction (same number of states)
Atomic transition system #255: not applying abstraction (same number of states)
Atomic transition system #256: not applying abstraction (same number of states)
Atomic transition system #257: not applying abstraction (same number of states)
Atomic transition system #258: not applying abstraction (same number of states)
Atomic transition system #259: not applying abstraction (same number of states)
Atomic transition system #260: not applying abstraction (same number of states)
Atomic transition system #261: not applying abstraction (same number of states)
Atomic transition system #262: not applying abstraction (same number of states)
Atomic transition system #263: not applying abstraction (same number of states)
Atomic transition system #264: not applying abstraction (same number of states)
Atomic transition system #265: not applying abstraction (same number of states)
Atomic transition system #266: not applying abstraction (same number of states)
Atomic transition system #267: not applying abstraction (same number of states)
Atomic transition system #268: not applying abstraction (same number of states)
Atomic transition system #269: not applying abstraction (same number of states)
Atomic transition system #270: not applying abstraction (same number of states)
Atomic transition system #271: not applying abstraction (same number of states)
Atomic transition system #272: not applying abstraction (same number of states)
Atomic transition system #273: not applying abstraction (same number of states)
Atomic transition system #274: not applying abstraction (same number of states)
Atomic transition system #275: not applying abstraction (same number of states)
Atomic transition system #276: not applying abstraction (same number of states)
Atomic transition system #277: not applying abstraction (same number of states)
Atomic transition system #278: not applying abstraction (same number of states)
Atomic transition system #279: not applying abstraction (same number of states)
Atomic transition system #280: not applying abstraction (same number of states)
Atomic transition system #281: not applying abstraction (same number of states)
Atomic transition system #282: not applying abstraction (same number of states)
Atomic transition system #283: not applying abstraction (same number of states)
Atomic transition system #284: not applying abstraction (same number of states)
Atomic transition system #285: not applying abstraction (same number of states)
Atomic transition system #286: not applying abstraction (same number of states)
Atomic transition system #287: not applying abstraction (same number of states)
Atomic transition system #288: not applying abstraction (same number of states)
Atomic transition system #289: not applying abstraction (same number of states)
Atomic transition system #290: not applying abstraction (same number of states)
Atomic transition system #291: not applying abstraction (same number of states)
Atomic transition system #292: not applying abstraction (same number of states)
Atomic transition system #293: not applying abstraction (same number of states)
Atomic transition system #294: not applying abstraction (same number of states)
Atomic transition system #295: not applying abstraction (same number of states)
Atomic transition system #296: not applying abstraction (same number of states)
Atomic transition system #297: not applying abstraction (same number of states)
Atomic transition system #298: not applying abstraction (same number of states)
Atomic transition system #299: not applying abstraction (same number of states)
Atomic transition system #300: not applying abstraction (same number of states)
Atomic transition system #301: not applying abstraction (same number of states)
Atomic transition system #302: not applying abstraction (same number of states)
Atomic transition system #303: not applying abstraction (same number of states)
Atomic transition system #304: not applying abstraction (same number of states)
Atomic transition system #305: not applying abstraction (same number of states)
Atomic transition system #306: not applying abstraction (same number of states)
Atomic transition system #307: not applying abstraction (same number of states)
Atomic transition system #308: not applying abstraction (same number of states)
Atomic transition system #309: not applying abstraction (same number of states)
Atomic transition system #310: not applying abstraction (same number of states)
Atomic transition system #311: not applying abstraction (same number of states)
Atomic transition system #312: not applying abstraction (same number of states)
Atomic transition system #313: not applying abstraction (same number of states)
Atomic transition system #314: not applying abstraction (same number of states)
Atomic transition system #315: not applying abstraction (same number of states)
Atomic transition system #316: not applying abstraction (same number of states)
Atomic transition system #317: not applying abstraction (same number of states)
Atomic transition system #318: not applying abstraction (same number of states)
Atomic transition system #319: not applying abstraction (same number of states)
Atomic transition system #320: not applying abstraction (same number of states)
Atomic transition system #321: not applying abstraction (same number of states)
Atomic transition system #322: not applying abstraction (same number of states)
Atomic transition system #323: not applying abstraction (same number of states)
Atomic transition system #324: not applying abstraction (same number of states)
Atomic transition system #325: not applying abstraction (same number of states)
Atomic transition system #326: not applying abstraction (same number of states)
Atomic transition system #327: not applying abstraction (same number of states)
Atomic transition system #328: not applying abstraction (same number of states)
Atomic transition system #329: not applying abstraction (same number of states)
Atomic transition system #330: not applying abstraction (same number of states)
Atomic transition system #331: not applying abstraction (same number of states)
Atomic transition system #332: not applying abstraction (same number of states)
Atomic transition system #333: not applying abstraction (same number of states)
Atomic transition system #334: not applying abstraction (same number of states)
Atomic transition system #335: not applying abstraction (same number of states)
Atomic transition system #336: not applying abstraction (same number of states)
Atomic transition system #337: not applying abstraction (same number of states)
Atomic transition system #338: not applying abstraction (same number of states)
Atomic transition system #339: not applying abstraction (same number of states)
Atomic transition system #340: not applying abstraction (same number of states)
Atomic transition system #341: not applying abstraction (same number of states)
Atomic transition system #342: not applying abstraction (same number of states)
Atomic transition system #343: not applying abstraction (same number of states)
Atomic transition system #344: not applying abstraction (same number of states)
Atomic transition system #345: not applying abstraction (same number of states)
Atomic transition system #346: not applying abstraction (same number of states)
Atomic transition system #347: not applying abstraction (same number of states)
Atomic transition system #348: not applying abstraction (same number of states)
Atomic transition system #349: not applying abstraction (same number of states)
Atomic transition system #350: not applying abstraction (same number of states)
Atomic transition system #351: not applying abstraction (same number of states)
Atomic transition system #352: not applying abstraction (same number of states)
Atomic transition system #353: not applying abstraction (same number of states)
Atomic transition system #354: not applying abstraction (same number of states)
Atomic transition system #355: not applying abstraction (same number of states)
Atomic transition system #356: not applying abstraction (same number of states)
Atomic transition system #357: not applying abstraction (same number of states)
Atomic transition system #358: not applying abstraction (same number of states)
Atomic transition system #359: not applying abstraction (same number of states)
Atomic transition system #360: not applying abstraction (same number of states)
Atomic transition system #361: not applying abstraction (same number of states)
Atomic transition system #362: not applying abstraction (same number of states)
Atomic transition system #363: not applying abstraction (same number of states)
Atomic transition system #364: not applying abstraction (same number of states)
Atomic transition system #365: not applying abstraction (same number of states)
Atomic transition system #366: not applying abstraction (same number of states)
Atomic transition system #367: not applying abstraction (same number of states)
Atomic transition system #368: not applying abstraction (same number of states)
Atomic transition system #369: not applying abstraction (same number of states)
Atomic transition system #370: not applying abstraction (same number of states)
Atomic transition system #371: not applying abstraction (same number of states)
Atomic transition system #372: not applying abstraction (same number of states)
Atomic transition system #373: not applying abstraction (same number of states)
Atomic transition system #374: not applying abstraction (same number of states)
Atomic transition system #375: not applying abstraction (same number of states)
Atomic transition system #376: not applying abstraction (same number of states)
Atomic transition system #377: not applying abstraction (same number of states)
Atomic transition system #378: not applying abstraction (same number of states)
Atomic transition system #379: not applying abstraction (same number of states)
Atomic transition system #380: not applying abstraction (same number of states)
Atomic transition system #381: not applying abstraction (same number of states)
Atomic transition system #382: not applying abstraction (same number of states)
Atomic transition system #383: not applying abstraction (same number of states)
Atomic transition system #384: not applying abstraction (same number of states)
Atomic transition system #385: not applying abstraction (same number of states)
Atomic transition system #386: not applying abstraction (same number of states)
Atomic transition system #387: not applying abstraction (same number of states)
Atomic transition system #388: not applying abstraction (same number of states)
Atomic transition system #389: not applying abstraction (same number of states)
Atomic transition system #390: not applying abstraction (same number of states)
Atomic transition system #391: not applying abstraction (same number of states)
Atomic transition system #392: not applying abstraction (same number of states)
Atomic transition system #393: not applying abstraction (same number of states)
Atomic transition system #394: not applying abstraction (same number of states)
Atomic transition system #395: not applying abstraction (same number of states)
Atomic transition system #396: not applying abstraction (same number of states)
Atomic transition system #397: not applying abstraction (same number of states)
Atomic transition system #398: not applying abstraction (same number of states)
Atomic transition system #399: not applying abstraction (same number of states)
Atomic transition system #400: not applying abstraction (same number of states)
Atomic transition system #401: not applying abstraction (same number of states)
Atomic transition system #402: not applying abstraction (same number of states)
Atomic transition system #403: not applying abstraction (same number of states)
Atomic transition system #404: not applying abstraction (same number of states)
Atomic transition system #405: not applying abstraction (same number of states)
Atomic transition system #406: not applying abstraction (same number of states)
Atomic transition system #407: not applying abstraction (same number of states)
Atomic transition system #408: not applying abstraction (same number of states)
Atomic transition system #409: not applying abstraction (same number of states)
Atomic transition system #410: not applying abstraction (same number of states)
Atomic transition system #411: not applying abstraction (same number of states)
Atomic transition system #412: not applying abstraction (same number of states)
Atomic transition system #413: not applying abstraction (same number of states)
Atomic transition system #414: not applying abstraction (same number of states)
Atomic transition system #415: not applying abstraction (same number of states)
Atomic transition system #416: not applying abstraction (same number of states)
Atomic transition system #417: not applying abstraction (same number of states)
Atomic transition system #418: not applying abstraction (same number of states)
Atomic transition system #419: not applying abstraction (same number of states)
Atomic transition system #420: not applying abstraction (same number of states)
Atomic transition system #421: not applying abstraction (same number of states)
Atomic transition system #422: not applying abstraction (same number of states)
Atomic transition system #423: not applying abstraction (same number of states)
Atomic transition system #424: not applying abstraction (same number of states)
Atomic transition system #425: not applying abstraction (same number of states)
Atomic transition system #426: not applying abstraction (same number of states)
Atomic transition system #427: not applying abstraction (same number of states)
Atomic transition system #428: not applying abstraction (same number of states)
Atomic transition system #429: not applying abstraction (same number of states)
Atomic transition system #430: not applying abstraction (same number of states)
Atomic transition system #431: not applying abstraction (same number of states)
Atomic transition system #432: not applying abstraction (same number of states)
Atomic transition system #433: not applying abstraction (same number of states)
Atomic transition system #434: not applying abstraction (same number of states)
Atomic transition system #435: not applying abstraction (same number of states)
Atomic transition system #436: not applying abstraction (same number of states)
Atomic transition system #437: not applying abstraction (same number of states)
Atomic transition system #438: not applying abstraction (same number of states)
Atomic transition system #439: not applying abstraction (same number of states)
Atomic transition system #440: not applying abstraction (same number of states)
Atomic transition system #441: not applying abstraction (same number of states)
Atomic transition system #442: not applying abstraction (same number of states)
Atomic transition system #443: not applying abstraction (same number of states)
Atomic transition system #444: not applying abstraction (same number of states)
Atomic transition system #445: not applying abstraction (same number of states)
Atomic transition system #446: not applying abstraction (same number of states)
Atomic transition system #447: not applying abstraction (same number of states)
Atomic transition system #448: not applying abstraction (same number of states)
Atomic transition system #449: not applying abstraction (same number of states)
Atomic transition system #450: not applying abstraction (same number of states)
Atomic transition system #451: not applying abstraction (same number of states)
Atomic transition system #452: not applying abstraction (same number of states)
Atomic transition system #453: not applying abstraction (same number of states)
Atomic transition system #454: not applying abstraction (same number of states)
Atomic transition system #455: not applying abstraction (same number of states)
Atomic transition system #456: not applying abstraction (same number of states)
Atomic transition system #457: not applying abstraction (same number of states)
Atomic transition system #458: not applying abstraction (same number of states)
Atomic transition system #459: not applying abstraction (same number of states)
Atomic transition system #460: not applying abstraction (same number of states)
Atomic transition system #461: not applying abstraction (same number of states)
Atomic transition system #462: not applying abstraction (same number of states)
Atomic transition system #463: not applying abstraction (same number of states)
Atomic transition system #464: not applying abstraction (same number of states)
Atomic transition system #465: not applying abstraction (same number of states)
Atomic transition system #466: not applying abstraction (same number of states)
Atomic transition system #467: not applying abstraction (same number of states)
Atomic transition system #468: not applying abstraction (same number of states)
Atomic transition system #469: not applying abstraction (same number of states)
Atomic transition system #470: not applying abstraction (same number of states)
Atomic transition system #471: not applying abstraction (same number of states)
Atomic transition system #472: not applying abstraction (same number of states)
Atomic transition system #473: not applying abstraction (same number of states)
Atomic transition system #474: not applying abstraction (same number of states)
Atomic transition system #475: not applying abstraction (same number of states)
Atomic transition system #476: not applying abstraction (same number of states)
Atomic transition system #477: not applying abstraction (same number of states)
Atomic transition system #478: not applying abstraction (same number of states)
Atomic transition system #479: not applying abstraction (same number of states)
t=0.00583373s (after computation of atomic transition systems)

building causal graph...done! [t=0.128164s]
done initializing transition system data 0.00299819
done building transitions 0.00299819
done creating transition systems 0.00299819
done creating mas representations 0.00299819
done creating distances 0.00299819
done creating FTS 0.00299819
Found a trivial variable partitioning, using fallback merge strategy
Next pair of indices: (0, 47)
Atomic transition system #0: 2 states, 6 arcs 
Atomic transition system #0: init h=0
Atomic transition system #47: 2 states, 6 arcs 
Atomic transition system #47: init h=1
t=3.28753s (after computation of next merge)
Label reduction: 12 labels, 6 after reduction
t=3.36742s (after label reduction)
Atomic transition system #0: current size: 2 (shrink threshold: 1)
Atomic transition system #0: applying abstraction (2 to 1 states)
Atomic transition system #0: simplification was not f-preserving!
Atomic transition system #0: computing init and goal distances using unit-cost algorithm
Atomic transition system #0: 1 states, 1 arcs 
Atomic transition system #0: init h=0
Atomic transition system #47: current size: 2 (shrink threshold: 1)
Atomic transition system #47: not applying abstraction (same number of states)
t=3.36742s (after shrinking)
Merging atomic transition system #0 and atomic transition system #47
Composite transition system with 2/480 vars: computing init and goal distances using unit-cost algorithm
Composite transition system with 2/480 vars: 2 states, 6 arcs 
Composite transition system with 2/480 vars: init h=1
Difference of init h values: 0
t=3.36742s (after merging)
Composite transition system with 2/480 vars: not applying abstraction (same number of states)
Current peak memory increase of merge-and-shrink computation: 78848 KB

Next pair of indices: (1, 480)
Atomic transition system #1: 2 states, 6 arcs 
Atomic transition system #1: init h=0
Composite transition system with 2/480 vars: 2 states, 6 arcs 
Composite transition system with 2/480 vars: init h=1
t=4.81099s (after computation of next merge)
Atomic transition system #1: current size: 2 (shrink threshold: 1)
Atomic transition system #1: applying abstraction (2 to 1 states)
Atomic transition system #1: simplification was not f-preserving!
Atomic transition system #1: computing init and goal distances using unit-cost algorithm
Atomic transition system #1: 1 states, 1 arcs 
Atomic transition system #1: init h=0
Composite transition system with 2/480 vars: current size: 2 (shrink threshold: 1)
Composite transition system with 2/480 vars: not applying abstraction (same number of states)
t=4.89578s (after shrinking)
Merging atomic transition system #1 and composite transition system with 2/480 vars
Composite transition system with 3/480 vars: computing init and goal distances using unit-cost algorithm
Composite transition system with 3/480 vars: 2 states, 6 arcs 
Composite transition system with 3/480 vars: init h=1
Difference of init h values: 0
t=4.89578s (after merging)
Composite transition system with 3/480 vars: not applying abstraction (same number of states)
Current peak memory increase of merge-and-shrink computation: 78848 KB

Next pair of indices: (2, 481)
Atomic transition system #2: 2 states, 6 arcs 
Atomic transition system #2: init h=0
Composite transition system with 3/480 vars: 2 states, 6 arcs 
Composite transition system with 3/480 vars: init h=1
t=6.33804s (after computation of next merge)
Atomic transition system #2: current size: 2 (shrink threshold: 1)
Atomic transition system #2: applying abstraction (2 to 1 states)
Atomic transition system #2: simplification was not f-preserving!
Atomic transition system #2: computing init and goal distances using unit-cost algorithm
Atomic transition system #2: 1 states, 1 arcs 
Atomic transition system #2: init h=0
Composite transition system with 3/480 vars: current size: 2 (shrink threshold: 1)
Composite transition system with 3/480 vars: not applying abstraction (same number of states)
t=6.41315s (after shrinking)
Merging atomic transition system #2 and composite transition system with 3/480 vars
Composite transition system with 4/480 vars: computing init and goal distances using unit-cost algorithm
Composite transition system with 4/480 vars: 2 states, 6 arcs 
Composite transition system with 4/480 vars: init h=1
Difference of init h values: 0
t=6.41322s (after merging)
Composite transition system with 4/480 vars: not applying abstraction (same number of states)
Current peak memory increase of merge-and-shrink computation: 78848 KB

Next pair of indices: (5, 482)
Atomic transition system #5: 2 states, 6 arcs 
Atomic transition system #5: init h=0
Composite transition system with 4/480 vars: 2 states, 6 arcs 
Composite transition system with 4/480 vars: init h=1
t=7.85505s (after computation of next merge)
Atomic transition system #5: current size: 2 (shrink threshold: 1)
Atomic transition system #5: applying abstraction (2 to 1 states)
Atomic transition system #5: simplification was not f-preserving!
Atomic transition system #5: computing init and goal distances using unit-cost algorithm
Atomic transition system #5: 1 states, 1 arcs 
Atomic transition system #5: init h=0
Composite transition system with 4/480 vars: current size: 2 (shrink threshold: 1)
Composite transition system with 4/480 vars: not applying abstraction (same number of states)
t=7.93059s (after shrinking)
Merging atomic transition system #5 and composite transition system with 4/480 vars
Composite transition system with 5/480 vars: computing init and goal distances using unit-cost algorithm
Composite transition system with 5/480 vars: 2 states, 6 arcs 
Composite transition system with 5/480 vars: init h=1
Difference of init h values: 0
t=7.93063s (after merging)
Composite transition system with 5/480 vars: not applying abstraction (same number of states)
Current peak memory increase of merge-and-shrink computation: 78848 KB

Next pair of indices: (6, 483)
Atomic transition system #6: 2 states, 6 arcs 
Atomic transition system #6: init h=0
Composite transition system with 5/480 vars: 2 states, 6 arcs 
Composite transition system with 5/480 vars: init h=1
t=9.38657s (after computation of next merge)
Atomic transition system #6: current size: 2 (shrink threshold: 1)
Atomic transition system #6: applying abstraction (2 to 1 states)
Atomic transition system #6: simplification was not f-preserving!
Atomic transition system #6: computing init and goal distances using unit-cost algorithm
Atomic transition system #6: 1 states, 1 arcs 
Atomic transition system #6: init h=0
Composite transition system with 5/480 vars: current size: 2 (shrink threshold: 1)
Composite transition system with 5/480 vars: not applying abstraction (same number of states)
t=9.47055s (after shrinking)
Merging atomic transition system #6 and composite transition system with 5/480 vars
Composite transition system with 6/480 vars: computing init and goal distances using unit-cost algorithm
Composite transition system with 6/480 vars: 2 states, 6 arcs 
Composite transition system with 6/480 vars: init h=1
Difference of init h values: 0
t=9.47059s (after merging)
Composite transition system with 6/480 vars: not applying abstraction (same number of states)
Current peak memory increase of merge-and-shrink computation: 78848 KB

Next pair of indices: (7, 484)
Atomic transition system #7: 2 states, 6 arcs 
Atomic transition system #7: init h=0
Composite transition system with 6/480 vars: 2 states, 6 arcs 
Composite transition system with 6/480 vars: init h=1
t=10.9078s (after computation of next merge)
Atomic transition system #7: current size: 2 (shrink threshold: 1)
Atomic transition system #7: applying abstraction (2 to 1 states)
Atomic transition system #7: simplification was not f-preserving!
Atomic transition system #7: computing init and goal distances using unit-cost algorithm
Atomic transition system #7: 1 states, 1 arcs 
Atomic transition system #7: init h=0
Composite transition system with 6/480 vars: current size: 2 (shrink threshold: 1)
Composite transition system with 6/480 vars: not applying abstraction (same number of states)
t=10.9884s (after shrinking)
Merging atomic transition system #7 and composite transition system with 6/480 vars
Composite transition system with 7/480 vars: computing init and goal distances using unit-cost algorithm
Composite transition system with 7/480 vars: 2 states, 6 arcs 
Composite transition system with 7/480 vars: init h=1
Difference of init h values: 0
t=10.9885s (after merging)
Composite transition system with 7/480 vars: not applying abstraction (same number of states)
Current peak memory increase of merge-and-shrink computation: 78848 KB

Next pair of indices: (8, 485)
Atomic transition system #8: 2 states, 6 arcs 
Atomic transition system #8: init h=0
Composite transition system with 7/480 vars: 2 states, 6 arcs 
Composite transition system with 7/480 vars: init h=1
t=12.447s (after computation of next merge)
Atomic transition system #8: current size: 2 (shrink threshold: 1)
Atomic transition system #8: applying abstraction (2 to 1 states)
Atomic transition system #8: simplification was not f-preserving!
Atomic transition system #8: computing init and goal distances using unit-cost algorithm
Atomic transition system #8: 1 states, 1 arcs 
Atomic transition system #8: init h=0
Composite transition system with 7/480 vars: current size: 2 (shrink threshold: 1)
Composite transition system with 7/480 vars: not applying abstraction (same number of states)
t=12.5215s (after shrinking)
Merging atomic transition system #8 and composite transition system with 7/480 vars
Composite transition system with 8/480 vars: computing init and goal distances using unit-cost algorithm
Composite transition system with 8/480 vars: 2 states, 6 arcs 
Composite transition system with 8/480 vars: init h=1
Difference of init h values: 0
t=12.5216s (after merging)
Composite transition system with 8/480 vars: not applying abstraction (same number of states)
Current peak memory increase of merge-and-shrink computation: 78848 KB

Next pair of indices: (9, 486)
Atomic transition system #9: 2 states, 6 arcs 
Atomic transition system #9: init h=0
Composite transition system with 8/480 vars: 2 states, 6 arcs 
Composite transition system with 8/480 vars: init h=1
t=13.9619s (after computation of next merge)
Atomic transition system #9: current size: 2 (shrink threshold: 1)
Atomic transition system #9: applying abstraction (2 to 1 states)
Atomic transition system #9: simplification was not f-preserving!
Atomic transition system #9: computing init and goal distances using unit-cost algorithm
Atomic transition system #9: 1 states, 1 arcs 
Atomic transition system #9: init h=0
Composite transition system with 8/480 vars: current size: 2 (shrink threshold: 1)
Composite transition system with 8/480 vars: not applying abstraction (same number of states)
t=14.0372s (after shrinking)
Merging atomic transition system #9 and composite transition system with 8/480 vars
Composite transition system with 9/480 vars: computing init and goal distances using unit-cost algorithm
Composite transition system with 9/480 vars: 2 states, 6 arcs 
Composite transition system with 9/480 vars: init h=1
Difference of init h values: 0
t=14.0372s (after merging)
Composite transition system with 9/480 vars: not applying abstraction (same number of states)
Current peak memory increase of merge-and-shrink computation: 78848 KB

Next pair of indices: (10, 487)
Atomic transition system #10: 2 states, 6 arcs 
Atomic transition system #10: init h=0
Composite transition system with 9/480 vars: 2 states, 6 arcs 
Composite transition system with 9/480 vars: init h=1
t=15.4533s (after computation of next merge)
Atomic transition system #10: current size: 2 (shrink threshold: 1)
Atomic transition system #10: applying abstraction (2 to 1 states)
Atomic transition system #10: simplification was not f-preserving!
Atomic transition system #10: computing init and goal distances using unit-cost algorithm
Atomic transition system #10: 1 states, 1 arcs 
Atomic transition system #10: init h=0
Composite transition system with 9/480 vars: current size: 2 (shrink threshold: 1)
Composite transition system with 9/480 vars: not applying abstraction (same number of states)
t=15.5311s (after shrinking)
Merging atomic transition system #10 and composite transition system with 9/480 vars
Composite transition system with 10/480 vars: computing init and goal distances using unit-cost algorithm
Composite transition system with 10/480 vars: 2 states, 6 arcs 
Composite transition system with 10/480 vars: init h=1
Difference of init h values: 0
t=15.5311s (after merging)
Composite transition system with 10/480 vars: not applying abstraction (same number of states)
Current peak memory increase of merge-and-shrink computation: 78848 KB

Next pair of indices: (11, 488)
Atomic transition system #11: 2 states, 6 arcs 
Atomic transition system #11: init h=0
Composite transition system with 10/480 vars: 2 states, 6 arcs 
Composite transition system with 10/480 vars: init h=1
t=16.9392s (after computation of next merge)
Atomic transition system #11: current size: 2 (shrink threshold: 1)
Atomic transition system #11: applying abstraction (2 to 1 states)
Atomic transition system #11: simplification was not f-preserving!
Atomic transition system #11: computing init and goal distances using unit-cost algorithm
Atomic transition system #11: 1 states, 1 arcs 
Atomic transition system #11: init h=0
Composite transition system with 10/480 vars: current size: 2 (shrink threshold: 1)
Composite transition system with 10/480 vars: not applying abstraction (same number of states)
t=17.0151s (after shrinking)
Merging atomic transition system #11 and composite transition system with 10/480 vars
Composite transition system with 11/480 vars: computing init and goal distances using unit-cost algorithm
Composite transition system with 11/480 vars: 2 states, 6 arcs 
Composite transition system with 11/480 vars: init h=1
Difference of init h values: 0
t=17.0151s (after merging)
Composite transition system with 11/480 vars: not applying abstraction (same number of states)
Current peak memory increase of merge-and-shrink computation: 78848 KB

Next pair of indices: (13, 489)
Atomic transition system #13: 2 states, 6 arcs 
Atomic transition system #13: init h=0
Composite transition system with 11/480 vars: 2 states, 6 arcs 
Composite transition system with 11/480 vars: init h=1
t=18.4334s (after computation of next merge)
Atomic transition system #13: current size: 2 (shrink threshold: 1)
Atomic transition system #13: applying abstraction (2 to 1 states)
Atomic transition system #13: simplification was not f-preserving!
Atomic transition system #13: computing init and goal distances using unit-cost algorithm
Atomic transition system #13: 1 states, 1 arcs 
Atomic transition system #13: init h=0
Composite transition system with 11/480 vars: current size: 2 (shrink threshold: 1)
Composite transition system with 11/480 vars: not applying abstraction (same number of states)
t=18.5106s (after shrinking)
Merging atomic transition system #13 and composite transition system with 11/480 vars
Composite transition system with 12/480 vars: computing init and goal distances using unit-cost algorithm
Composite transition system with 12/480 vars: 2 states, 6 arcs 
Composite transition system with 12/480 vars: init h=1
Difference of init h values: 0
t=18.5106s (after merging)
Composite transition system with 12/480 vars: not applying abstraction (same number of states)
Current peak memory increase of merge-and-shrink computation: 78848 KB

Next pair of indices: (14, 490)
Atomic transition system #14: 2 states, 6 arcs 
Atomic transition system #14: init h=0
Composite transition system with 12/480 vars: 2 states, 6 arcs 
Composite transition system with 12/480 vars: init h=1
t=19.9241s (after computation of next merge)
Atomic transition system #14: current size: 2 (shrink threshold: 1)
Atomic transition system #14: applying abstraction (2 to 1 states)
Atomic transition system #14: simplification was not f-preserving!
Atomic transition system #14: computing init and goal distances using unit-cost algorithm
Atomic transition system #14: 1 states, 1 arcs 
Atomic transition system #14: init h=0
Composite transition system with 12/480 vars: current size: 2 (shrink threshold: 1)
Composite transition system with 12/480 vars: not applying abstraction (same number of states)
t=20.0027s (after shrinking)
Merging atomic transition system #14 and composite transition system with 12/480 vars
Composite transition system with 13/480 vars: computing init and goal distances using unit-cost algorithm
Composite transition system with 13/480 vars: 2 states, 6 arcs 
Composite transition system with 13/480 vars: init h=1
Difference of init h values: 0
t=20.0027s (after merging)
Composite transition system with 13/480 vars: not applying abstraction (same number of states)
Current peak memory increase of merge-and-shrink computation: 78848 KB

Next pair of indices: (15, 491)
Atomic transition system #15: 2 states, 6 arcs 
Atomic transition system #15: init h=0
Composite transition system with 13/480 vars: 2 states, 6 arcs 
Composite transition system with 13/480 vars: init h=1
t=21.4179s (after computation of next merge)
Atomic transition system #15: current size: 2 (shrink threshold: 1)
Atomic transition system #15: applying abstraction (2 to 1 states)
Atomic transition system #15: simplification was not f-preserving!
Atomic transition system #15: computing init and goal distances using unit-cost algorithm
Atomic transition system #15: 1 states, 1 arcs 
Atomic transition system #15: init h=0
Composite transition system with 13/480 vars: current size: 2 (shrink threshold: 1)
Composite transition system with 13/480 vars: not applying abstraction (same number of states)
t=21.4944s (after shrinking)
Merging atomic transition system #15 and composite transition system with 13/480 vars
Composite transition system with 14/480 vars: computing init and goal distances using unit-cost algorithm
Composite transition system with 14/480 vars: 2 states, 6 arcs 
Composite transition system with 14/480 vars: init h=1
Difference of init h values: 0
t=21.4945s (after merging)
Composite transition system with 14/480 vars: not applying abstraction (same number of states)
Current peak memory increase of merge-and-shrink computation: 78848 KB

Next pair of indices: (23, 492)
Atomic transition system #23: 2 states, 6 arcs 
Atomic transition system #23: init h=1
Composite transition system with 14/480 vars: 2 states, 6 arcs 
Composite transition system with 14/480 vars: init h=1
t=22.8958s (after computation of next merge)
Atomic transition system #23: current size: 2 (shrink threshold: 1)
Atomic transition system #23: not applying abstraction (same number of states)
Composite transition system with 14/480 vars: current size: 2 (shrink threshold: 1)
Composite transition system with 14/480 vars: not applying abstraction (same number of states)
Merging atomic transition system #23 and composite transition system with 14/480 vars
Composite transition system with 15/480 vars: computing init and goal distances using unit-cost algorithm
Composite transition system with 15/480 vars: 4 states, 36 arcs 
Composite transition system with 15/480 vars: init h=1
Difference of init h values: 0
t=22.9709s (after merging)
Composite transition system with 15/480 vars: not applying abstraction (same number of states)
Current peak memory increase of merge-and-shrink computation: 78848 KB

Next pair of indices: (4, 493)
Atomic transition system #4: 2 states, 6 arcs 
Atomic transition system #4: init h=0
Composite transition system with 15/480 vars: 4 states, 36 arcs 
Composite transition system with 15/480 vars: init h=1
t=24.3588s (after computation of next merge)
Atomic transition system #4: current size: 2 (shrink threshold: 1)
Atomic transition system #4: applying abstraction (2 to 1 states)
Atomic transition system #4: simplification was not f-preserving!
Atomic transition system #4: computing init and goal distances using unit-cost algorithm
Atomic transition system #4: 1 states, 1 arcs 
Atomic transition system #4: init h=0
Composite transition system with 15/480 vars: current size: 4 (shrink threshold: 1)
Composite transition system with 15/480 vars: not applying abstraction (same number of states)
t=24.4304s (after shrinking)
Merging atomic transition system #4 and composite transition system with 15/480 vars
Composite transition system with 16/480 vars: computing init and goal distances using unit-cost algorithm
Composite transition system with 16/480 vars: 4 states, 36 arcs 
Composite transition system with 16/480 vars: init h=1
Difference of init h values: 0
t=24.4305s (after merging)
Composite transition system with 16/480 vars: not applying abstraction (same number of states)
Current peak memory increase of merge-and-shrink computation: 78848 KB

Next pair of indices: (16, 494)
Atomic transition system #16: 2 states, 6 arcs 
Atomic transition system #16: init h=0
Composite transition system with 16/480 vars: 4 states, 36 arcs 
Composite transition system with 16/480 vars: init h=1
t=25.813s (after computation of next merge)
Atomic transition system #16: current size: 2 (shrink threshold: 1)
Atomic transition system #16: applying abstraction (2 to 1 states)
Atomic transition system #16: simplification was not f-preserving!
Atomic transition system #16: computing init and goal distances using unit-cost algorithm
Atomic transition system #16: 1 states, 1 arcs 
Atomic transition system #16: init h=0
Composite transition system with 16/480 vars: current size: 4 (shrink threshold: 1)
Composite transition system with 16/480 vars: not applying abstraction (same number of states)
t=25.8844s (after shrinking)
Merging atomic transition system #16 and composite transition system with 16/480 vars
Composite transition system with 17/480 vars: computing init and goal distances using unit-cost algorithm
Composite transition system with 17/480 vars: 4 states, 36 arcs 
Composite transition system with 17/480 vars: init h=1
Difference of init h values: 0
t=25.8845s (after merging)
Composite transition system with 17/480 vars: not applying abstraction (same number of states)
Current peak memory increase of merge-and-shrink computation: 78848 KB

Next pair of indices: (17, 495)
Atomic transition system #17: 2 states, 6 arcs 
Atomic transition system #17: init h=0
Composite transition system with 17/480 vars: 4 states, 36 arcs 
Composite transition system with 17/480 vars: init h=1
t=27.257s (after computation of next merge)
Atomic transition system #17: current size: 2 (shrink threshold: 1)
Atomic transition system #17: applying abstraction (2 to 1 states)
Atomic transition system #17: simplification was not f-preserving!
Atomic transition system #17: computing init and goal distances using unit-cost algorithm
Atomic transition system #17: 1 states, 1 arcs 
Atomic transition system #17: init h=0
Composite transition system with 17/480 vars: current size: 4 (shrink threshold: 1)
Composite transition system with 17/480 vars: not applying abstraction (same number of states)
t=27.328s (after shrinking)
Merging atomic transition system #17 and composite transition system with 17/480 vars
Composite transition system with 18/480 vars: computing init and goal distances using unit-cost algorithm
Composite transition system with 18/480 vars: 4 states, 36 arcs 
Composite transition system with 18/480 vars: init h=1
Difference of init h values: 0
t=27.328s (after merging)
Composite transition system with 18/480 vars: not applying abstraction (same number of states)
Current peak memory increase of merge-and-shrink computation: 78848 KB

Next pair of indices: (20, 496)
Atomic transition system #20: 2 states, 6 arcs 
Atomic transition system #20: init h=0
Composite transition system with 18/480 vars: 4 states, 36 arcs 
Composite transition system with 18/480 vars: init h=1
t=28.7046s (after computation of next merge)
Atomic transition system #20: current size: 2 (shrink threshold: 1)
Atomic transition system #20: applying abstraction (2 to 1 states)
Atomic transition system #20: simplification was not f-preserving!
Atomic transition system #20: computing init and goal distances using unit-cost algorithm
Atomic transition system #20: 1 states, 1 arcs 
Atomic transition system #20: init h=0
Composite transition system with 18/480 vars: current size: 4 (shrink threshold: 1)
Composite transition system with 18/480 vars: not applying abstraction (same number of states)
t=28.7767s (after shrinking)
Merging atomic transition system #20 and composite transition system with 18/480 vars
Composite transition system with 19/480 vars: computing init and goal distances using unit-cost algorithm
Composite transition system with 19/480 vars: 4 states, 36 arcs 
Composite transition system with 19/480 vars: init h=1
Difference of init h values: 0
t=28.7767s (after merging)
Composite transition system with 19/480 vars: not applying abstraction (same number of states)
Current peak memory increase of merge-and-shrink computation: 78848 KB

Next pair of indices: (21, 497)
Atomic transition system #21: 2 states, 6 arcs 
Atomic transition system #21: init h=0
Composite transition system with 19/480 vars: 4 states, 36 arcs 
Composite transition system with 19/480 vars: init h=1
t=30.1562s (after computation of next merge)
Atomic transition system #21: current size: 2 (shrink threshold: 1)
Atomic transition system #21: applying abstraction (2 to 1 states)
Atomic transition system #21: simplification was not f-preserving!
Atomic transition system #21: computing init and goal distances using unit-cost algorithm
Atomic transition system #21: 1 states, 1 arcs 
Atomic transition system #21: init h=0
Composite transition system with 19/480 vars: current size: 4 (shrink threshold: 1)
Composite transition system with 19/480 vars: not applying abstraction (same number of states)
t=30.2309s (after shrinking)
Merging atomic transition system #21 and composite transition system with 19/480 vars
Composite transition system with 20/480 vars: computing init and goal distances using unit-cost algorithm
Composite transition system with 20/480 vars: 4 states, 36 arcs 
Composite transition system with 20/480 vars: init h=1
Difference of init h values: 0
t=30.231s (after merging)
Composite transition system with 20/480 vars: not applying abstraction (same number of states)
Current peak memory increase of merge-and-shrink computation: 78848 KB

Next pair of indices: (22, 498)
Atomic transition system #22: 2 states, 6 arcs 
Atomic transition system #22: init h=0
Composite transition system with 20/480 vars: 4 states, 36 arcs 
Composite transition system with 20/480 vars: init h=1
t=31.6045s (after computation of next merge)
Atomic transition system #22: current size: 2 (shrink threshold: 1)
Atomic transition system #22: applying abstraction (2 to 1 states)
Atomic transition system #22: simplification was not f-preserving!
Atomic transition system #22: computing init and goal distances using unit-cost algorithm
Atomic transition system #22: 1 states, 1 arcs 
Atomic transition system #22: init h=0
Composite transition system with 20/480 vars: current size: 4 (shrink threshold: 1)
Composite transition system with 20/480 vars: not applying abstraction (same number of states)
t=31.6739s (after shrinking)
Merging atomic transition system #22 and composite transition system with 20/480 vars
Composite transition system with 21/480 vars: computing init and goal distances using unit-cost algorithm
Composite transition system with 21/480 vars: 4 states, 36 arcs 
Composite transition system with 21/480 vars: init h=1
Difference of init h values: 0
t=31.674s (after merging)
Composite transition system with 21/480 vars: not applying abstraction (same number of states)
Current peak memory increase of merge-and-shrink computation: 78848 KB

Next pair of indices: (24, 499)
Atomic transition system #24: 2 states, 6 arcs 
Atomic transition system #24: init h=0
Composite transition system with 21/480 vars: 4 states, 36 arcs 
Composite transition system with 21/480 vars: init h=1
t=33.0191s (after computation of next merge)
Atomic transition system #24: current size: 2 (shrink threshold: 1)
Atomic transition system #24: applying abstraction (2 to 1 states)
Atomic transition system #24: simplification was not f-preserving!
Atomic transition system #24: computing init and goal distances using unit-cost algorithm
Atomic transition system #24: 1 states, 1 arcs 
Atomic transition system #24: init h=0
Composite transition system with 21/480 vars: current size: 4 (shrink threshold: 1)
Composite transition system with 21/480 vars: not applying abstraction (same number of states)
t=33.094s (after shrinking)
Merging atomic transition system #24 and composite transition system with 21/480 vars
Composite transition system with 22/480 vars: computing init and goal distances using unit-cost algorithm
Composite transition system with 22/480 vars: 4 states, 36 arcs 
Composite transition system with 22/480 vars: init h=1
Difference of init h values: 0
t=33.0941s (after merging)
Composite transition system with 22/480 vars: not applying abstraction (same number of states)
Current peak memory increase of merge-and-shrink computation: 78848 KB

Next pair of indices: (25, 500)
Atomic transition system #25: 2 states, 6 arcs 
Atomic transition system #25: init h=0
Composite transition system with 22/480 vars: 4 states, 36 arcs 
Composite transition system with 22/480 vars: init h=1
t=34.4545s (after computation of next merge)
Atomic transition system #25: current size: 2 (shrink threshold: 1)
Atomic transition system #25: applying abstraction (2 to 1 states)
Atomic transition system #25: simplification was not f-preserving!
Atomic transition system #25: computing init and goal distances using unit-cost algorithm
Atomic transition system #25: 1 states, 1 arcs 
Atomic transition system #25: init h=0
Composite transition system with 22/480 vars: current size: 4 (shrink threshold: 1)
Composite transition system with 22/480 vars: not applying abstraction (same number of states)
t=34.5291s (after shrinking)
Merging atomic transition system #25 and composite transition system with 22/480 vars
Composite transition system with 23/480 vars: computing init and goal distances using unit-cost algorithm
Composite transition system with 23/480 vars: 4 states, 36 arcs 
Composite transition system with 23/480 vars: init h=1
Difference of init h values: 0
t=34.5292s (after merging)
Composite transition system with 23/480 vars: not applying abstraction (same number of states)
Current peak memory increase of merge-and-shrink computation: 78848 KB

Next pair of indices: (26, 501)
Atomic transition system #26: 2 states, 6 arcs 
Atomic transition system #26: init h=0
Composite transition system with 23/480 vars: 4 states, 36 arcs 
Composite transition system with 23/480 vars: init h=1
t=35.8787s (after computation of next merge)
Atomic transition system #26: current size: 2 (shrink threshold: 1)
Atomic transition system #26: applying abstraction (2 to 1 states)
Atomic transition system #26: simplification was not f-preserving!
Atomic transition system #26: computing init and goal distances using unit-cost algorithm
Atomic transition system #26: 1 states, 1 arcs 
Atomic transition system #26: init h=0
Composite transition system with 23/480 vars: current size: 4 (shrink threshold: 1)
Composite transition system with 23/480 vars: not applying abstraction (same number of states)
t=35.947s (after shrinking)
Merging atomic transition system #26 and composite transition system with 23/480 vars
Composite transition system with 24/480 vars: computing init and goal distances using unit-cost algorithm
Composite transition system with 24/480 vars: 4 states, 36 arcs 
Composite transition system with 24/480 vars: init h=1
Difference of init h values: 0
t=35.947s (after merging)
Composite transition system with 24/480 vars: not applying abstraction (same number of states)
Current peak memory increase of merge-and-shrink computation: 78848 KB

Next pair of indices: (28, 502)
Atomic transition system #28: 2 states, 6 arcs 
Atomic transition system #28: init h=0
Composite transition system with 24/480 vars: 4 states, 36 arcs 
Composite transition system with 24/480 vars: init h=1
t=37.302s (after computation of next merge)
Atomic transition system #28: current size: 2 (shrink threshold: 1)
Atomic transition system #28: applying abstraction (2 to 1 states)
Atomic transition system #28: simplification was not f-preserving!
Atomic transition system #28: computing init and goal distances using unit-cost algorithm
Atomic transition system #28: 1 states, 1 arcs 
Atomic transition system #28: init h=0
Composite transition system with 24/480 vars: current size: 4 (shrink threshold: 1)
Composite transition system with 24/480 vars: not applying abstraction (same number of states)
t=37.3736s (after shrinking)
Merging atomic transition system #28 and composite transition system with 24/480 vars
Composite transition system with 25/480 vars: computing init and goal distances using unit-cost algorithm
Composite transition system with 25/480 vars: 4 states, 36 arcs 
Composite transition system with 25/480 vars: init h=1
Difference of init h values: 0
t=37.3737s (after merging)
Composite transition system with 25/480 vars: not applying abstraction (same number of states)
Current peak memory increase of merge-and-shrink computation: 78848 KB

Next pair of indices: (29, 503)
Atomic transition system #29: 2 states, 6 arcs 
Atomic transition system #29: init h=0
Composite transition system with 25/480 vars: 4 states, 36 arcs 
Composite transition system with 25/480 vars: init h=1
t=38.7158s (after computation of next merge)
Atomic transition system #29: current size: 2 (shrink threshold: 1)
Atomic transition system #29: applying abstraction (2 to 1 states)
Atomic transition system #29: simplification was not f-preserving!
Atomic transition system #29: computing init and goal distances using unit-cost algorithm
Atomic transition system #29: 1 states, 1 arcs 
Atomic transition system #29: init h=0
Composite transition system with 25/480 vars: current size: 4 (shrink threshold: 1)
Composite transition system with 25/480 vars: not applying abstraction (same number of states)
t=38.7876s (after shrinking)
Merging atomic transition system #29 and composite transition system with 25/480 vars
Composite transition system with 26/480 vars: computing init and goal distances using unit-cost algorithm
Composite transition system with 26/480 vars: 4 states, 36 arcs 
Composite transition system with 26/480 vars: init h=1
Difference of init h values: 0
t=38.7876s (after merging)
Composite transition system with 26/480 vars: not applying abstraction (same number of states)
Current peak memory increase of merge-and-shrink computation: 78848 KB

Next pair of indices: (30, 504)
Atomic transition system #30: 2 states, 6 arcs 
Atomic transition system #30: init h=0
Composite transition system with 26/480 vars: 4 states, 36 arcs 
Composite transition system with 26/480 vars: init h=1
t=40.1261s (after computation of next merge)
Atomic transition system #30: current size: 2 (shrink threshold: 1)
Atomic transition system #30: applying abstraction (2 to 1 states)
Atomic transition system #30: simplification was not f-preserving!
Atomic transition system #30: computing init and goal distances using unit-cost algorithm
Atomic transition system #30: 1 states, 1 arcs 
Atomic transition system #30: init h=0
Composite transition system with 26/480 vars: current size: 4 (shrink threshold: 1)
Composite transition system with 26/480 vars: not applying abstraction (same number of states)
t=40.1948s (after shrinking)
Merging atomic transition system #30 and composite transition system with 26/480 vars
Composite transition system with 27/480 vars: computing init and goal distances using unit-cost algorithm
Composite transition system with 27/480 vars: 4 states, 36 arcs 
Composite transition system with 27/480 vars: init h=1
Difference of init h values: 0
t=40.1949s (after merging)
Composite transition system with 27/480 vars: not applying abstraction (same number of states)
Current peak memory increase of merge-and-shrink computation: 78848 KB

Next pair of indices: (31, 505)
Atomic transition system #31: 2 states, 6 arcs 
Atomic transition system #31: init h=0
Composite transition system with 27/480 vars: 4 states, 36 arcs 
Composite transition system with 27/480 vars: init h=1
t=41.5898s (after computation of next merge)
Atomic transition system #31: current size: 2 (shrink threshold: 1)
Atomic transition system #31: applying abstraction (2 to 1 states)
Atomic transition system #31: simplification was not f-preserving!
Atomic transition system #31: computing init and goal distances using unit-cost algorithm
Atomic transition system #31: 1 states, 1 arcs 
Atomic transition system #31: init h=0
Composite transition system with 27/480 vars: current size: 4 (shrink threshold: 1)
Composite transition system with 27/480 vars: not applying abstraction (same number of states)
t=41.6653s (after shrinking)
Merging atomic transition system #31 and composite transition system with 27/480 vars
Composite transition system with 28/480 vars: computing init and goal distances using unit-cost algorithm
Composite transition system with 28/480 vars: 4 states, 36 arcs 
Composite transition system with 28/480 vars: init h=1
Difference of init h values: 0
t=41.6654s (after merging)
Composite transition system with 28/480 vars: not applying abstraction (same number of states)
Current peak memory increase of merge-and-shrink computation: 78848 KB

Next pair of indices: (32, 506)
Atomic transition system #32: 2 states, 6 arcs 
Atomic transition system #32: init h=0
Composite transition system with 28/480 vars: 4 states, 36 arcs 
Composite transition system with 28/480 vars: init h=1
t=43.06s (after computation of next merge)
Atomic transition system #32: current size: 2 (shrink threshold: 1)
Atomic transition system #32: applying abstraction (2 to 1 states)
Atomic transition system #32: simplification was not f-preserving!
Atomic transition system #32: computing init and goal distances using unit-cost algorithm
Atomic transition system #32: 1 states, 1 arcs 
Atomic transition system #32: init h=0
Composite transition system with 28/480 vars: current size: 4 (shrink threshold: 1)
Composite transition system with 28/480 vars: not applying abstraction (same number of states)
t=43.1361s (after shrinking)
Merging atomic transition system #32 and composite transition system with 28/480 vars
Composite transition system with 29/480 vars: computing init and goal distances using unit-cost algorithm
Composite transition system with 29/480 vars: 4 states, 36 arcs 
Composite transition system with 29/480 vars: init h=1
Difference of init h values: 0
t=43.1362s (after merging)
Composite transition system with 29/480 vars: not applying abstraction (same number of states)
Current peak memory increase of merge-and-shrink computation: 78848 KB

Next pair of indices: (33, 507)
Atomic transition system #33: 2 states, 6 arcs 
Atomic transition system #33: init h=0
Composite transition system with 29/480 vars: 4 states, 36 arcs 
Composite transition system with 29/480 vars: init h=1
t=44.5018s (after computation of next merge)
Atomic transition system #33: current size: 2 (shrink threshold: 1)
Atomic transition system #33: applying abstraction (2 to 1 states)
Atomic transition system #33: simplification was not f-preserving!
Atomic transition system #33: computing init and goal distances using unit-cost algorithm
Atomic transition system #33: 1 states, 1 arcs 
Atomic transition system #33: init h=0
Composite transition system with 29/480 vars: current size: 4 (shrink threshold: 1)
Composite transition system with 29/480 vars: not applying abstraction (same number of states)
t=44.5704s (after shrinking)
Merging atomic transition system #33 and composite transition system with 29/480 vars
Composite transition system with 30/480 vars: computing init and goal distances using unit-cost algorithm
Composite transition system with 30/480 vars: 4 states, 36 arcs 
Composite transition system with 30/480 vars: init h=1
Difference of init h values: 0
t=44.5704s (after merging)
Composite transition system with 30/480 vars: not applying abstraction (same number of states)
Current peak memory increase of merge-and-shrink computation: 78848 KB

Next pair of indices: (34, 508)
Atomic transition system #34: 2 states, 6 arcs 
Atomic transition system #34: init h=0
Composite transition system with 30/480 vars: 4 states, 36 arcs 
Composite transition system with 30/480 vars: init h=1
t=45.9228s (after computation of next merge)
Atomic transition system #34: current size: 2 (shrink threshold: 1)
Atomic transition system #34: applying abstraction (2 to 1 states)
Atomic transition system #34: simplification was not f-preserving!
Atomic transition system #34: computing init and goal distances using unit-cost algorithm
Atomic transition system #34: 1 states, 1 arcs 
Atomic transition system #34: init h=0
Composite transition system with 30/480 vars: current size: 4 (shrink threshold: 1)
Composite transition system with 30/480 vars: not applying abstraction (same number of states)
t=45.995s (after shrinking)
Merging atomic transition system #34 and composite transition system with 30/480 vars
Composite transition system with 31/480 vars: computing init and goal distances using unit-cost algorithm
Composite transition system with 31/480 vars: 4 states, 36 arcs 
Composite transition system with 31/480 vars: init h=1
Difference of init h values: 0
t=45.9951s (after merging)
Composite transition system with 31/480 vars: not applying abstraction (same number of states)
Current peak memory increase of merge-and-shrink computation: 78848 KB

Next pair of indices: (35, 509)
Atomic transition system #35: 2 states, 6 arcs 
Atomic transition system #35: init h=0
Composite transition system with 31/480 vars: 4 states, 36 arcs 
Composite transition system with 31/480 vars: init h=1
t=47.3269s (after computation of next merge)
Atomic transition system #35: current size: 2 (shrink threshold: 1)
Atomic transition system #35: applying abstraction (2 to 1 states)
Atomic transition system #35: simplification was not f-preserving!
Atomic transition system #35: computing init and goal distances using unit-cost algorithm
Atomic transition system #35: 1 states, 1 arcs 
Atomic transition system #35: init h=0
Composite transition system with 31/480 vars: current size: 4 (shrink threshold: 1)
Composite transition system with 31/480 vars: not applying abstraction (same number of states)
t=47.3948s (after shrinking)
Merging atomic transition system #35 and composite transition system with 31/480 vars
Composite transition system with 32/480 vars: computing init and goal distances using unit-cost algorithm
Composite transition system with 32/480 vars: 4 states, 36 arcs 
Composite transition system with 32/480 vars: init h=1
Difference of init h values: 0
t=47.3949s (after merging)
Composite transition system with 32/480 vars: not applying abstraction (same number of states)
Current peak memory increase of merge-and-shrink computation: 78848 KB

Next pair of indices: (37, 510)
Atomic transition system #37: 2 states, 6 arcs 
Atomic transition system #37: init h=0
Composite transition system with 32/480 vars: 4 states, 36 arcs 
Composite transition system with 32/480 vars: init h=1
t=48.7343s (after computation of next merge)
Atomic transition system #37: current size: 2 (shrink threshold: 1)
Atomic transition system #37: applying abstraction (2 to 1 states)
Atomic transition system #37: simplification was not f-preserving!
Atomic transition system #37: computing init and goal distances using unit-cost algorithm
Atomic transition system #37: 1 states, 1 arcs 
Atomic transition system #37: init h=0
Composite transition system with 32/480 vars: current size: 4 (shrink threshold: 1)
Composite transition system with 32/480 vars: not applying abstraction (same number of states)
t=48.8015s (after shrinking)
Merging atomic transition system #37 and composite transition system with 32/480 vars
Composite transition system with 33/480 vars: computing init and goal distances using unit-cost algorithm
Composite transition system with 33/480 vars: 4 states, 36 arcs 
Composite transition system with 33/480 vars: init h=1
Difference of init h values: 0
t=48.8016s (after merging)
Composite transition system with 33/480 vars: not applying abstraction (same number of states)
Current peak memory increase of merge-and-shrink computation: 78848 KB

Next pair of indices: (38, 511)
Atomic transition system #38: 2 states, 6 arcs 
Atomic transition system #38: init h=0
Composite transition system with 33/480 vars: 4 states, 36 arcs 
Composite transition system with 33/480 vars: init h=1
t=50.1261s (after computation of next merge)
Atomic transition system #38: current size: 2 (shrink threshold: 1)
Atomic transition system #38: applying abstraction (2 to 1 states)
Atomic transition system #38: simplification was not f-preserving!
Atomic transition system #38: computing init and goal distances using unit-cost algorithm
Atomic transition system #38: 1 states, 1 arcs 
Atomic transition system #38: init h=0
Composite transition system with 33/480 vars: current size: 4 (shrink threshold: 1)
Composite transition system with 33/480 vars: not applying abstraction (same number of states)
t=50.1962s (after shrinking)
Merging atomic transition system #38 and composite transition system with 33/480 vars
Composite transition system with 34/480 vars: computing init and goal distances using unit-cost algorithm
Composite transition system with 34/480 vars: 4 states, 36 arcs 
Composite transition system with 34/480 vars: init h=1
Difference of init h values: 0
t=50.1962s (after merging)
Composite transition system with 34/480 vars: not applying abstraction (same number of states)
Current peak memory increase of merge-and-shrink computation: 78848 KB

Next pair of indices: (39, 512)
Atomic transition system #39: 2 states, 6 arcs 
Atomic transition system #39: init h=0
Composite transition system with 34/480 vars: 4 states, 36 arcs 
Composite transition system with 34/480 vars: init h=1
t=51.525s (after computation of next merge)
Atomic transition system #39: current size: 2 (shrink threshold: 1)
Atomic transition system #39: applying abstraction (2 to 1 states)
Atomic transition system #39: simplification was not f-preserving!
Atomic transition system #39: computing init and goal distances using unit-cost algorithm
Atomic transition system #39: 1 states, 1 arcs 
Atomic transition system #39: init h=0
Composite transition system with 34/480 vars: current size: 4 (shrink threshold: 1)
Composite transition system with 34/480 vars: not applying abstraction (same number of states)
t=51.5871s (after shrinking)
Merging atomic transition system #39 and composite transition system with 34/480 vars
Composite transition system with 35/480 vars: computing init and goal distances using unit-cost algorithm
Composite transition system with 35/480 vars: 4 states, 36 arcs 
Composite transition system with 35/480 vars: init h=1
Difference of init h values: 0
t=51.5871s (after merging)
Composite transition system with 35/480 vars: not applying abstraction (same number of states)
Current peak memory increase of merge-and-shrink computation: 78848 KB

Next pair of indices: (40, 513)
Atomic transition system #40: 2 states, 6 arcs 
Atomic transition system #40: init h=0
Composite transition system with 35/480 vars: 4 states, 36 arcs 
Composite transition system with 35/480 vars: init h=1
t=52.9065s (after computation of next merge)
Atomic transition system #40: current size: 2 (shrink threshold: 1)
Atomic transition system #40: applying abstraction (2 to 1 states)
Atomic transition system #40: simplification was not f-preserving!
Atomic transition system #40: computing init and goal distances using unit-cost algorithm
Atomic transition system #40: 1 states, 1 arcs 
Atomic transition system #40: init h=0
Composite transition system with 35/480 vars: current size: 4 (shrink threshold: 1)
Composite transition system with 35/480 vars: not applying abstraction (same number of states)
t=52.9735s (after shrinking)
Merging atomic transition system #40 and composite transition system with 35/480 vars
Composite transition system with 36/480 vars: computing init and goal distances using unit-cost algorithm
Composite transition system with 36/480 vars: 4 states, 36 arcs 
Composite transition system with 36/480 vars: init h=1
Difference of init h values: 0
t=52.9735s (after merging)
Composite transition system with 36/480 vars: not applying abstraction (same number of states)
Current peak memory increase of merge-and-shrink computation: 78848 KB

Next pair of indices: (41, 514)
Atomic transition system #41: 2 states, 6 arcs 
Atomic transition system #41: init h=0
Composite transition system with 36/480 vars: 4 states, 36 arcs 
Composite transition system with 36/480 vars: init h=1
t=54.3035s (after computation of next merge)
Atomic transition system #41: current size: 2 (shrink threshold: 1)
Atomic transition system #41: applying abstraction (2 to 1 states)
Atomic transition system #41: simplification was not f-preserving!
Atomic transition system #41: computing init and goal distances using unit-cost algorithm
Atomic transition system #41: 1 states, 1 arcs 
Atomic transition system #41: init h=0
Composite transition system with 36/480 vars: current size: 4 (shrink threshold: 1)
Composite transition system with 36/480 vars: not applying abstraction (same number of states)
t=54.3692s (after shrinking)
Merging atomic transition system #41 and composite transition system with 36/480 vars
Composite transition system with 37/480 vars: computing init and goal distances using unit-cost algorithm
Composite transition system with 37/480 vars: 4 states, 36 arcs 
Composite transition system with 37/480 vars: init h=1
Difference of init h values: 0
t=54.3692s (after merging)
Composite transition system with 37/480 vars: not applying abstraction (same number of states)
Current peak memory increase of merge-and-shrink computation: 78848 KB

Next pair of indices: (44, 515)
Atomic transition system #44: 2 states, 6 arcs 
Atomic transition system #44: init h=0
Composite transition system with 37/480 vars: 4 states, 36 arcs 
Composite transition system with 37/480 vars: init h=1
t=55.6798s (after computation of next merge)
Atomic transition system #44: current size: 2 (shrink threshold: 1)
Atomic transition system #44: applying abstraction (2 to 1 states)
Atomic transition system #44: simplification was not f-preserving!
Atomic transition system #44: computing init and goal distances using unit-cost algorithm
Atomic transition system #44: 1 states, 1 arcs 
Atomic transition system #44: init h=0
Composite transition system with 37/480 vars: current size: 4 (shrink threshold: 1)
Composite transition system with 37/480 vars: not applying abstraction (same number of states)
t=55.7442s (after shrinking)
Merging atomic transition system #44 and composite transition system with 37/480 vars
Composite transition system with 38/480 vars: computing init and goal distances using unit-cost algorithm
Composite transition system with 38/480 vars: 4 states, 36 arcs 
Composite transition system with 38/480 vars: init h=1
Difference of init h values: 0
t=55.7443s (after merging)
Composite transition system with 38/480 vars: not applying abstraction (same number of states)
Current peak memory increase of merge-and-shrink computation: 78848 KB

Next pair of indices: (45, 516)
Atomic transition system #45: 2 states, 6 arcs 
Atomic transition system #45: init h=0
Composite transition system with 38/480 vars: 4 states, 36 arcs 
Composite transition system with 38/480 vars: init h=1
t=57.0547s (after computation of next merge)
Atomic transition system #45: current size: 2 (shrink threshold: 1)
Atomic transition system #45: applying abstraction (2 to 1 states)
Atomic transition system #45: simplification was not f-preserving!
Atomic transition system #45: computing init and goal distances using unit-cost algorithm
Atomic transition system #45: 1 states, 1 arcs 
Atomic transition system #45: init h=0
Composite transition system with 38/480 vars: current size: 4 (shrink threshold: 1)
Composite transition system with 38/480 vars: not applying abstraction (same number of states)
t=57.1221s (after shrinking)
Merging atomic transition system #45 and composite transition system with 38/480 vars
Composite transition system with 39/480 vars: computing init and goal distances using unit-cost algorithm
Composite transition system with 39/480 vars: 4 states, 36 arcs 
Composite transition system with 39/480 vars: init h=1
Difference of init h values: 0
t=57.1222s (after merging)
Composite transition system with 39/480 vars: not applying abstraction (same number of states)
Current peak memory increase of merge-and-shrink computation: 78848 KB

Next pair of indices: (46, 517)
Atomic transition system #46: 2 states, 6 arcs 
Atomic transition system #46: init h=0
Composite transition system with 39/480 vars: 4 states, 36 arcs 
Composite transition system with 39/480 vars: init h=1
t=58.4414s (after computation of next merge)
Atomic transition system #46: current size: 2 (shrink threshold: 1)
Atomic transition system #46: applying abstraction (2 to 1 states)
Atomic transition system #46: simplification was not f-preserving!
Atomic transition system #46: computing init and goal distances using unit-cost algorithm
Atomic transition system #46: 1 states, 1 arcs 
Atomic transition system #46: init h=0
Composite transition system with 39/480 vars: current size: 4 (shrink threshold: 1)
Composite transition system with 39/480 vars: not applying abstraction (same number of states)
t=58.5102s (after shrinking)
Merging atomic transition system #46 and composite transition system with 39/480 vars
Composite transition system with 40/480 vars: computing init and goal distances using unit-cost algorithm
Composite transition system with 40/480 vars: 4 states, 36 arcs 
Composite transition system with 40/480 vars: init h=1
Difference of init h values: 0
t=58.5103s (after merging)
Composite transition system with 40/480 vars: not applying abstraction (same number of states)
Current peak memory increase of merge-and-shrink computation: 78848 KB

Next pair of indices: (48, 518)
Atomic transition system #48: 2 states, 6 arcs 
Atomic transition system #48: init h=0
Composite transition system with 40/480 vars: 4 states, 36 arcs 
Composite transition system with 40/480 vars: init h=1
t=59.8216s (after computation of next merge)
Atomic transition system #48: current size: 2 (shrink threshold: 1)
Atomic transition system #48: applying abstraction (2 to 1 states)
Atomic transition system #48: simplification was not f-preserving!
Atomic transition system #48: computing init and goal distances using unit-cost algorithm
Atomic transition system #48: 1 states, 1 arcs 
Atomic transition system #48: init h=0
Composite transition system with 40/480 vars: current size: 4 (shrink threshold: 1)
Composite transition system with 40/480 vars: not applying abstraction (same number of states)
t=59.8914s (after shrinking)
Merging atomic transition system #48 and composite transition system with 40/480 vars
Composite transition system with 41/480 vars: computing init and goal distances using unit-cost algorithm
Composite transition system with 41/480 vars: 4 states, 36 arcs 
Composite transition system with 41/480 vars: init h=1
Difference of init h values: 0
t=59.8915s (after merging)
Composite transition system with 41/480 vars: not applying abstraction (same number of states)
Current peak memory increase of merge-and-shrink computation: 78848 KB

Next pair of indices: (49, 519)
Atomic transition system #49: 2 states, 6 arcs 
Atomic transition system #49: init h=0
Composite transition system with 41/480 vars: 4 states, 36 arcs 
Composite transition system with 41/480 vars: init h=1
t=61.2031s (after computation of next merge)
Atomic transition system #49: current size: 2 (shrink threshold: 1)
Atomic transition system #49: applying abstraction (2 to 1 states)
Atomic transition system #49: simplification was not f-preserving!
Atomic transition system #49: computing init and goal distances using unit-cost algorithm
Atomic transition system #49: 1 states, 1 arcs 
Atomic transition system #49: init h=0
Composite transition system with 41/480 vars: current size: 4 (shrink threshold: 1)
Composite transition system with 41/480 vars: not applying abstraction (same number of states)
t=61.2676s (after shrinking)
Merging atomic transition system #49 and composite transition system with 41/480 vars
Composite transition system with 42/480 vars: computing init and goal distances using unit-cost algorithm
Composite transition system with 42/480 vars: 4 states, 36 arcs 
Composite transition system with 42/480 vars: init h=1
Difference of init h values: 0
t=61.2677s (after merging)
Composite transition system with 42/480 vars: not applying abstraction (same number of states)
Current peak memory increase of merge-and-shrink computation: 78848 KB

Next pair of indices: (50, 520)
Atomic transition system #50: 2 states, 6 arcs 
Atomic transition system #50: init h=0
Composite transition system with 42/480 vars: 4 states, 36 arcs 
Composite transition system with 42/480 vars: init h=1
t=62.596s (after computation of next merge)
Atomic transition system #50: current size: 2 (shrink threshold: 1)
Atomic transition system #50: applying abstraction (2 to 1 states)
Atomic transition system #50: simplification was not f-preserving!
Atomic transition system #50: computing init and goal distances using unit-cost algorithm
Atomic transition system #50: 1 states, 1 arcs 
Atomic transition system #50: init h=0
Composite transition system with 42/480 vars: current size: 4 (shrink threshold: 1)
Composite transition system with 42/480 vars: not applying abstraction (same number of states)
t=62.6665s (after shrinking)
Merging atomic transition system #50 and composite transition system with 42/480 vars
Composite transition system with 43/480 vars: computing init and goal distances using unit-cost algorithm
Composite transition system with 43/480 vars: 4 states, 36 arcs 
Composite transition system with 43/480 vars: init h=1
Difference of init h values: 0
t=62.6665s (after merging)
Composite transition system with 43/480 vars: not applying abstraction (same number of states)
Current peak memory increase of merge-and-shrink computation: 78848 KB

Next pair of indices: (52, 521)
Atomic transition system #52: 2 states, 6 arcs 
Atomic transition system #52: init h=0
Composite transition system with 43/480 vars: 4 states, 36 arcs 
Composite transition system with 43/480 vars: init h=1
t=63.9769s (after computation of next merge)
Atomic transition system #52: current size: 2 (shrink threshold: 1)
Atomic transition system #52: applying abstraction (2 to 1 states)
Atomic transition system #52: simplification was not f-preserving!
Atomic transition system #52: computing init and goal distances using unit-cost algorithm
Atomic transition system #52: 1 states, 1 arcs 
Atomic transition system #52: init h=0
Composite transition system with 43/480 vars: current size: 4 (shrink threshold: 1)
Composite transition system with 43/480 vars: not applying abstraction (same number of states)
t=64.0451s (after shrinking)
Merging atomic transition system #52 and composite transition system with 43/480 vars
Composite transition system with 44/480 vars: computing init and goal distances using unit-cost algorithm
Composite transition system with 44/480 vars: 4 states, 36 arcs 
Composite transition system with 44/480 vars: init h=1
Difference of init h values: 0
t=64.0451s (after merging)
Composite transition system with 44/480 vars: not applying abstraction (same number of states)
Current peak memory increase of merge-and-shrink computation: 78848 KB

Next pair of indices: (53, 522)
Atomic transition system #53: 2 states, 6 arcs 
Atomic transition system #53: init h=0
Composite transition system with 44/480 vars: 4 states, 36 arcs 
Composite transition system with 44/480 vars: init h=1
t=65.3363s (after computation of next merge)
Atomic transition system #53: current size: 2 (shrink threshold: 1)
Atomic transition system #53: applying abstraction (2 to 1 states)
Atomic transition system #53: simplification was not f-preserving!
Atomic transition system #53: computing init and goal distances using unit-cost algorithm
Atomic transition system #53: 1 states, 1 arcs 
Atomic transition system #53: init h=0
Composite transition system with 44/480 vars: current size: 4 (shrink threshold: 1)
Composite transition system with 44/480 vars: not applying abstraction (same number of states)
t=65.3992s (after shrinking)
Merging atomic transition system #53 and composite transition system with 44/480 vars
Composite transition system with 45/480 vars: computing init and goal distances using unit-cost algorithm
Composite transition system with 45/480 vars: 4 states, 36 arcs 
Composite transition system with 45/480 vars: init h=1
Difference of init h values: 0
t=65.3993s (after merging)
Composite transition system with 45/480 vars: not applying abstraction (same number of states)
Current peak memory increase of merge-and-shrink computation: 78848 KB

Next pair of indices: (54, 523)
Atomic transition system #54: 2 states, 6 arcs 
Atomic transition system #54: init h=0
Composite transition system with 45/480 vars: 4 states, 36 arcs 
Composite transition system with 45/480 vars: init h=1
t=66.7097s (after computation of next merge)
Atomic transition system #54: current size: 2 (shrink threshold: 1)
Atomic transition system #54: applying abstraction (2 to 1 states)
Atomic transition system #54: simplification was not f-preserving!
Atomic transition system #54: computing init and goal distances using unit-cost algorithm
Atomic transition system #54: 1 states, 1 arcs 
Atomic transition system #54: init h=0
Composite transition system with 45/480 vars: current size: 4 (shrink threshold: 1)
Composite transition system with 45/480 vars: not applying abstraction (same number of states)
t=66.7772s (after shrinking)
Merging atomic transition system #54 and composite transition system with 45/480 vars
Composite transition system with 46/480 vars: computing init and goal distances using unit-cost algorithm
Composite transition system with 46/480 vars: 4 states, 36 arcs 
Composite transition system with 46/480 vars: init h=1
Difference of init h values: 0
t=66.7772s (after merging)
Composite transition system with 46/480 vars: not applying abstraction (same number of states)
Current peak memory increase of merge-and-shrink computation: 78848 KB

Next pair of indices: (55, 524)
Atomic transition system #55: 2 states, 6 arcs 
Atomic transition system #55: init h=0
Composite transition system with 46/480 vars: 4 states, 36 arcs 
Composite transition system with 46/480 vars: init h=1
t=68.0773s (after computation of next merge)
Atomic transition system #55: current size: 2 (shrink threshold: 1)
Atomic transition system #55: applying abstraction (2 to 1 states)
Atomic transition system #55: simplification was not f-preserving!
Atomic transition system #55: computing init and goal distances using unit-cost algorithm
Atomic transition system #55: 1 states, 1 arcs 
Atomic transition system #55: init h=0
Composite transition system with 46/480 vars: current size: 4 (shrink threshold: 1)
Composite transition system with 46/480 vars: not applying abstraction (same number of states)
t=68.1382s (after shrinking)
Merging atomic transition system #55 and composite transition system with 46/480 vars
Composite transition system with 47/480 vars: computing init and goal distances using unit-cost algorithm
Composite transition system with 47/480 vars: 4 states, 36 arcs 
Composite transition system with 47/480 vars: init h=1
Difference of init h values: 0
t=68.1383s (after merging)
Composite transition system with 47/480 vars: not applying abstraction (same number of states)
Current peak memory increase of merge-and-shrink computation: 78848 KB

Next pair of indices: (56, 525)
Atomic transition system #56: 2 states, 6 arcs 
Atomic transition system #56: init h=0
Composite transition system with 47/480 vars: 4 states, 36 arcs 
Composite transition system with 47/480 vars: init h=1
t=69.4294s (after computation of next merge)
Atomic transition system #56: current size: 2 (shrink threshold: 1)
Atomic transition system #56: applying abstraction (2 to 1 states)
Atomic transition system #56: simplification was not f-preserving!
Atomic transition system #56: computing init and goal distances using unit-cost algorithm
Atomic transition system #56: 1 states, 1 arcs 
Atomic transition system #56: init h=0
Composite transition system with 47/480 vars: current size: 4 (shrink threshold: 1)
Composite transition system with 47/480 vars: not applying abstraction (same number of states)
t=69.4916s (after shrinking)
Merging atomic transition system #56 and composite transition system with 47/480 vars
Composite transition system with 48/480 vars: computing init and goal distances using unit-cost algorithm
Composite transition system with 48/480 vars: 4 states, 36 arcs 
Composite transition system with 48/480 vars: init h=1
Difference of init h values: 0
t=69.4916s (after merging)
Composite transition system with 48/480 vars: not applying abstraction (same number of states)
Current peak memory increase of merge-and-shrink computation: 78848 KB

Next pair of indices: (57, 526)
Atomic transition system #57: 2 states, 6 arcs 
Atomic transition system #57: init h=0
Composite transition system with 48/480 vars: 4 states, 36 arcs 
Composite transition system with 48/480 vars: init h=1
t=70.7783s (after computation of next merge)
Atomic transition system #57: current size: 2 (shrink threshold: 1)
Atomic transition system #57: applying abstraction (2 to 1 states)
Atomic transition system #57: simplification was not f-preserving!
Atomic transition system #57: computing init and goal distances using unit-cost algorithm
Atomic transition system #57: 1 states, 1 arcs 
Atomic transition system #57: init h=0
Composite transition system with 48/480 vars: current size: 4 (shrink threshold: 1)
Composite transition system with 48/480 vars: not applying abstraction (same number of states)
t=70.8446s (after shrinking)
Merging atomic transition system #57 and composite transition system with 48/480 vars
Composite transition system with 49/480 vars: computing init and goal distances using unit-cost algorithm
Composite transition system with 49/480 vars: 4 states, 36 arcs 
Composite transition system with 49/480 vars: init h=1
Difference of init h values: 0
t=70.8446s (after merging)
Composite transition system with 49/480 vars: not applying abstraction (same number of states)
Current peak memory increase of merge-and-shrink computation: 78848 KB

Next pair of indices: (58, 527)
Atomic transition system #58: 2 states, 6 arcs 
Atomic transition system #58: init h=0
Composite transition system with 49/480 vars: 4 states, 36 arcs 
Composite transition system with 49/480 vars: init h=1
t=72.1462s (after computation of next merge)
Atomic transition system #58: current size: 2 (shrink threshold: 1)
Atomic transition system #58: applying abstraction (2 to 1 states)
Atomic transition system #58: simplification was not f-preserving!
Atomic transition system #58: computing init and goal distances using unit-cost algorithm
Atomic transition system #58: 1 states, 1 arcs 
Atomic transition system #58: init h=0
Composite transition system with 49/480 vars: current size: 4 (shrink threshold: 1)
Composite transition system with 49/480 vars: not applying abstraction (same number of states)
t=72.2066s (after shrinking)
Merging atomic transition system #58 and composite transition system with 49/480 vars
Composite transition system with 50/480 vars: computing init and goal distances using unit-cost algorithm
Composite transition system with 50/480 vars: 4 states, 36 arcs 
Composite transition system with 50/480 vars: init h=1
Difference of init h values: 0
t=72.2066s (after merging)
Composite transition system with 50/480 vars: not applying abstraction (same number of states)
Current peak memory increase of merge-and-shrink computation: 78848 KB

Next pair of indices: (59, 528)
Atomic transition system #59: 2 states, 6 arcs 
Atomic transition system #59: init h=0
Composite transition system with 50/480 vars: 4 states, 36 arcs 
Composite transition system with 50/480 vars: init h=1
t=73.4844s (after computation of next merge)
Atomic transition system #59: current size: 2 (shrink threshold: 1)
Atomic transition system #59: applying abstraction (2 to 1 states)
Atomic transition system #59: simplification was not f-preserving!
Atomic transition system #59: computing init and goal distances using unit-cost algorithm
Atomic transition system #59: 1 states, 1 arcs 
Atomic transition system #59: init h=0
Composite transition system with 50/480 vars: current size: 4 (shrink threshold: 1)
Composite transition system with 50/480 vars: not applying abstraction (same number of states)
t=73.5522s (after shrinking)
Merging atomic transition system #59 and composite transition system with 50/480 vars
Composite transition system with 51/480 vars: computing init and goal distances using unit-cost algorithm
Composite transition system with 51/480 vars: 4 states, 36 arcs 
Composite transition system with 51/480 vars: init h=1
Difference of init h values: 0
t=73.5522s (after merging)
Composite transition system with 51/480 vars: not applying abstraction (same number of states)
Current peak memory increase of merge-and-shrink computation: 78848 KB

Next pair of indices: (60, 529)
Atomic transition system #60: 2 states, 6 arcs 
Atomic transition system #60: init h=0
Composite transition system with 51/480 vars: 4 states, 36 arcs 
Composite transition system with 51/480 vars: init h=1
t=74.8414s (after computation of next merge)
Atomic transition system #60: current size: 2 (shrink threshold: 1)
Atomic transition system #60: applying abstraction (2 to 1 states)
Atomic transition system #60: simplification was not f-preserving!
Atomic transition system #60: computing init and goal distances using unit-cost algorithm
Atomic transition system #60: 1 states, 1 arcs 
Atomic transition system #60: init h=0
Composite transition system with 51/480 vars: current size: 4 (shrink threshold: 1)
Composite transition system with 51/480 vars: not applying abstraction (same number of states)
t=74.9021s (after shrinking)
Merging atomic transition system #60 and composite transition system with 51/480 vars
Composite transition system with 52/480 vars: computing init and goal distances using unit-cost algorithm
Composite transition system with 52/480 vars: 4 states, 36 arcs 
Composite transition system with 52/480 vars: init h=1
Difference of init h values: 0
t=74.9021s (after merging)
Composite transition system with 52/480 vars: not applying abstraction (same number of states)
Current peak memory increase of merge-and-shrink computation: 78848 KB

Next pair of indices: (62, 530)
Atomic transition system #62: 2 states, 6 arcs 
Atomic transition system #62: init h=0
Composite transition system with 52/480 vars: 4 states, 36 arcs 
Composite transition system with 52/480 vars: init h=1
t=76.1904s (after computation of next merge)
Atomic transition system #62: current size: 2 (shrink threshold: 1)
Atomic transition system #62: applying abstraction (2 to 1 states)
Atomic transition system #62: simplification was not f-preserving!
Atomic transition system #62: computing init and goal distances using unit-cost algorithm
Atomic transition system #62: 1 states, 1 arcs 
Atomic transition system #62: init h=0
Composite transition system with 52/480 vars: current size: 4 (shrink threshold: 1)
Composite transition system with 52/480 vars: not applying abstraction (same number of states)
t=76.2564s (after shrinking)
Merging atomic transition system #62 and composite transition system with 52/480 vars
Composite transition system with 53/480 vars: computing init and goal distances using unit-cost algorithm
Composite transition system with 53/480 vars: 4 states, 36 arcs 
Composite transition system with 53/480 vars: init h=1
Difference of init h values: 0
t=76.2564s (after merging)
Composite transition system with 53/480 vars: not applying abstraction (same number of states)
Current peak memory increase of merge-and-shrink computation: 78848 KB

Next pair of indices: (63, 531)
Atomic transition system #63: 2 states, 6 arcs 
Atomic transition system #63: init h=0
Composite transition system with 53/480 vars: 4 states, 36 arcs 
Composite transition system with 53/480 vars: init h=1
t=77.5269s (after computation of next merge)
Atomic transition system #63: current size: 2 (shrink threshold: 1)
Atomic transition system #63: applying abstraction (2 to 1 states)
Atomic transition system #63: simplification was not f-preserving!
Atomic transition system #63: computing init and goal distances using unit-cost algorithm
Atomic transition system #63: 1 states, 1 arcs 
Atomic transition system #63: init h=0
Composite transition system with 53/480 vars: current size: 4 (shrink threshold: 1)
Composite transition system with 53/480 vars: not applying abstraction (same number of states)
t=77.595s (after shrinking)
Merging atomic transition system #63 and composite transition system with 53/480 vars
Composite transition system with 54/480 vars: computing init and goal distances using unit-cost algorithm
Composite transition system with 54/480 vars: 4 states, 36 arcs 
Composite transition system with 54/480 vars: init h=1
Difference of init h values: 0
t=77.595s (after merging)
Composite transition system with 54/480 vars: not applying abstraction (same number of states)
Current peak memory increase of merge-and-shrink computation: 78848 KB

Next pair of indices: (64, 532)
Atomic transition system #64: 2 states, 6 arcs 
Atomic transition system #64: init h=0
Composite transition system with 54/480 vars: 4 states, 36 arcs 
Composite transition system with 54/480 vars: init h=1
t=78.869s (after computation of next merge)
Atomic transition system #64: current size: 2 (shrink threshold: 1)
Atomic transition system #64: applying abstraction (2 to 1 states)
Atomic transition system #64: simplification was not f-preserving!
Atomic transition system #64: computing init and goal distances using unit-cost algorithm
Atomic transition system #64: 1 states, 1 arcs 
Atomic transition system #64: init h=0
Composite transition system with 54/480 vars: current size: 4 (shrink threshold: 1)
Composite transition system with 54/480 vars: not applying abstraction (same number of states)
t=78.9317s (after shrinking)
Merging atomic transition system #64 and composite transition system with 54/480 vars
Composite transition system with 55/480 vars: computing init and goal distances using unit-cost algorithm
Composite transition system with 55/480 vars: 4 states, 36 arcs 
Composite transition system with 55/480 vars: init h=1
Difference of init h values: 0
t=78.9318s (after merging)
Composite transition system with 55/480 vars: not applying abstraction (same number of states)
Current peak memory increase of merge-and-shrink computation: 78848 KB

Next pair of indices: (65, 533)
Atomic transition system #65: 2 states, 6 arcs 
Atomic transition system #65: init h=0
Composite transition system with 55/480 vars: 4 states, 36 arcs 
Composite transition system with 55/480 vars: init h=1
t=80.1988s (after computation of next merge)
Atomic transition system #65: current size: 2 (shrink threshold: 1)
Atomic transition system #65: applying abstraction (2 to 1 states)
Atomic transition system #65: simplification was not f-preserving!
Atomic transition system #65: computing init and goal distances using unit-cost algorithm
Atomic transition system #65: 1 states, 1 arcs 
Atomic transition system #65: init h=0
Composite transition system with 55/480 vars: current size: 4 (shrink threshold: 1)
Composite transition system with 55/480 vars: not applying abstraction (same number of states)
t=80.2612s (after shrinking)
Merging atomic transition system #65 and composite transition system with 55/480 vars
Composite transition system with 56/480 vars: computing init and goal distances using unit-cost algorithm
Composite transition system with 56/480 vars: 4 states, 36 arcs 
Composite transition system with 56/480 vars: init h=1
Difference of init h values: 0
t=80.2612s (after merging)
Composite transition system with 56/480 vars: not applying abstraction (same number of states)
Current peak memory increase of merge-and-shrink computation: 78848 KB

Next pair of indices: (67, 534)
Atomic transition system #67: 2 states, 6 arcs 
Atomic transition system #67: init h=0
Composite transition system with 56/480 vars: 4 states, 36 arcs 
Composite transition system with 56/480 vars: init h=1
t=81.5281s (after computation of next merge)
Atomic transition system #67: current size: 2 (shrink threshold: 1)
Atomic transition system #67: applying abstraction (2 to 1 states)
Atomic transition system #67: simplification was not f-preserving!
Atomic transition system #67: computing init and goal distances using unit-cost algorithm
Atomic transition system #67: 1 states, 1 arcs 
Atomic transition system #67: init h=0
Composite transition system with 56/480 vars: current size: 4 (shrink threshold: 1)
Composite transition system with 56/480 vars: not applying abstraction (same number of states)
t=81.5902s (after shrinking)
Merging atomic transition system #67 and composite transition system with 56/480 vars
Composite transition system with 57/480 vars: computing init and goal distances using unit-cost algorithm
Composite transition system with 57/480 vars: 4 states, 36 arcs 
Composite transition system with 57/480 vars: init h=1
Difference of init h values: 0
t=81.5903s (after merging)
Composite transition system with 57/480 vars: not applying abstraction (same number of states)
Current peak memory increase of merge-and-shrink computation: 78848 KB

Next pair of indices: (68, 535)
Atomic transition system #68: 2 states, 6 arcs 
Atomic transition system #68: init h=0
Composite transition system with 57/480 vars: 4 states, 36 arcs 
Composite transition system with 57/480 vars: init h=1
t=82.861s (after computation of next merge)
Atomic transition system #68: current size: 2 (shrink threshold: 1)
Atomic transition system #68: applying abstraction (2 to 1 states)
Atomic transition system #68: simplification was not f-preserving!
Atomic transition system #68: computing init and goal distances using unit-cost algorithm
Atomic transition system #68: 1 states, 1 arcs 
Atomic transition system #68: init h=0
Composite transition system with 57/480 vars: current size: 4 (shrink threshold: 1)
Composite transition system with 57/480 vars: not applying abstraction (same number of states)
t=82.9281s (after shrinking)
Merging atomic transition system #68 and composite transition system with 57/480 vars
Composite transition system with 58/480 vars: computing init and goal distances using unit-cost algorithm
Composite transition system with 58/480 vars: 4 states, 36 arcs 
Composite transition system with 58/480 vars: init h=1
Difference of init h values: 0
t=82.9281s (after merging)
Composite transition system with 58/480 vars: not applying abstraction (same number of states)
Current peak memory increase of merge-and-shrink computation: 78848 KB

Next pair of indices: (70, 536)
Atomic transition system #70: 2 states, 6 arcs 
Atomic transition system #70: init h=0
Composite transition system with 58/480 vars: 4 states, 36 arcs 
Composite transition system with 58/480 vars: init h=1
t=84.1907s (after computation of next merge)
Atomic transition system #70: current size: 2 (shrink threshold: 1)
Atomic transition system #70: applying abstraction (2 to 1 states)
Atomic transition system #70: simplification was not f-preserving!
Atomic transition system #70: computing init and goal distances using unit-cost algorithm
Atomic transition system #70: 1 states, 1 arcs 
Atomic transition system #70: init h=0
Composite transition system with 58/480 vars: current size: 4 (shrink threshold: 1)
Composite transition system with 58/480 vars: not applying abstraction (same number of states)
t=84.2506s (after shrinking)
Merging atomic transition system #70 and composite transition system with 58/480 vars
Composite transition system with 59/480 vars: computing init and goal distances using unit-cost algorithm
Composite transition system with 59/480 vars: 4 states, 36 arcs 
Composite transition system with 59/480 vars: init h=1
Difference of init h values: 0
t=84.2507s (after merging)
Composite transition system with 59/480 vars: not applying abstraction (same number of states)
Current peak memory increase of merge-and-shrink computation: 78848 KB

Next pair of indices: (71, 537)
Atomic transition system #71: 2 states, 6 arcs 
Atomic transition system #71: init h=1
Composite transition system with 59/480 vars: 4 states, 36 arcs 
Composite transition system with 59/480 vars: init h=1
t=85.5189s (after computation of next merge)
Atomic transition system #71: current size: 2 (shrink threshold: 1)
Atomic transition system #71: not applying abstraction (same number of states)
Composite transition system with 59/480 vars: current size: 4 (shrink threshold: 1)
Composite transition system with 59/480 vars: not applying abstraction (same number of states)
Merging atomic transition system #71 and composite transition system with 59/480 vars
Composite transition system with 60/480 vars: computing init and goal distances using unit-cost algorithm
Composite transition system with 60/480 vars: 8 states, 104 arcs 
Composite transition system with 60/480 vars: init h=2
Difference of init h values: 1
t=85.5781s (after merging)
Composite transition system with 60/480 vars: not applying abstraction (same number of states)
Current peak memory increase of merge-and-shrink computation: 78848 KB

Next pair of indices: (3, 538)
Atomic transition system #3: 2 states, 6 arcs 
Atomic transition system #3: init h=0
Composite transition system with 60/480 vars: 8 states, 104 arcs 
Composite transition system with 60/480 vars: init h=2
t=86.7989s (after computation of next merge)
Atomic transition system #3: current size: 2 (shrink threshold: 1)
Atomic transition system #3: applying abstraction (2 to 1 states)
Atomic transition system #3: simplification was not f-preserving!
Atomic transition system #3: computing init and goal distances using unit-cost algorithm
Atomic transition system #3: 1 states, 1 arcs 
Atomic transition system #3: init h=0
Composite transition system with 60/480 vars: current size: 8 (shrink threshold: 1)
Composite transition system with 60/480 vars: not applying abstraction (same number of states)
t=86.861s (after shrinking)
Merging atomic transition system #3 and composite transition system with 60/480 vars
Composite transition system with 61/480 vars: computing init and goal distances using unit-cost algorithm
Composite transition system with 61/480 vars: 8 states, 104 arcs 
Composite transition system with 61/480 vars: init h=2
Difference of init h values: 0
t=86.8611s (after merging)
Composite transition system with 61/480 vars: not applying abstraction (same number of states)
Current peak memory increase of merge-and-shrink computation: 78848 KB

Next pair of indices: (12, 539)
Atomic transition system #12: 2 states, 6 arcs 
Atomic transition system #12: init h=0
Composite transition system with 61/480 vars: 8 states, 104 arcs 
Composite transition system with 61/480 vars: init h=2
t=88.0898s (after computation of next merge)
Atomic transition system #12: current size: 2 (shrink threshold: 1)
Atomic transition system #12: applying abstraction (2 to 1 states)
Atomic transition system #12: simplification was not f-preserving!
Atomic transition system #12: computing init and goal distances using unit-cost algorithm
Atomic transition system #12: 1 states, 1 arcs 
Atomic transition system #12: init h=0
Composite transition system with 61/480 vars: current size: 8 (shrink threshold: 1)
Composite transition system with 61/480 vars: not applying abstraction (same number of states)
t=88.1532s (after shrinking)
Merging atomic transition system #12 and composite transition system with 61/480 vars
Composite transition system with 62/480 vars: computing init and goal distances using unit-cost algorithm
Composite transition system with 62/480 vars: 8 states, 104 arcs 
Composite transition system with 62/480 vars: init h=2
Difference of init h values: 0
t=88.1532s (after merging)
Composite transition system with 62/480 vars: not applying abstraction (same number of states)
Current peak memory increase of merge-and-shrink computation: 78848 KB

Next pair of indices: (18, 540)
Atomic transition system #18: 2 states, 6 arcs 
Atomic transition system #18: init h=0
Composite transition system with 62/480 vars: 8 states, 104 arcs 
Composite transition system with 62/480 vars: init h=2
t=89.3573s (after computation of next merge)
Atomic transition system #18: current size: 2 (shrink threshold: 1)
Atomic transition system #18: applying abstraction (2 to 1 states)
Atomic transition system #18: simplification was not f-preserving!
Atomic transition system #18: computing init and goal distances using unit-cost algorithm
Atomic transition system #18: 1 states, 1 arcs 
Atomic transition system #18: init h=0
Composite transition system with 62/480 vars: current size: 8 (shrink threshold: 1)
Composite transition system with 62/480 vars: not applying abstraction (same number of states)
t=89.419s (after shrinking)
Merging atomic transition system #18 and composite transition system with 62/480 vars
Composite transition system with 63/480 vars: computing init and goal distances using unit-cost algorithm
Composite transition system with 63/480 vars: 8 states, 104 arcs 
Composite transition system with 63/480 vars: init h=2
Difference of init h values: 0
t=89.419s (after merging)
Composite transition system with 63/480 vars: not applying abstraction (same number of states)
Current peak memory increase of merge-and-shrink computation: 78848 KB

Next pair of indices: (19, 541)
Atomic transition system #19: 2 states, 6 arcs 
Atomic transition system #19: init h=0
Composite transition system with 63/480 vars: 8 states, 104 arcs 
Composite transition system with 63/480 vars: init h=2
t=90.6169s (after computation of next merge)
Atomic transition system #19: current size: 2 (shrink threshold: 1)
Atomic transition system #19: applying abstraction (2 to 1 states)
Atomic transition system #19: simplification was not f-preserving!
Atomic transition system #19: computing init and goal distances using unit-cost algorithm
Atomic transition system #19: 1 states, 1 arcs 
Atomic transition system #19: init h=0
Composite transition system with 63/480 vars: current size: 8 (shrink threshold: 1)
Composite transition system with 63/480 vars: not applying abstraction (same number of states)
t=90.6778s (after shrinking)
Merging atomic transition system #19 and composite transition system with 63/480 vars
Composite transition system with 64/480 vars: computing init and goal distances using unit-cost algorithm
Composite transition system with 64/480 vars: 8 states, 104 arcs 
Composite transition system with 64/480 vars: init h=2
Difference of init h values: 0
t=90.6779s (after merging)
Composite transition system with 64/480 vars: not applying abstraction (same number of states)
Current peak memory increase of merge-and-shrink computation: 78848 KB

Next pair of indices: (27, 542)
Atomic transition system #27: 2 states, 6 arcs 
Atomic transition system #27: init h=0
Composite transition system with 64/480 vars: 8 states, 104 arcs 
Composite transition system with 64/480 vars: init h=2
t=91.8857s (after computation of next merge)
Atomic transition system #27: current size: 2 (shrink threshold: 1)
Atomic transition system #27: applying abstraction (2 to 1 states)
Atomic transition system #27: simplification was not f-preserving!
Atomic transition system #27: computing init and goal distances using unit-cost algorithm
Atomic transition system #27: 1 states, 1 arcs 
Atomic transition system #27: init h=0
Composite transition system with 64/480 vars: current size: 8 (shrink threshold: 1)
Composite transition system with 64/480 vars: not applying abstraction (same number of states)
t=91.9487s (after shrinking)
Merging atomic transition system #27 and composite transition system with 64/480 vars
Composite transition system with 65/480 vars: computing init and goal distances using unit-cost algorithm
Composite transition system with 65/480 vars: 8 states, 104 arcs 
Composite transition system with 65/480 vars: init h=2
Difference of init h values: 0
t=91.9487s (after merging)
Composite transition system with 65/480 vars: not applying abstraction (same number of states)
Current peak memory increase of merge-and-shrink computation: 78848 KB

Next pair of indices: (36, 543)
Atomic transition system #36: 2 states, 6 arcs 
Atomic transition system #36: init h=0
Composite transition system with 65/480 vars: 8 states, 104 arcs 
Composite transition system with 65/480 vars: init h=2
t=93.1473s (after computation of next merge)
Atomic transition system #36: current size: 2 (shrink threshold: 1)
Atomic transition system #36: applying abstraction (2 to 1 states)
Atomic transition system #36: simplification was not f-preserving!
Atomic transition system #36: computing init and goal distances using unit-cost algorithm
Atomic transition system #36: 1 states, 1 arcs 
Atomic transition system #36: init h=0
Composite transition system with 65/480 vars: current size: 8 (shrink threshold: 1)
Composite transition system with 65/480 vars: not applying abstraction (same number of states)
t=93.2084s (after shrinking)
Merging atomic transition system #36 and composite transition system with 65/480 vars
Composite transition system with 66/480 vars: computing init and goal distances using unit-cost algorithm
Composite transition system with 66/480 vars: 8 states, 104 arcs 
Composite transition system with 66/480 vars: init h=2
Difference of init h values: 0
t=93.2084s (after merging)
Composite transition system with 66/480 vars: not applying abstraction (same number of states)
Current peak memory increase of merge-and-shrink computation: 78848 KB

Next pair of indices: (42, 544)
Atomic transition system #42: 2 states, 6 arcs 
Atomic transition system #42: init h=0
Composite transition system with 66/480 vars: 8 states, 104 arcs 
Composite transition system with 66/480 vars: init h=2
t=94.4163s (after computation of next merge)
Atomic transition system #42: current size: 2 (shrink threshold: 1)
Atomic transition system #42: applying abstraction (2 to 1 states)
Atomic transition system #42: simplification was not f-preserving!
Atomic transition system #42: computing init and goal distances using unit-cost algorithm
Atomic transition system #42: 1 states, 1 arcs 
Atomic transition system #42: init h=0
Composite transition system with 66/480 vars: current size: 8 (shrink threshold: 1)
Composite transition system with 66/480 vars: not applying abstraction (same number of states)
t=94.4755s (after shrinking)
Merging atomic transition system #42 and composite transition system with 66/480 vars
Composite transition system with 67/480 vars: computing init and goal distances using unit-cost algorithm
Composite transition system with 67/480 vars: 8 states, 104 arcs 
Composite transition system with 67/480 vars: init h=2
Difference of init h values: 0
t=94.4755s (after merging)
Composite transition system with 67/480 vars: not applying abstraction (same number of states)
Current peak memory increase of merge-and-shrink computation: 78848 KB

Next pair of indices: (43, 545)
Atomic transition system #43: 2 states, 6 arcs 
Atomic transition system #43: init h=0
Composite transition system with 67/480 vars: 8 states, 104 arcs 
Composite transition system with 67/480 vars: init h=2
t=95.6698s (after computation of next merge)
Atomic transition system #43: current size: 2 (shrink threshold: 1)
Atomic transition system #43: applying abstraction (2 to 1 states)
Atomic transition system #43: simplification was not f-preserving!
Atomic transition system #43: computing init and goal distances using unit-cost algorithm
Atomic transition system #43: 1 states, 1 arcs 
Atomic transition system #43: init h=0
Composite transition system with 67/480 vars: current size: 8 (shrink threshold: 1)
Composite transition system with 67/480 vars: not applying abstraction (same number of states)
t=95.7307s (after shrinking)
Merging atomic transition system #43 and composite transition system with 67/480 vars
Composite transition system with 68/480 vars: computing init and goal distances using unit-cost algorithm
Composite transition system with 68/480 vars: 8 states, 104 arcs 
Composite transition system with 68/480 vars: init h=2
Difference of init h values: 0
t=95.7307s (after merging)
Composite transition system with 68/480 vars: not applying abstraction (same number of states)
Current peak memory increase of merge-and-shrink computation: 78848 KB

Next pair of indices: (51, 546)
Atomic transition system #51: 2 states, 6 arcs 
Atomic transition system #51: init h=0
Composite transition system with 68/480 vars: 8 states, 104 arcs 
Composite transition system with 68/480 vars: init h=2
t=96.9273s (after computation of next merge)
Atomic transition system #51: current size: 2 (shrink threshold: 1)
Atomic transition system #51: applying abstraction (2 to 1 states)
Atomic transition system #51: simplification was not f-preserving!
Atomic transition system #51: computing init and goal distances using unit-cost algorithm
Atomic transition system #51: 1 states, 1 arcs 
Atomic transition system #51: init h=0
Composite transition system with 68/480 vars: current size: 8 (shrink threshold: 1)
Composite transition system with 68/480 vars: not applying abstraction (same number of states)
t=96.9829s (after shrinking)
Merging atomic transition system #51 and composite transition system with 68/480 vars
Composite transition system with 69/480 vars: computing init and goal distances using unit-cost algorithm
Composite transition system with 69/480 vars: 8 states, 104 arcs 
Composite transition system with 69/480 vars: init h=2
Difference of init h values: 0
t=96.9829s (after merging)
Composite transition system with 69/480 vars: not applying abstraction (same number of states)
Current peak memory increase of merge-and-shrink computation: 78848 KB

Next pair of indices: (61, 547)
Atomic transition system #61: 2 states, 6 arcs 
Atomic transition system #61: init h=0
Composite transition system with 69/480 vars: 8 states, 104 arcs 
Composite transition system with 69/480 vars: init h=2
t=98.1766s (after computation of next merge)
Atomic transition system #61: current size: 2 (shrink threshold: 1)
Atomic transition system #61: applying abstraction (2 to 1 states)
Atomic transition system #61: simplification was not f-preserving!
Atomic transition system #61: computing init and goal distances using unit-cost algorithm
Atomic transition system #61: 1 states, 1 arcs 
Atomic transition system #61: init h=0
Composite transition system with 69/480 vars: current size: 8 (shrink threshold: 1)
Composite transition system with 69/480 vars: not applying abstraction (same number of states)
t=98.2393s (after shrinking)
Merging atomic transition system #61 and composite transition system with 69/480 vars
Composite transition system with 70/480 vars: computing init and goal distances using unit-cost algorithm
Composite transition system with 70/480 vars: 8 states, 104 arcs 
Composite transition system with 70/480 vars: init h=2
Difference of init h values: 0
t=98.2393s (after merging)
Composite transition system with 70/480 vars: not applying abstraction (same number of states)
Current peak memory increase of merge-and-shrink computation: 78848 KB

Next pair of indices: (66, 548)
Atomic transition system #66: 2 states, 6 arcs 
Atomic transition system #66: init h=0
Composite transition system with 70/480 vars: 8 states, 104 arcs 
Composite transition system with 70/480 vars: init h=2
t=99.7967s (after computation of next merge)
Atomic transition system #66: current size: 2 (shrink threshold: 1)
Atomic transition system #66: applying abstraction (2 to 1 states)
Atomic transition system #66: simplification was not f-preserving!
Atomic transition system #66: computing init and goal distances using unit-cost algorithm
Atomic transition system #66: 1 states, 1 arcs 
Atomic transition system #66: init h=0
Composite transition system with 70/480 vars: current size: 8 (shrink threshold: 1)
Composite transition system with 70/480 vars: not applying abstraction (same number of states)
t=99.868s (after shrinking)
Merging atomic transition system #66 and composite transition system with 70/480 vars
Composite transition system with 71/480 vars: computing init and goal distances using unit-cost algorithm
Composite transition system with 71/480 vars: 8 states, 104 arcs 
Composite transition system with 71/480 vars: init h=2
Difference of init h values: 0
t=99.8681s (after merging)
Composite transition system with 71/480 vars: not applying abstraction (same number of states)
Current peak memory increase of merge-and-shrink computation: 78848 KB

Next pair of indices: (69, 549)
Atomic transition system #69: 2 states, 6 arcs 
Atomic transition system #69: init h=0
Composite transition system with 71/480 vars: 8 states, 104 arcs 
Composite transition system with 71/480 vars: init h=2
t=101.12s (after computation of next merge)
Atomic transition system #69: current size: 2 (shrink threshold: 1)
Atomic transition system #69: applying abstraction (2 to 1 states)
Atomic transition system #69: simplification was not f-preserving!
Atomic transition system #69: computing init and goal distances using unit-cost algorithm
Atomic transition system #69: 1 states, 1 arcs 
Atomic transition system #69: init h=0
Composite transition system with 71/480 vars: current size: 8 (shrink threshold: 1)
Composite transition system with 71/480 vars: not applying abstraction (same number of states)
t=101.179s (after shrinking)
Merging atomic transition system #69 and composite transition system with 71/480 vars
Composite transition system with 72/480 vars: computing init and goal distances using unit-cost algorithm
Composite transition system with 72/480 vars: 8 states, 104 arcs 
Composite transition system with 72/480 vars: init h=2
Difference of init h values: 0
t=101.179s (after merging)
Composite transition system with 72/480 vars: not applying abstraction (same number of states)
Current peak memory increase of merge-and-shrink computation: 78848 KB

Next pair of indices: (72, 550)
Atomic transition system #72: 2 states, 6 arcs 
Atomic transition system #72: init h=0
Composite transition system with 72/480 vars: 8 states, 104 arcs 
Composite transition system with 72/480 vars: init h=2
t=102.484s (after computation of next merge)
Atomic transition system #72: current size: 2 (shrink threshold: 1)
Atomic transition system #72: applying abstraction (2 to 1 states)
Atomic transition system #72: simplification was not f-preserving!
Atomic transition system #72: computing init and goal distances using unit-cost algorithm
Atomic transition system #72: 1 states, 1 arcs 
Atomic transition system #72: init h=0
Composite transition system with 72/480 vars: current size: 8 (shrink threshold: 1)
Composite transition system with 72/480 vars: not applying abstraction (same number of states)
t=102.542s (after shrinking)
Merging atomic transition system #72 and composite transition system with 72/480 vars
Composite transition system with 73/480 vars: computing init and goal distances using unit-cost algorithm
Composite transition system with 73/480 vars: 8 states, 104 arcs 
Composite transition system with 73/480 vars: init h=2
Difference of init h values: 0
t=102.542s (after merging)
Composite transition system with 73/480 vars: not applying abstraction (same number of states)
Current peak memory increase of merge-and-shrink computation: 78848 KB

Next pair of indices: (73, 551)
Atomic transition system #73: 2 states, 6 arcs 
Atomic transition system #73: init h=0
Composite transition system with 73/480 vars: 8 states, 104 arcs 
Composite transition system with 73/480 vars: init h=2
t=103.749s (after computation of next merge)
Atomic transition system #73: current size: 2 (shrink threshold: 1)
Atomic transition system #73: applying abstraction (2 to 1 states)
Atomic transition system #73: simplification was not f-preserving!
Atomic transition system #73: computing init and goal distances using unit-cost algorithm
Atomic transition system #73: 1 states, 1 arcs 
Atomic transition system #73: init h=0
Composite transition system with 73/480 vars: current size: 8 (shrink threshold: 1)
Composite transition system with 73/480 vars: not applying abstraction (same number of states)
t=103.804s (after shrinking)
Merging atomic transition system #73 and composite transition system with 73/480 vars
Composite transition system with 74/480 vars: computing init and goal distances using unit-cost algorithm
Composite transition system with 74/480 vars: 8 states, 104 arcs 
Composite transition system with 74/480 vars: init h=2
Difference of init h values: 0
t=103.804s (after merging)
Composite transition system with 74/480 vars: not applying abstraction (same number of states)
Current peak memory increase of merge-and-shrink computation: 78848 KB

Next pair of indices: (74, 552)
Atomic transition system #74: 2 states, 6 arcs 
Atomic transition system #74: init h=0
Composite transition system with 74/480 vars: 8 states, 104 arcs 
Composite transition system with 74/480 vars: init h=2
t=104.98s (after computation of next merge)
Atomic transition system #74: current size: 2 (shrink threshold: 1)
Atomic transition system #74: applying abstraction (2 to 1 states)
Atomic transition system #74: simplification was not f-preserving!
Atomic transition system #74: computing init and goal distances using unit-cost algorithm
Atomic transition system #74: 1 states, 1 arcs 
Atomic transition system #74: init h=0
Composite transition system with 74/480 vars: current size: 8 (shrink threshold: 1)
Composite transition system with 74/480 vars: not applying abstraction (same number of states)
t=105.039s (after shrinking)
Merging atomic transition system #74 and composite transition system with 74/480 vars
Composite transition system with 75/480 vars: computing init and goal distances using unit-cost algorithm
Composite transition system with 75/480 vars: 8 states, 104 arcs 
Composite transition system with 75/480 vars: init h=2
Difference of init h values: 0
t=105.039s (after merging)
Composite transition system with 75/480 vars: not applying abstraction (same number of states)
Current peak memory increase of merge-and-shrink computation: 78848 KB

Next pair of indices: (75, 553)
Atomic transition system #75: 2 states, 6 arcs 
Atomic transition system #75: init h=0
Composite transition system with 75/480 vars: 8 states, 104 arcs 
Composite transition system with 75/480 vars: init h=2
t=106.208s (after computation of next merge)
Atomic transition system #75: current size: 2 (shrink threshold: 1)
Atomic transition system #75: applying abstraction (2 to 1 states)
Atomic transition system #75: simplification was not f-preserving!
Atomic transition system #75: computing init and goal distances using unit-cost algorithm
Atomic transition system #75: 1 states, 1 arcs 
Atomic transition system #75: init h=0
Composite transition system with 75/480 vars: current size: 8 (shrink threshold: 1)
Composite transition system with 75/480 vars: not applying abstraction (same number of states)
t=106.267s (after shrinking)
Merging atomic transition system #75 and composite transition system with 75/480 vars
Composite transition system with 76/480 vars: computing init and goal distances using unit-cost algorithm
Composite transition system with 76/480 vars: 8 states, 104 arcs 
Composite transition system with 76/480 vars: init h=2
Difference of init h values: 0
t=106.267s (after merging)
Composite transition system with 76/480 vars: not applying abstraction (same number of states)
Current peak memory increase of merge-and-shrink computation: 78848 KB

Next pair of indices: (76, 554)
Atomic transition system #76: 2 states, 6 arcs 
Atomic transition system #76: init h=0
Composite transition system with 76/480 vars: 8 states, 104 arcs 
Composite transition system with 76/480 vars: init h=2
t=107.428s (after computation of next merge)
Atomic transition system #76: current size: 2 (shrink threshold: 1)
Atomic transition system #76: applying abstraction (2 to 1 states)
Atomic transition system #76: simplification was not f-preserving!
Atomic transition system #76: computing init and goal distances using unit-cost algorithm
Atomic transition system #76: 1 states, 1 arcs 
Atomic transition system #76: init h=0
Composite transition system with 76/480 vars: current size: 8 (shrink threshold: 1)
Composite transition system with 76/480 vars: not applying abstraction (same number of states)
t=107.487s (after shrinking)
Merging atomic transition system #76 and composite transition system with 76/480 vars
Composite transition system with 77/480 vars: computing init and goal distances using unit-cost algorithm
Composite transition system with 77/480 vars: 8 states, 104 arcs 
Composite transition system with 77/480 vars: init h=2
Difference of init h values: 0
t=107.487s (after merging)
Composite transition system with 77/480 vars: not applying abstraction (same number of states)
Current peak memory increase of merge-and-shrink computation: 78848 KB

Next pair of indices: (77, 555)
Atomic transition system #77: 2 states, 6 arcs 
Atomic transition system #77: init h=0
Composite transition system with 77/480 vars: 8 states, 104 arcs 
Composite transition system with 77/480 vars: init h=2
t=108.665s (after computation of next merge)
Atomic transition system #77: current size: 2 (shrink threshold: 1)
Atomic transition system #77: applying abstraction (2 to 1 states)
Atomic transition system #77: simplification was not f-preserving!
Atomic transition system #77: computing init and goal distances using unit-cost algorithm
Atomic transition system #77: 1 states, 1 arcs 
Atomic transition system #77: init h=0
Composite transition system with 77/480 vars: current size: 8 (shrink threshold: 1)
Composite transition system with 77/480 vars: not applying abstraction (same number of states)
t=108.721s (after shrinking)
Merging atomic transition system #77 and composite transition system with 77/480 vars
Composite transition system with 78/480 vars: computing init and goal distances using unit-cost algorithm
Composite transition system with 78/480 vars: 8 states, 104 arcs 
Composite transition system with 78/480 vars: init h=2
Difference of init h values: 0
t=108.721s (after merging)
Composite transition system with 78/480 vars: not applying abstraction (same number of states)
Current peak memory increase of merge-and-shrink computation: 78848 KB

Next pair of indices: (78, 556)
Atomic transition system #78: 2 states, 6 arcs 
Atomic transition system #78: init h=0
Composite transition system with 78/480 vars: 8 states, 104 arcs 
Composite transition system with 78/480 vars: init h=2
t=109.896s (after computation of next merge)
Atomic transition system #78: current size: 2 (shrink threshold: 1)
Atomic transition system #78: applying abstraction (2 to 1 states)
Atomic transition system #78: simplification was not f-preserving!
Atomic transition system #78: computing init and goal distances using unit-cost algorithm
Atomic transition system #78: 1 states, 1 arcs 
Atomic transition system #78: init h=0
Composite transition system with 78/480 vars: current size: 8 (shrink threshold: 1)
Composite transition system with 78/480 vars: not applying abstraction (same number of states)
t=109.949s (after shrinking)
Merging atomic transition system #78 and composite transition system with 78/480 vars
Composite transition system with 79/480 vars: computing init and goal distances using unit-cost algorithm
Composite transition system with 79/480 vars: 8 states, 104 arcs 
Composite transition system with 79/480 vars: init h=2
Difference of init h values: 0
t=109.949s (after merging)
Composite transition system with 79/480 vars: not applying abstraction (same number of states)
Current peak memory increase of merge-and-shrink computation: 78848 KB

Next pair of indices: (79, 557)
Atomic transition system #79: 2 states, 6 arcs 
Atomic transition system #79: init h=0
Composite transition system with 79/480 vars: 8 states, 104 arcs 
Composite transition system with 79/480 vars: init h=2
t=111.11s (after computation of next merge)
Atomic transition system #79: current size: 2 (shrink threshold: 1)
Atomic transition system #79: applying abstraction (2 to 1 states)
Atomic transition system #79: simplification was not f-preserving!
Atomic transition system #79: computing init and goal distances using unit-cost algorithm
Atomic transition system #79: 1 states, 1 arcs 
Atomic transition system #79: init h=0
Composite transition system with 79/480 vars: current size: 8 (shrink threshold: 1)
Composite transition system with 79/480 vars: not applying abstraction (same number of states)
t=111.162s (after shrinking)
Merging atomic transition system #79 and composite transition system with 79/480 vars
Composite transition system with 80/480 vars: computing init and goal distances using unit-cost algorithm
Composite transition system with 80/480 vars: 8 states, 104 arcs 
Composite transition system with 80/480 vars: init h=2
Difference of init h values: 0
t=111.162s (after merging)
Composite transition system with 80/480 vars: not applying abstraction (same number of states)
Current peak memory increase of merge-and-shrink computation: 78848 KB

Next pair of indices: (80, 558)
Atomic transition system #80: 2 states, 6 arcs 
Atomic transition system #80: init h=0
Composite transition system with 80/480 vars: 8 states, 104 arcs 
Composite transition system with 80/480 vars: init h=2
t=112.32s (after computation of next merge)
Atomic transition system #80: current size: 2 (shrink threshold: 1)
Atomic transition system #80: applying abstraction (2 to 1 states)
Atomic transition system #80: simplification was not f-preserving!
Atomic transition system #80: computing init and goal distances using unit-cost algorithm
Atomic transition system #80: 1 states, 1 arcs 
Atomic transition system #80: init h=0
Composite transition system with 80/480 vars: current size: 8 (shrink threshold: 1)
Composite transition system with 80/480 vars: not applying abstraction (same number of states)
t=112.375s (after shrinking)
Merging atomic transition system #80 and composite transition system with 80/480 vars
Composite transition system with 81/480 vars: computing init and goal distances using unit-cost algorithm
Composite transition system with 81/480 vars: 8 states, 104 arcs 
Composite transition system with 81/480 vars: init h=2
Difference of init h values: 0
t=112.375s (after merging)
Composite transition system with 81/480 vars: not applying abstraction (same number of states)
Current peak memory increase of merge-and-shrink computation: 78848 KB

Next pair of indices: (81, 559)
Atomic transition system #81: 2 states, 6 arcs 
Atomic transition system #81: init h=0
Composite transition system with 81/480 vars: 8 states, 104 arcs 
Composite transition system with 81/480 vars: init h=2
t=113.524s (after computation of next merge)
Atomic transition system #81: current size: 2 (shrink threshold: 1)
Atomic transition system #81: applying abstraction (2 to 1 states)
Atomic transition system #81: simplification was not f-preserving!
Atomic transition system #81: computing init and goal distances using unit-cost algorithm
Atomic transition system #81: 1 states, 1 arcs 
Atomic transition system #81: init h=0
Composite transition system with 81/480 vars: current size: 8 (shrink threshold: 1)
Composite transition system with 81/480 vars: not applying abstraction (same number of states)
t=113.581s (after shrinking)
Merging atomic transition system #81 and composite transition system with 81/480 vars
Composite transition system with 82/480 vars: computing init and goal distances using unit-cost algorithm
Composite transition system with 82/480 vars: 8 states, 104 arcs 
Composite transition system with 82/480 vars: init h=2
Difference of init h values: 0
t=113.581s (after merging)
Composite transition system with 82/480 vars: not applying abstraction (same number of states)
Current peak memory increase of merge-and-shrink computation: 78848 KB

Next pair of indices: (82, 560)
Atomic transition system #82: 2 states, 6 arcs 
Atomic transition system #82: init h=0
Composite transition system with 82/480 vars: 8 states, 104 arcs 
Composite transition system with 82/480 vars: init h=2
t=114.736s (after computation of next merge)
Atomic transition system #82: current size: 2 (shrink threshold: 1)
Atomic transition system #82: applying abstraction (2 to 1 states)
Atomic transition system #82: simplification was not f-preserving!
Atomic transition system #82: computing init and goal distances using unit-cost algorithm
Atomic transition system #82: 1 states, 1 arcs 
Atomic transition system #82: init h=0
Composite transition system with 82/480 vars: current size: 8 (shrink threshold: 1)
Composite transition system with 82/480 vars: not applying abstraction (same number of states)
t=114.79s (after shrinking)
Merging atomic transition system #82 and composite transition system with 82/480 vars
Composite transition system with 83/480 vars: computing init and goal distances using unit-cost algorithm
Composite transition system with 83/480 vars: 8 states, 104 arcs 
Composite transition system with 83/480 vars: init h=2
Difference of init h values: 0
t=114.79s (after merging)
Composite transition system with 83/480 vars: not applying abstraction (same number of states)
Current peak memory increase of merge-and-shrink computation: 78848 KB

Next pair of indices: (83, 561)
Atomic transition system #83: 2 states, 6 arcs 
Atomic transition system #83: init h=0
Composite transition system with 83/480 vars: 8 states, 104 arcs 
Composite transition system with 83/480 vars: init h=2
t=115.957s (after computation of next merge)
Atomic transition system #83: current size: 2 (shrink threshold: 1)
Atomic transition system #83: applying abstraction (2 to 1 states)
Atomic transition system #83: simplification was not f-preserving!
Atomic transition system #83: computing init and goal distances using unit-cost algorithm
Atomic transition system #83: 1 states, 1 arcs 
Atomic transition system #83: init h=0
Composite transition system with 83/480 vars: current size: 8 (shrink threshold: 1)
Composite transition system with 83/480 vars: not applying abstraction (same number of states)
t=116.013s (after shrinking)
Merging atomic transition system #83 and composite transition system with 83/480 vars
Composite transition system with 84/480 vars: computing init and goal distances using unit-cost algorithm
Composite transition system with 84/480 vars: 8 states, 104 arcs 
Composite transition system with 84/480 vars: init h=2
Difference of init h values: 0
t=116.013s (after merging)
Composite transition system with 84/480 vars: not applying abstraction (same number of states)
Current peak memory increase of merge-and-shrink computation: 78848 KB

Next pair of indices: (84, 562)
Atomic transition system #84: 2 states, 6 arcs 
Atomic transition system #84: init h=0
Composite transition system with 84/480 vars: 8 states, 104 arcs 
Composite transition system with 84/480 vars: init h=2
t=117.158s (after computation of next merge)
Atomic transition system #84: current size: 2 (shrink threshold: 1)
Atomic transition system #84: applying abstraction (2 to 1 states)
Atomic transition system #84: simplification was not f-preserving!
Atomic transition system #84: computing init and goal distances using unit-cost algorithm
Atomic transition system #84: 1 states, 1 arcs 
Atomic transition system #84: init h=0
Composite transition system with 84/480 vars: current size: 8 (shrink threshold: 1)
Composite transition system with 84/480 vars: not applying abstraction (same number of states)
t=117.211s (after shrinking)
Merging atomic transition system #84 and composite transition system with 84/480 vars
Composite transition system with 85/480 vars: computing init and goal distances using unit-cost algorithm
Composite transition system with 85/480 vars: 8 states, 104 arcs 
Composite transition system with 85/480 vars: init h=2
Difference of init h values: 0
t=117.211s (after merging)
Composite transition system with 85/480 vars: not applying abstraction (same number of states)
Current peak memory increase of merge-and-shrink computation: 78848 KB

Next pair of indices: (85, 563)
Atomic transition system #85: 2 states, 6 arcs 
Atomic transition system #85: init h=0
Composite transition system with 85/480 vars: 8 states, 104 arcs 
Composite transition system with 85/480 vars: init h=2
t=118.371s (after computation of next merge)
Atomic transition system #85: current size: 2 (shrink threshold: 1)
Atomic transition system #85: applying abstraction (2 to 1 states)
Atomic transition system #85: simplification was not f-preserving!
Atomic transition system #85: computing init and goal distances using unit-cost algorithm
Atomic transition system #85: 1 states, 1 arcs 
Atomic transition system #85: init h=0
Composite transition system with 85/480 vars: current size: 8 (shrink threshold: 1)
Composite transition system with 85/480 vars: not applying abstraction (same number of states)
t=118.426s (after shrinking)
Merging atomic transition system #85 and composite transition system with 85/480 vars
Composite transition system with 86/480 vars: computing init and goal distances using unit-cost algorithm
Composite transition system with 86/480 vars: 8 states, 104 arcs 
Composite transition system with 86/480 vars: init h=2
Difference of init h values: 0
t=118.426s (after merging)
Composite transition system with 86/480 vars: not applying abstraction (same number of states)
Current peak memory increase of merge-and-shrink computation: 78848 KB

Next pair of indices: (86, 564)
Atomic transition system #86: 2 states, 6 arcs 
Atomic transition system #86: init h=0
Composite transition system with 86/480 vars: 8 states, 104 arcs 
Composite transition system with 86/480 vars: init h=2
t=119.574s (after computation of next merge)
Atomic transition system #86: current size: 2 (shrink threshold: 1)
Atomic transition system #86: applying abstraction (2 to 1 states)
Atomic transition system #86: simplification was not f-preserving!
Atomic transition system #86: computing init and goal distances using unit-cost algorithm
Atomic transition system #86: 1 states, 1 arcs 
Atomic transition system #86: init h=0
Composite transition system with 86/480 vars: current size: 8 (shrink threshold: 1)
Composite transition system with 86/480 vars: not applying abstraction (same number of states)
t=119.628s (after shrinking)
Merging atomic transition system #86 and composite transition system with 86/480 vars
Composite transition system with 87/480 vars: computing init and goal distances using unit-cost algorithm
Composite transition system with 87/480 vars: 8 states, 104 arcs 
Composite transition system with 87/480 vars: init h=2
Difference of init h values: 0
t=119.628s (after merging)
Composite transition system with 87/480 vars: not applying abstraction (same number of states)
Current peak memory increase of merge-and-shrink computation: 78848 KB

Next pair of indices: (87, 565)
Atomic transition system #87: 2 states, 6 arcs 
Atomic transition system #87: init h=0
Composite transition system with 87/480 vars: 8 states, 104 arcs 
Composite transition system with 87/480 vars: init h=2
t=120.773s (after computation of next merge)
Atomic transition system #87: current size: 2 (shrink threshold: 1)
Atomic transition system #87: applying abstraction (2 to 1 states)
Atomic transition system #87: simplification was not f-preserving!
Atomic transition system #87: computing init and goal distances using unit-cost algorithm
Atomic transition system #87: 1 states, 1 arcs 
Atomic transition system #87: init h=0
Composite transition system with 87/480 vars: current size: 8 (shrink threshold: 1)
Composite transition system with 87/480 vars: not applying abstraction (same number of states)
t=120.824s (after shrinking)
Merging atomic transition system #87 and composite transition system with 87/480 vars
Composite transition system with 88/480 vars: computing init and goal distances using unit-cost algorithm
Composite transition system with 88/480 vars: 8 states, 104 arcs 
Composite transition system with 88/480 vars: init h=2
Difference of init h values: 0
t=120.824s (after merging)
Composite transition system with 88/480 vars: not applying abstraction (same number of states)
Current peak memory increase of merge-and-shrink computation: 78848 KB

Next pair of indices: (88, 566)
Atomic transition system #88: 2 states, 6 arcs 
Atomic transition system #88: init h=0
Composite transition system with 88/480 vars: 8 states, 104 arcs 
Composite transition system with 88/480 vars: init h=2
t=121.978s (after computation of next merge)
Atomic transition system #88: current size: 2 (shrink threshold: 1)
Atomic transition system #88: applying abstraction (2 to 1 states)
Atomic transition system #88: simplification was not f-preserving!
Atomic transition system #88: computing init and goal distances using unit-cost algorithm
Atomic transition system #88: 1 states, 1 arcs 
Atomic transition system #88: init h=0
Composite transition system with 88/480 vars: current size: 8 (shrink threshold: 1)
Composite transition system with 88/480 vars: not applying abstraction (same number of states)
t=122.03s (after shrinking)
Merging atomic transition system #88 and composite transition system with 88/480 vars
Composite transition system with 89/480 vars: computing init and goal distances using unit-cost algorithm
Composite transition system with 89/480 vars: 8 states, 104 arcs 
Composite transition system with 89/480 vars: init h=2
Difference of init h values: 0
t=122.03s (after merging)
Composite transition system with 89/480 vars: not applying abstraction (same number of states)
Current peak memory increase of merge-and-shrink computation: 78848 KB

Next pair of indices: (89, 567)
Atomic transition system #89: 2 states, 6 arcs 
Atomic transition system #89: init h=0
Composite transition system with 89/480 vars: 8 states, 104 arcs 
Composite transition system with 89/480 vars: init h=2
t=123.167s (after computation of next merge)
Atomic transition system #89: current size: 2 (shrink threshold: 1)
Atomic transition system #89: applying abstraction (2 to 1 states)
Atomic transition system #89: simplification was not f-preserving!
Atomic transition system #89: computing init and goal distances using unit-cost algorithm
Atomic transition system #89: 1 states, 1 arcs 
Atomic transition system #89: init h=0
Composite transition system with 89/480 vars: current size: 8 (shrink threshold: 1)
Composite transition system with 89/480 vars: not applying abstraction (same number of states)
t=123.218s (after shrinking)
Merging atomic transition system #89 and composite transition system with 89/480 vars
Composite transition system with 90/480 vars: computing init and goal distances using unit-cost algorithm
Composite transition system with 90/480 vars: 8 states, 104 arcs 
Composite transition system with 90/480 vars: init h=2
Difference of init h values: 0
t=123.218s (after merging)
Composite transition system with 90/480 vars: not applying abstraction (same number of states)
Current peak memory increase of merge-and-shrink computation: 78848 KB

Next pair of indices: (90, 568)
Atomic transition system #90: 2 states, 6 arcs 
Atomic transition system #90: init h=0
Composite transition system with 90/480 vars: 8 states, 104 arcs 
Composite transition system with 90/480 vars: init h=2
t=124.346s (after computation of next merge)
Atomic transition system #90: current size: 2 (shrink threshold: 1)
Atomic transition system #90: applying abstraction (2 to 1 states)
Atomic transition system #90: simplification was not f-preserving!
Atomic transition system #90: computing init and goal distances using unit-cost algorithm
Atomic transition system #90: 1 states, 1 arcs 
Atomic transition system #90: init h=0
Composite transition system with 90/480 vars: current size: 8 (shrink threshold: 1)
Composite transition system with 90/480 vars: not applying abstraction (same number of states)
t=124.397s (after shrinking)
Merging atomic transition system #90 and composite transition system with 90/480 vars
Composite transition system with 91/480 vars: computing init and goal distances using unit-cost algorithm
Composite transition system with 91/480 vars: 8 states, 104 arcs 
Composite transition system with 91/480 vars: init h=2
Difference of init h values: 0
t=124.397s (after merging)
Composite transition system with 91/480 vars: not applying abstraction (same number of states)
Current peak memory increase of merge-and-shrink computation: 78848 KB

Next pair of indices: (91, 569)
Atomic transition system #91: 2 states, 6 arcs 
Atomic transition system #91: init h=0
Composite transition system with 91/480 vars: 8 states, 104 arcs 
Composite transition system with 91/480 vars: init h=2
t=125.526s (after computation of next merge)
Atomic transition system #91: current size: 2 (shrink threshold: 1)
Atomic transition system #91: applying abstraction (2 to 1 states)
Atomic transition system #91: simplification was not f-preserving!
Atomic transition system #91: computing init and goal distances using unit-cost algorithm
Atomic transition system #91: 1 states, 1 arcs 
Atomic transition system #91: init h=0
Composite transition system with 91/480 vars: current size: 8 (shrink threshold: 1)
Composite transition system with 91/480 vars: not applying abstraction (same number of states)
t=125.587s (after shrinking)
Merging atomic transition system #91 and composite transition system with 91/480 vars
Composite transition system with 92/480 vars: computing init and goal distances using unit-cost algorithm
Composite transition system with 92/480 vars: 8 states, 104 arcs 
Composite transition system with 92/480 vars: init h=2
Difference of init h values: 0
t=125.587s (after merging)
Composite transition system with 92/480 vars: not applying abstraction (same number of states)
Current peak memory increase of merge-and-shrink computation: 78848 KB

Next pair of indices: (92, 570)
Atomic transition system #92: 2 states, 6 arcs 
Atomic transition system #92: init h=0
Composite transition system with 92/480 vars: 8 states, 104 arcs 
Composite transition system with 92/480 vars: init h=2
t=126.733s (after computation of next merge)
Atomic transition system #92: current size: 2 (shrink threshold: 1)
Atomic transition system #92: applying abstraction (2 to 1 states)
Atomic transition system #92: simplification was not f-preserving!
Atomic transition system #92: computing init and goal distances using unit-cost algorithm
Atomic transition system #92: 1 states, 1 arcs 
Atomic transition system #92: init h=0
Composite transition system with 92/480 vars: current size: 8 (shrink threshold: 1)
Composite transition system with 92/480 vars: not applying abstraction (same number of states)
t=126.787s (after shrinking)
Merging atomic transition system #92 and composite transition system with 92/480 vars
Composite transition system with 93/480 vars: computing init and goal distances using unit-cost algorithm
Composite transition system with 93/480 vars: 8 states, 104 arcs 
Composite transition system with 93/480 vars: init h=2
Difference of init h values: 0
t=126.787s (after merging)
Composite transition system with 93/480 vars: not applying abstraction (same number of states)
Current peak memory increase of merge-and-shrink computation: 78848 KB

Next pair of indices: (93, 571)
Atomic transition system #93: 2 states, 6 arcs 
Atomic transition system #93: init h=0
Composite transition system with 93/480 vars: 8 states, 104 arcs 
Composite transition system with 93/480 vars: init h=2
t=127.916s (after computation of next merge)
Atomic transition system #93: current size: 2 (shrink threshold: 1)
Atomic transition system #93: applying abstraction (2 to 1 states)
Atomic transition system #93: simplification was not f-preserving!
Atomic transition system #93: computing init and goal distances using unit-cost algorithm
Atomic transition system #93: 1 states, 1 arcs 
Atomic transition system #93: init h=0
Composite transition system with 93/480 vars: current size: 8 (shrink threshold: 1)
Composite transition system with 93/480 vars: not applying abstraction (same number of states)
t=127.967s (after shrinking)
Merging atomic transition system #93 and composite transition system with 93/480 vars
Composite transition system with 94/480 vars: computing init and goal distances using unit-cost algorithm
Composite transition system with 94/480 vars: 8 states, 104 arcs 
Composite transition system with 94/480 vars: init h=2
Difference of init h values: 0
t=127.967s (after merging)
Composite transition system with 94/480 vars: not applying abstraction (same number of states)
Current peak memory increase of merge-and-shrink computation: 78848 KB

Next pair of indices: (94, 572)
Atomic transition system #94: 2 states, 6 arcs 
Atomic transition system #94: init h=0
Composite transition system with 94/480 vars: 8 states, 104 arcs 
Composite transition system with 94/480 vars: init h=2
t=129.091s (after computation of next merge)
Atomic transition system #94: current size: 2 (shrink threshold: 1)
Atomic transition system #94: applying abstraction (2 to 1 states)
Atomic transition system #94: simplification was not f-preserving!
Atomic transition system #94: computing init and goal distances using unit-cost algorithm
Atomic transition system #94: 1 states, 1 arcs 
Atomic transition system #94: init h=0
Composite transition system with 94/480 vars: current size: 8 (shrink threshold: 1)
Composite transition system with 94/480 vars: not applying abstraction (same number of states)
t=129.142s (after shrinking)
Merging atomic transition system #94 and composite transition system with 94/480 vars
Composite transition system with 95/480 vars: computing init and goal distances using unit-cost algorithm
Composite transition system with 95/480 vars: 8 states, 104 arcs 
Composite transition system with 95/480 vars: init h=2
Difference of init h values: 0
t=129.142s (after merging)
Composite transition system with 95/480 vars: not applying abstraction (same number of states)
Current peak memory increase of merge-and-shrink computation: 78848 KB

Next pair of indices: (95, 573)
Atomic transition system #95: 2 states, 6 arcs 
Atomic transition system #95: init h=1
Composite transition system with 95/480 vars: 8 states, 104 arcs 
Composite transition system with 95/480 vars: init h=2
t=130.271s (after computation of next merge)
Atomic transition system #95: current size: 2 (shrink threshold: 1)
Atomic transition system #95: not applying abstraction (same number of states)
Composite transition system with 95/480 vars: current size: 8 (shrink threshold: 1)
Composite transition system with 95/480 vars: not applying abstraction (same number of states)
Merging atomic transition system #95 and composite transition system with 95/480 vars
Composite transition system with 96/480 vars: computing init and goal distances using unit-cost algorithm
Composite transition system with 96/480 vars: 16 states, 272 arcs 
Composite transition system with 96/480 vars: init h=2
Difference of init h values: 0
t=130.327s (after merging)
Composite transition system with 96/480 vars: not applying abstraction (same number of states)
Current peak memory increase of merge-and-shrink computation: 78848 KB

Next pair of indices: (96, 574)
Atomic transition system #96: 2 states, 6 arcs 
Atomic transition system #96: init h=0
Composite transition system with 96/480 vars: 16 states, 272 arcs 
Composite transition system with 96/480 vars: init h=2
t=131.414s (after computation of next merge)
Atomic transition system #96: current size: 2 (shrink threshold: 1)
Atomic transition system #96: applying abstraction (2 to 1 states)
Atomic transition system #96: simplification was not f-preserving!
Atomic transition system #96: computing init and goal distances using unit-cost algorithm
Atomic transition system #96: 1 states, 1 arcs 
Atomic transition system #96: init h=0
Composite transition system with 96/480 vars: current size: 16 (shrink threshold: 1)
Composite transition system with 96/480 vars: not applying abstraction (same number of states)
t=131.462s (after shrinking)
Merging atomic transition system #96 and composite transition system with 96/480 vars
Composite transition system with 97/480 vars: computing init and goal distances using unit-cost algorithm
Composite transition system with 97/480 vars: 16 states, 272 arcs 
Composite transition system with 97/480 vars: init h=2
Difference of init h values: 0
t=131.462s (after merging)
Composite transition system with 97/480 vars: not applying abstraction (same number of states)
Current peak memory increase of merge-and-shrink computation: 78848 KB

Next pair of indices: (97, 575)
Atomic transition system #97: 2 states, 6 arcs 
Atomic transition system #97: init h=0
Composite transition system with 97/480 vars: 16 states, 272 arcs 
Composite transition system with 97/480 vars: init h=2
t=132.654s (after computation of next merge)
Atomic transition system #97: current size: 2 (shrink threshold: 1)
Atomic transition system #97: applying abstraction (2 to 1 states)
Atomic transition system #97: simplification was not f-preserving!
Atomic transition system #97: computing init and goal distances using unit-cost algorithm
Atomic transition system #97: 1 states, 1 arcs 
Atomic transition system #97: init h=0
Composite transition system with 97/480 vars: current size: 16 (shrink threshold: 1)
Composite transition system with 97/480 vars: not applying abstraction (same number of states)
t=132.707s (after shrinking)
Merging atomic transition system #97 and composite transition system with 97/480 vars
Composite transition system with 98/480 vars: computing init and goal distances using unit-cost algorithm
Composite transition system with 98/480 vars: 16 states, 272 arcs 
Composite transition system with 98/480 vars: init h=2
Difference of init h values: 0
t=132.707s (after merging)
Composite transition system with 98/480 vars: not applying abstraction (same number of states)
Current peak memory increase of merge-and-shrink computation: 78848 KB

Next pair of indices: (98, 576)
Atomic transition system #98: 2 states, 6 arcs 
Atomic transition system #98: init h=0
Composite transition system with 98/480 vars: 16 states, 272 arcs 
Composite transition system with 98/480 vars: init h=2
t=133.799s (after computation of next merge)
Atomic transition system #98: current size: 2 (shrink threshold: 1)
Atomic transition system #98: applying abstraction (2 to 1 states)
Atomic transition system #98: simplification was not f-preserving!
Atomic transition system #98: computing init and goal distances using unit-cost algorithm
Atomic transition system #98: 1 states, 1 arcs 
Atomic transition system #98: init h=0
Composite transition system with 98/480 vars: current size: 16 (shrink threshold: 1)
Composite transition system with 98/480 vars: not applying abstraction (same number of states)
t=133.852s (after shrinking)
Merging atomic transition system #98 and composite transition system with 98/480 vars
Composite transition system with 99/480 vars: computing init and goal distances using unit-cost algorithm
Composite transition system with 99/480 vars: 16 states, 272 arcs 
Composite transition system with 99/480 vars: init h=2
Difference of init h values: 0
t=133.852s (after merging)
Composite transition system with 99/480 vars: not applying abstraction (same number of states)
Current peak memory increase of merge-and-shrink computation: 78848 KB

Next pair of indices: (99, 577)
Atomic transition system #99: 2 states, 6 arcs 
Atomic transition system #99: init h=0
Composite transition system with 99/480 vars: 16 states, 272 arcs 
Composite transition system with 99/480 vars: init h=2
t=134.942s (after computation of next merge)
Atomic transition system #99: current size: 2 (shrink threshold: 1)
Atomic transition system #99: applying abstraction (2 to 1 states)
Atomic transition system #99: simplification was not f-preserving!
Atomic transition system #99: computing init and goal distances using unit-cost algorithm
Atomic transition system #99: 1 states, 1 arcs 
Atomic transition system #99: init h=0
Composite transition system with 99/480 vars: current size: 16 (shrink threshold: 1)
Composite transition system with 99/480 vars: not applying abstraction (same number of states)
t=134.991s (after shrinking)
Merging atomic transition system #99 and composite transition system with 99/480 vars
Composite transition system with 100/480 vars: computing init and goal distances using unit-cost algorithm
Composite transition system with 100/480 vars: 16 states, 272 arcs 
Composite transition system with 100/480 vars: init h=2
Difference of init h values: 0
t=134.991s (after merging)
Composite transition system with 100/480 vars: not applying abstraction (same number of states)
Current peak memory increase of merge-and-shrink computation: 78848 KB

Next pair of indices: (100, 578)
Atomic transition system #100: 2 states, 6 arcs 
Atomic transition system #100: init h=0
Composite transition system with 100/480 vars: 16 states, 272 arcs 
Composite transition system with 100/480 vars: init h=2
t=136.056s (after computation of next merge)
Atomic transition system #100: current size: 2 (shrink threshold: 1)
Atomic transition system #100: applying abstraction (2 to 1 states)
Atomic transition system #100: simplification was not f-preserving!
Atomic transition system #100: computing init and goal distances using unit-cost algorithm
Atomic transition system #100: 1 states, 1 arcs 
Atomic transition system #100: init h=0
Composite transition system with 100/480 vars: current size: 16 (shrink threshold: 1)
Composite transition system with 100/480 vars: not applying abstraction (same number of states)
t=136.107s (after shrinking)
Merging atomic transition system #100 and composite transition system with 100/480 vars
Composite transition system with 101/480 vars: computing init and goal distances using unit-cost algorithm
Composite transition system with 101/480 vars: 16 states, 272 arcs 
Composite transition system with 101/480 vars: init h=2
Difference of init h values: 0
t=136.107s (after merging)
Composite transition system with 101/480 vars: not applying abstraction (same number of states)
Current peak memory increase of merge-and-shrink computation: 78848 KB

Next pair of indices: (101, 579)
Atomic transition system #101: 2 states, 6 arcs 
Atomic transition system #101: init h=0
Composite transition system with 101/480 vars: 16 states, 272 arcs 
Composite transition system with 101/480 vars: init h=2
t=137.162s (after computation of next merge)
Atomic transition system #101: current size: 2 (shrink threshold: 1)
Atomic transition system #101: applying abstraction (2 to 1 states)
Atomic transition system #101: simplification was not f-preserving!
Atomic transition system #101: computing init and goal distances using unit-cost algorithm
Atomic transition system #101: 1 states, 1 arcs 
Atomic transition system #101: init h=0
Composite transition system with 101/480 vars: current size: 16 (shrink threshold: 1)
Composite transition system with 101/480 vars: not applying abstraction (same number of states)
t=137.208s (after shrinking)
Merging atomic transition system #101 and composite transition system with 101/480 vars
Composite transition system with 102/480 vars: computing init and goal distances using unit-cost algorithm
Composite transition system with 102/480 vars: 16 states, 272 arcs 
Composite transition system with 102/480 vars: init h=2
Difference of init h values: 0
t=137.208s (after merging)
Composite transition system with 102/480 vars: not applying abstraction (same number of states)
Current peak memory increase of merge-and-shrink computation: 78848 KB

Next pair of indices: (102, 580)
Atomic transition system #102: 2 states, 6 arcs 
Atomic transition system #102: init h=0
Composite transition system with 102/480 vars: 16 states, 272 arcs 
Composite transition system with 102/480 vars: init h=2
t=138.257s (after computation of next merge)
Atomic transition system #102: current size: 2 (shrink threshold: 1)
Atomic transition system #102: applying abstraction (2 to 1 states)
Atomic transition system #102: simplification was not f-preserving!
Atomic transition system #102: computing init and goal distances using unit-cost algorithm
Atomic transition system #102: 1 states, 1 arcs 
Atomic transition system #102: init h=0
Composite transition system with 102/480 vars: current size: 16 (shrink threshold: 1)
Composite transition system with 102/480 vars: not applying abstraction (same number of states)
t=138.305s (after shrinking)
Merging atomic transition system #102 and composite transition system with 102/480 vars
Composite transition system with 103/480 vars: computing init and goal distances using unit-cost algorithm
Composite transition system with 103/480 vars: 16 states, 272 arcs 
Composite transition system with 103/480 vars: init h=2
Difference of init h values: 0
t=138.305s (after merging)
Composite transition system with 103/480 vars: not applying abstraction (same number of states)
Current peak memory increase of merge-and-shrink computation: 78848 KB

Next pair of indices: (103, 581)
Atomic transition system #103: 2 states, 6 arcs 
Atomic transition system #103: init h=0
Composite transition system with 103/480 vars: 16 states, 272 arcs 
Composite transition system with 103/480 vars: init h=2
t=139.356s (after computation of next merge)
Atomic transition system #103: current size: 2 (shrink threshold: 1)
Atomic transition system #103: applying abstraction (2 to 1 states)
Atomic transition system #103: simplification was not f-preserving!
Atomic transition system #103: computing init and goal distances using unit-cost algorithm
Atomic transition system #103: 1 states, 1 arcs 
Atomic transition system #103: init h=0
Composite transition system with 103/480 vars: current size: 16 (shrink threshold: 1)
Composite transition system with 103/480 vars: not applying abstraction (same number of states)
t=139.403s (after shrinking)
Merging atomic transition system #103 and composite transition system with 103/480 vars
Composite transition system with 104/480 vars: computing init and goal distances using unit-cost algorithm
Composite transition system with 104/480 vars: 16 states, 272 arcs 
Composite transition system with 104/480 vars: init h=2
Difference of init h values: 0
t=139.403s (after merging)
Composite transition system with 104/480 vars: not applying abstraction (same number of states)
Current peak memory increase of merge-and-shrink computation: 78848 KB

Next pair of indices: (104, 582)
Atomic transition system #104: 2 states, 6 arcs 
Atomic transition system #104: init h=0
Composite transition system with 104/480 vars: 16 states, 272 arcs 
Composite transition system with 104/480 vars: init h=2
t=140.449s (after computation of next merge)
Atomic transition system #104: current size: 2 (shrink threshold: 1)
Atomic transition system #104: applying abstraction (2 to 1 states)
Atomic transition system #104: simplification was not f-preserving!
Atomic transition system #104: computing init and goal distances using unit-cost algorithm
Atomic transition system #104: 1 states, 1 arcs 
Atomic transition system #104: init h=0
Composite transition system with 104/480 vars: current size: 16 (shrink threshold: 1)
Composite transition system with 104/480 vars: not applying abstraction (same number of states)
t=140.496s (after shrinking)
Merging atomic transition system #104 and composite transition system with 104/480 vars
Composite transition system with 105/480 vars: computing init and goal distances using unit-cost algorithm
Composite transition system with 105/480 vars: 16 states, 272 arcs 
Composite transition system with 105/480 vars: init h=2
Difference of init h values: 0
t=140.496s (after merging)
Composite transition system with 105/480 vars: not applying abstraction (same number of states)
Current peak memory increase of merge-and-shrink computation: 78848 KB

Next pair of indices: (105, 583)
Atomic transition system #105: 2 states, 6 arcs 
Atomic transition system #105: init h=0
Composite transition system with 105/480 vars: 16 states, 272 arcs 
Composite transition system with 105/480 vars: init h=2
t=141.544s (after computation of next merge)
Atomic transition system #105: current size: 2 (shrink threshold: 1)
Atomic transition system #105: applying abstraction (2 to 1 states)
Atomic transition system #105: simplification was not f-preserving!
Atomic transition system #105: computing init and goal distances using unit-cost algorithm
Atomic transition system #105: 1 states, 1 arcs 
Atomic transition system #105: init h=0
Composite transition system with 105/480 vars: current size: 16 (shrink threshold: 1)
Composite transition system with 105/480 vars: not applying abstraction (same number of states)
t=141.593s (after shrinking)
Merging atomic transition system #105 and composite transition system with 105/480 vars
Composite transition system with 106/480 vars: computing init and goal distances using unit-cost algorithm
Composite transition system with 106/480 vars: 16 states, 272 arcs 
Composite transition system with 106/480 vars: init h=2
Difference of init h values: 0
t=141.593s (after merging)
Composite transition system with 106/480 vars: not applying abstraction (same number of states)
Current peak memory increase of merge-and-shrink computation: 78848 KB

Next pair of indices: (106, 584)
Atomic transition system #106: 2 states, 6 arcs 
Atomic transition system #106: init h=0
Composite transition system with 106/480 vars: 16 states, 272 arcs 
Composite transition system with 106/480 vars: init h=2
t=142.64s (after computation of next merge)
Atomic transition system #106: current size: 2 (shrink threshold: 1)
Atomic transition system #106: applying abstraction (2 to 1 states)
Atomic transition system #106: simplification was not f-preserving!
Atomic transition system #106: computing init and goal distances using unit-cost algorithm
Atomic transition system #106: 1 states, 1 arcs 
Atomic transition system #106: init h=0
Composite transition system with 106/480 vars: current size: 16 (shrink threshold: 1)
Composite transition system with 106/480 vars: not applying abstraction (same number of states)
t=142.685s (after shrinking)
Merging atomic transition system #106 and composite transition system with 106/480 vars
Composite transition system with 107/480 vars: computing init and goal distances using unit-cost algorithm
Composite transition system with 107/480 vars: 16 states, 272 arcs 
Composite transition system with 107/480 vars: init h=2
Difference of init h values: 0
t=142.685s (after merging)
Composite transition system with 107/480 vars: not applying abstraction (same number of states)
Current peak memory increase of merge-and-shrink computation: 78848 KB

Next pair of indices: (107, 585)
Atomic transition system #107: 2 states, 6 arcs 
Atomic transition system #107: init h=0
Composite transition system with 107/480 vars: 16 states, 272 arcs 
Composite transition system with 107/480 vars: init h=2
t=143.724s (after computation of next merge)
Atomic transition system #107: current size: 2 (shrink threshold: 1)
Atomic transition system #107: applying abstraction (2 to 1 states)
Atomic transition system #107: simplification was not f-preserving!
Atomic transition system #107: computing init and goal distances using unit-cost algorithm
Atomic transition system #107: 1 states, 1 arcs 
Atomic transition system #107: init h=0
Composite transition system with 107/480 vars: current size: 16 (shrink threshold: 1)
Composite transition system with 107/480 vars: not applying abstraction (same number of states)
t=143.77s (after shrinking)
Merging atomic transition system #107 and composite transition system with 107/480 vars
Composite transition system with 108/480 vars: computing init and goal distances using unit-cost algorithm
Composite transition system with 108/480 vars: 16 states, 272 arcs 
Composite transition system with 108/480 vars: init h=2
Difference of init h values: 0
t=143.77s (after merging)
Composite transition system with 108/480 vars: not applying abstraction (same number of states)
Current peak memory increase of merge-and-shrink computation: 78848 KB

Next pair of indices: (108, 586)
Atomic transition system #108: 2 states, 6 arcs 
Atomic transition system #108: init h=0
Composite transition system with 108/480 vars: 16 states, 272 arcs 
Composite transition system with 108/480 vars: init h=2
t=144.811s (after computation of next merge)
Atomic transition system #108: current size: 2 (shrink threshold: 1)
Atomic transition system #108: applying abstraction (2 to 1 states)
Atomic transition system #108: simplification was not f-preserving!
Atomic transition system #108: computing init and goal distances using unit-cost algorithm
Atomic transition system #108: 1 states, 1 arcs 
Atomic transition system #108: init h=0
Composite transition system with 108/480 vars: current size: 16 (shrink threshold: 1)
Composite transition system with 108/480 vars: not applying abstraction (same number of states)
t=144.856s (after shrinking)
Merging atomic transition system #108 and composite transition system with 108/480 vars
Composite transition system with 109/480 vars: computing init and goal distances using unit-cost algorithm
Composite transition system with 109/480 vars: 16 states, 272 arcs 
Composite transition system with 109/480 vars: init h=2
Difference of init h values: 0
t=144.856s (after merging)
Composite transition system with 109/480 vars: not applying abstraction (same number of states)
Current peak memory increase of merge-and-shrink computation: 78848 KB

Next pair of indices: (109, 587)
Atomic transition system #109: 2 states, 6 arcs 
Atomic transition system #109: init h=0
Composite transition system with 109/480 vars: 16 states, 272 arcs 
Composite transition system with 109/480 vars: init h=2
t=145.885s (after computation of next merge)
Atomic transition system #109: current size: 2 (shrink threshold: 1)
Atomic transition system #109: applying abstraction (2 to 1 states)
Atomic transition system #109: simplification was not f-preserving!
Atomic transition system #109: computing init and goal distances using unit-cost algorithm
Atomic transition system #109: 1 states, 1 arcs 
Atomic transition system #109: init h=0
Composite transition system with 109/480 vars: current size: 16 (shrink threshold: 1)
Composite transition system with 109/480 vars: not applying abstraction (same number of states)
t=145.932s (after shrinking)
Merging atomic transition system #109 and composite transition system with 109/480 vars
Composite transition system with 110/480 vars: computing init and goal distances using unit-cost algorithm
Composite transition system with 110/480 vars: 16 states, 272 arcs 
Composite transition system with 110/480 vars: init h=2
Difference of init h values: 0
t=145.932s (after merging)
Composite transition system with 110/480 vars: not applying abstraction (same number of states)
Current peak memory increase of merge-and-shrink computation: 78848 KB

Next pair of indices: (110, 588)
Atomic transition system #110: 2 states, 6 arcs 
Atomic transition system #110: init h=0
Composite transition system with 110/480 vars: 16 states, 272 arcs 
Composite transition system with 110/480 vars: init h=2
t=146.965s (after computation of next merge)
Atomic transition system #110: current size: 2 (shrink threshold: 1)
Atomic transition system #110: applying abstraction (2 to 1 states)
Atomic transition system #110: simplification was not f-preserving!
Atomic transition system #110: computing init and goal distances using unit-cost algorithm
Atomic transition system #110: 1 states, 1 arcs 
Atomic transition system #110: init h=0
Composite transition system with 110/480 vars: current size: 16 (shrink threshold: 1)
Composite transition system with 110/480 vars: not applying abstraction (same number of states)
t=147.011s (after shrinking)
Merging atomic transition system #110 and composite transition system with 110/480 vars
Composite transition system with 111/480 vars: computing init and goal distances using unit-cost algorithm
Composite transition system with 111/480 vars: 16 states, 272 arcs 
Composite transition system with 111/480 vars: init h=2
Difference of init h values: 0
t=147.011s (after merging)
Composite transition system with 111/480 vars: not applying abstraction (same number of states)
Current peak memory increase of merge-and-shrink computation: 78848 KB

Next pair of indices: (111, 589)
Atomic transition system #111: 2 states, 6 arcs 
Atomic transition system #111: init h=0
Composite transition system with 111/480 vars: 16 states, 272 arcs 
Composite transition system with 111/480 vars: init h=2
t=148.048s (after computation of next merge)
Atomic transition system #111: current size: 2 (shrink threshold: 1)
Atomic transition system #111: applying abstraction (2 to 1 states)
Atomic transition system #111: simplification was not f-preserving!
Atomic transition system #111: computing init and goal distances using unit-cost algorithm
Atomic transition system #111: 1 states, 1 arcs 
Atomic transition system #111: init h=0
Composite transition system with 111/480 vars: current size: 16 (shrink threshold: 1)
Composite transition system with 111/480 vars: not applying abstraction (same number of states)
t=148.094s (after shrinking)
Merging atomic transition system #111 and composite transition system with 111/480 vars
Composite transition system with 112/480 vars: computing init and goal distances using unit-cost algorithm
Composite transition system with 112/480 vars: 16 states, 272 arcs 
Composite transition system with 112/480 vars: init h=2
Difference of init h values: 0
t=148.094s (after merging)
Composite transition system with 112/480 vars: not applying abstraction (same number of states)
Current peak memory increase of merge-and-shrink computation: 78848 KB

Next pair of indices: (112, 590)
Atomic transition system #112: 2 states, 6 arcs 
Atomic transition system #112: init h=0
Composite transition system with 112/480 vars: 16 states, 272 arcs 
Composite transition system with 112/480 vars: init h=2
t=149.13s (after computation of next merge)
Atomic transition system #112: current size: 2 (shrink threshold: 1)
Atomic transition system #112: applying abstraction (2 to 1 states)
Atomic transition system #112: simplification was not f-preserving!
Atomic transition system #112: computing init and goal distances using unit-cost algorithm
Atomic transition system #112: 1 states, 1 arcs 
Atomic transition system #112: init h=0
Composite transition system with 112/480 vars: current size: 16 (shrink threshold: 1)
Composite transition system with 112/480 vars: not applying abstraction (same number of states)
t=149.175s (after shrinking)
Merging atomic transition system #112 and composite transition system with 112/480 vars
Composite transition system with 113/480 vars: computing init and goal distances using unit-cost algorithm
Composite transition system with 113/480 vars: 16 states, 272 arcs 
Composite transition system with 113/480 vars: init h=2
Difference of init h values: 0
t=149.175s (after merging)
Composite transition system with 113/480 vars: not applying abstraction (same number of states)
Current peak memory increase of merge-and-shrink computation: 78848 KB

Next pair of indices: (113, 591)
Atomic transition system #113: 2 states, 6 arcs 
Atomic transition system #113: init h=0
Composite transition system with 113/480 vars: 16 states, 272 arcs 
Composite transition system with 113/480 vars: init h=2
t=150.208s (after computation of next merge)
Atomic transition system #113: current size: 2 (shrink threshold: 1)
Atomic transition system #113: applying abstraction (2 to 1 states)
Atomic transition system #113: simplification was not f-preserving!
Atomic transition system #113: computing init and goal distances using unit-cost algorithm
Atomic transition system #113: 1 states, 1 arcs 
Atomic transition system #113: init h=0
Composite transition system with 113/480 vars: current size: 16 (shrink threshold: 1)
Composite transition system with 113/480 vars: not applying abstraction (same number of states)
t=150.254s (after shrinking)
Merging atomic transition system #113 and composite transition system with 113/480 vars
Composite transition system with 114/480 vars: computing init and goal distances using unit-cost algorithm
Composite transition system with 114/480 vars: 16 states, 272 arcs 
Composite transition system with 114/480 vars: init h=2
Difference of init h values: 0
t=150.254s (after merging)
Composite transition system with 114/480 vars: not applying abstraction (same number of states)
Current peak memory increase of merge-and-shrink computation: 78848 KB

Next pair of indices: (114, 592)
Atomic transition system #114: 2 states, 6 arcs 
Atomic transition system #114: init h=0
Composite transition system with 114/480 vars: 16 states, 272 arcs 
Composite transition system with 114/480 vars: init h=2
t=151.271s (after computation of next merge)
Atomic transition system #114: current size: 2 (shrink threshold: 1)
Atomic transition system #114: applying abstraction (2 to 1 states)
Atomic transition system #114: simplification was not f-preserving!
Atomic transition system #114: computing init and goal distances using unit-cost algorithm
Atomic transition system #114: 1 states, 1 arcs 
Atomic transition system #114: init h=0
Composite transition system with 114/480 vars: current size: 16 (shrink threshold: 1)
Composite transition system with 114/480 vars: not applying abstraction (same number of states)
t=151.318s (after shrinking)
Merging atomic transition system #114 and composite transition system with 114/480 vars
Composite transition system with 115/480 vars: computing init and goal distances using unit-cost algorithm
Composite transition system with 115/480 vars: 16 states, 272 arcs 
Composite transition system with 115/480 vars: init h=2
Difference of init h values: 0
t=151.318s (after merging)
Composite transition system with 115/480 vars: not applying abstraction (same number of states)
Current peak memory increase of merge-and-shrink computation: 78848 KB

Next pair of indices: (115, 593)
Atomic transition system #115: 2 states, 6 arcs 
Atomic transition system #115: init h=0
Composite transition system with 115/480 vars: 16 states, 272 arcs 
Composite transition system with 115/480 vars: init h=2
t=152.345s (after computation of next merge)
Atomic transition system #115: current size: 2 (shrink threshold: 1)
Atomic transition system #115: applying abstraction (2 to 1 states)
Atomic transition system #115: simplification was not f-preserving!
Atomic transition system #115: computing init and goal distances using unit-cost algorithm
Atomic transition system #115: 1 states, 1 arcs 
Atomic transition system #115: init h=0
Composite transition system with 115/480 vars: current size: 16 (shrink threshold: 1)
Composite transition system with 115/480 vars: not applying abstraction (same number of states)
t=152.389s (after shrinking)
Merging atomic transition system #115 and composite transition system with 115/480 vars
Composite transition system with 116/480 vars: computing init and goal distances using unit-cost algorithm
Composite transition system with 116/480 vars: 16 states, 272 arcs 
Composite transition system with 116/480 vars: init h=2
Difference of init h values: 0
t=152.389s (after merging)
Composite transition system with 116/480 vars: not applying abstraction (same number of states)
Current peak memory increase of merge-and-shrink computation: 78848 KB

Next pair of indices: (116, 594)
Atomic transition system #116: 2 states, 6 arcs 
Atomic transition system #116: init h=0
Composite transition system with 116/480 vars: 16 states, 272 arcs 
Composite transition system with 116/480 vars: init h=2
t=153.41s (after computation of next merge)
Atomic transition system #116: current size: 2 (shrink threshold: 1)
Atomic transition system #116: applying abstraction (2 to 1 states)
Atomic transition system #116: simplification was not f-preserving!
Atomic transition system #116: computing init and goal distances using unit-cost algorithm
Atomic transition system #116: 1 states, 1 arcs 
Atomic transition system #116: init h=0
Composite transition system with 116/480 vars: current size: 16 (shrink threshold: 1)
Composite transition system with 116/480 vars: not applying abstraction (same number of states)
t=153.456s (after shrinking)
Merging atomic transition system #116 and composite transition system with 116/480 vars
Composite transition system with 117/480 vars: computing init and goal distances using unit-cost algorithm
Composite transition system with 117/480 vars: 16 states, 272 arcs 
Composite transition system with 117/480 vars: init h=2
Difference of init h values: 0
t=153.456s (after merging)
Composite transition system with 117/480 vars: not applying abstraction (same number of states)
Current peak memory increase of merge-and-shrink computation: 78848 KB

Next pair of indices: (117, 595)
Atomic transition system #117: 2 states, 6 arcs 
Atomic transition system #117: init h=0
Composite transition system with 117/480 vars: 16 states, 272 arcs 
Composite transition system with 117/480 vars: init h=2
t=154.481s (after computation of next merge)
Atomic transition system #117: current size: 2 (shrink threshold: 1)
Atomic transition system #117: applying abstraction (2 to 1 states)
Atomic transition system #117: simplification was not f-preserving!
Atomic transition system #117: computing init and goal distances using unit-cost algorithm
Atomic transition system #117: 1 states, 1 arcs 
Atomic transition system #117: init h=0
Composite transition system with 117/480 vars: current size: 16 (shrink threshold: 1)
Composite transition system with 117/480 vars: not applying abstraction (same number of states)
t=154.526s (after shrinking)
Merging atomic transition system #117 and composite transition system with 117/480 vars
Composite transition system with 118/480 vars: computing init and goal distances using unit-cost algorithm
Composite transition system with 118/480 vars: 16 states, 272 arcs 
Composite transition system with 118/480 vars: init h=2
Difference of init h values: 0
t=154.526s (after merging)
Composite transition system with 118/480 vars: not applying abstraction (same number of states)
Current peak memory increase of merge-and-shrink computation: 78848 KB

Next pair of indices: (118, 596)
Atomic transition system #118: 2 states, 6 arcs 
Atomic transition system #118: init h=0
Composite transition system with 118/480 vars: 16 states, 272 arcs 
Composite transition system with 118/480 vars: init h=2
t=155.54s (after computation of next merge)
Atomic transition system #118: current size: 2 (shrink threshold: 1)
Atomic transition system #118: applying abstraction (2 to 1 states)
Atomic transition system #118: simplification was not f-preserving!
Atomic transition system #118: computing init and goal distances using unit-cost algorithm
Atomic transition system #118: 1 states, 1 arcs 
Atomic transition system #118: init h=0
Composite transition system with 118/480 vars: current size: 16 (shrink threshold: 1)
Composite transition system with 118/480 vars: not applying abstraction (same number of states)
t=155.585s (after shrinking)
Merging atomic transition system #118 and composite transition system with 118/480 vars
Composite transition system with 119/480 vars: computing init and goal distances using unit-cost algorithm
Composite transition system with 119/480 vars: 16 states, 272 arcs 
Composite transition system with 119/480 vars: init h=2
Difference of init h values: 0
t=155.585s (after merging)
Composite transition system with 119/480 vars: not applying abstraction (same number of states)
Current peak memory increase of merge-and-shrink computation: 78848 KB

Next pair of indices: (119, 597)
Atomic transition system #119: 2 states, 6 arcs 
Atomic transition system #119: init h=1
Composite transition system with 119/480 vars: 16 states, 272 arcs 
Composite transition system with 119/480 vars: init h=2
t=156.6s (after computation of next merge)
Atomic transition system #119: current size: 2 (shrink threshold: 1)
Atomic transition system #119: not applying abstraction (same number of states)
Composite transition system with 119/480 vars: current size: 16 (shrink threshold: 1)
Composite transition system with 119/480 vars: not applying abstraction (same number of states)
Merging atomic transition system #119 and composite transition system with 119/480 vars
Composite transition system with 120/480 vars: computing init and goal distances using unit-cost algorithm
Composite transition system with 120/480 vars: 32 states, 736 arcs 
Composite transition system with 120/480 vars: init h=2
Difference of init h values: 0
t=156.644s (after merging)
Composite transition system with 120/480 vars: not applying abstraction (same number of states)
Current peak memory increase of merge-and-shrink computation: 78848 KB

Next pair of indices: (120, 598)
Atomic transition system #120: 2 states, 6 arcs 
Atomic transition system #120: init h=0
Composite transition system with 120/480 vars: 32 states, 736 arcs 
Composite transition system with 120/480 vars: init h=2
t=157.609s (after computation of next merge)
Atomic transition system #120: current size: 2 (shrink threshold: 1)
Atomic transition system #120: applying abstraction (2 to 1 states)
Atomic transition system #120: simplification was not f-preserving!
Atomic transition system #120: computing init and goal distances using unit-cost algorithm
Atomic transition system #120: 1 states, 1 arcs 
Atomic transition system #120: init h=0
Composite transition system with 120/480 vars: current size: 32 (shrink threshold: 1)
Composite transition system with 120/480 vars: not applying abstraction (same number of states)
t=157.652s (after shrinking)
Merging atomic transition system #120 and composite transition system with 120/480 vars
Composite transition system with 121/480 vars: computing init and goal distances using unit-cost algorithm
Composite transition system with 121/480 vars: 32 states, 736 arcs 
Composite transition system with 121/480 vars: init h=2
Difference of init h values: 0
t=157.652s (after merging)
Composite transition system with 121/480 vars: not applying abstraction (same number of states)
Current peak memory increase of merge-and-shrink computation: 78848 KB

Next pair of indices: (121, 599)
Atomic transition system #121: 2 states, 6 arcs 
Atomic transition system #121: init h=0
Composite transition system with 121/480 vars: 32 states, 736 arcs 
Composite transition system with 121/480 vars: init h=2
t=158.635s (after computation of next merge)
Atomic transition system #121: current size: 2 (shrink threshold: 1)
Atomic transition system #121: applying abstraction (2 to 1 states)
Atomic transition system #121: simplification was not f-preserving!
Atomic transition system #121: computing init and goal distances using unit-cost algorithm
Atomic transition system #121: 1 states, 1 arcs 
Atomic transition system #121: init h=0
Composite transition system with 121/480 vars: current size: 32 (shrink threshold: 1)
Composite transition system with 121/480 vars: not applying abstraction (same number of states)
t=158.68s (after shrinking)
Merging atomic transition system #121 and composite transition system with 121/480 vars
Composite transition system with 122/480 vars: computing init and goal distances using unit-cost algorithm
Composite transition system with 122/480 vars: 32 states, 736 arcs 
Composite transition system with 122/480 vars: init h=2
Difference of init h values: 0
t=158.68s (after merging)
Composite transition system with 122/480 vars: not applying abstraction (same number of states)
Current peak memory increase of merge-and-shrink computation: 78848 KB

Next pair of indices: (122, 600)
Atomic transition system #122: 2 states, 6 arcs 
Atomic transition system #122: init h=0
Composite transition system with 122/480 vars: 32 states, 736 arcs 
Composite transition system with 122/480 vars: init h=2
t=159.643s (after computation of next merge)
Atomic transition system #122: current size: 2 (shrink threshold: 1)
Atomic transition system #122: applying abstraction (2 to 1 states)
Atomic transition system #122: simplification was not f-preserving!
Atomic transition system #122: computing init and goal distances using unit-cost algorithm
Atomic transition system #122: 1 states, 1 arcs 
Atomic transition system #122: init h=0
Composite transition system with 122/480 vars: current size: 32 (shrink threshold: 1)
Composite transition system with 122/480 vars: not applying abstraction (same number of states)
t=159.694s (after shrinking)
Merging atomic transition system #122 and composite transition system with 122/480 vars
Composite transition system with 123/480 vars: computing init and goal distances using unit-cost algorithm
Composite transition system with 123/480 vars: 32 states, 736 arcs 
Composite transition system with 123/480 vars: init h=2
Difference of init h values: 0
t=159.694s (after merging)
Composite transition system with 123/480 vars: not applying abstraction (same number of states)
Current peak memory increase of merge-and-shrink computation: 78848 KB

Next pair of indices: (123, 601)
Atomic transition system #123: 2 states, 6 arcs 
Atomic transition system #123: init h=0
Composite transition system with 123/480 vars: 32 states, 736 arcs 
Composite transition system with 123/480 vars: init h=2
t=160.64s (after computation of next merge)
Atomic transition system #123: current size: 2 (shrink threshold: 1)
Atomic transition system #123: applying abstraction (2 to 1 states)
Atomic transition system #123: simplification was not f-preserving!
Atomic transition system #123: computing init and goal distances using unit-cost algorithm
Atomic transition system #123: 1 states, 1 arcs 
Atomic transition system #123: init h=0
Composite transition system with 123/480 vars: current size: 32 (shrink threshold: 1)
Composite transition system with 123/480 vars: not applying abstraction (same number of states)
t=160.68s (after shrinking)
Merging atomic transition system #123 and composite transition system with 123/480 vars
Composite transition system with 124/480 vars: computing init and goal distances using unit-cost algorithm
Composite transition system with 124/480 vars: 32 states, 736 arcs 
Composite transition system with 124/480 vars: init h=2
Difference of init h values: 0
t=160.681s (after merging)
Composite transition system with 124/480 vars: not applying abstraction (same number of states)
Current peak memory increase of merge-and-shrink computation: 78848 KB

Next pair of indices: (124, 602)
Atomic transition system #124: 2 states, 6 arcs 
Atomic transition system #124: init h=0
Composite transition system with 124/480 vars: 32 states, 736 arcs 
Composite transition system with 124/480 vars: init h=2
t=161.63s (after computation of next merge)
Atomic transition system #124: current size: 2 (shrink threshold: 1)
Atomic transition system #124: applying abstraction (2 to 1 states)
Atomic transition system #124: simplification was not f-preserving!
Atomic transition system #124: computing init and goal distances using unit-cost algorithm
Atomic transition system #124: 1 states, 1 arcs 
Atomic transition system #124: init h=0
Composite transition system with 124/480 vars: current size: 32 (shrink threshold: 1)
Composite transition system with 124/480 vars: not applying abstraction (same number of states)
t=161.672s (after shrinking)
Merging atomic transition system #124 and composite transition system with 124/480 vars
Composite transition system with 125/480 vars: computing init and goal distances using unit-cost algorithm
Composite transition system with 125/480 vars: 32 states, 736 arcs 
Composite transition system with 125/480 vars: init h=2
Difference of init h values: 0
t=161.672s (after merging)
Composite transition system with 125/480 vars: not applying abstraction (same number of states)
Current peak memory increase of merge-and-shrink computation: 78848 KB

Next pair of indices: (125, 603)
Atomic transition system #125: 2 states, 6 arcs 
Atomic transition system #125: init h=0
Composite transition system with 125/480 vars: 32 states, 736 arcs 
Composite transition system with 125/480 vars: init h=2
t=162.628s (after computation of next merge)
Atomic transition system #125: current size: 2 (shrink threshold: 1)
Atomic transition system #125: applying abstraction (2 to 1 states)
Atomic transition system #125: simplification was not f-preserving!
Atomic transition system #125: computing init and goal distances using unit-cost algorithm
Atomic transition system #125: 1 states, 1 arcs 
Atomic transition system #125: init h=0
Composite transition system with 125/480 vars: current size: 32 (shrink threshold: 1)
Composite transition system with 125/480 vars: not applying abstraction (same number of states)
t=162.672s (after shrinking)
Merging atomic transition system #125 and composite transition system with 125/480 vars
Composite transition system with 126/480 vars: computing init and goal distances using unit-cost algorithm
Composite transition system with 126/480 vars: 32 states, 736 arcs 
Composite transition system with 126/480 vars: init h=2
Difference of init h values: 0
t=162.672s (after merging)
Composite transition system with 126/480 vars: not applying abstraction (same number of states)
Current peak memory increase of merge-and-shrink computation: 78848 KB

Next pair of indices: (126, 604)
Atomic transition system #126: 2 states, 6 arcs 
Atomic transition system #126: init h=0
Composite transition system with 126/480 vars: 32 states, 736 arcs 
Composite transition system with 126/480 vars: init h=2
t=163.61s (after computation of next merge)
Atomic transition system #126: current size: 2 (shrink threshold: 1)
Atomic transition system #126: applying abstraction (2 to 1 states)
Atomic transition system #126: simplification was not f-preserving!
Atomic transition system #126: computing init and goal distances using unit-cost algorithm
Atomic transition system #126: 1 states, 1 arcs 
Atomic transition system #126: init h=0
Composite transition system with 126/480 vars: current size: 32 (shrink threshold: 1)
Composite transition system with 126/480 vars: not applying abstraction (same number of states)
t=163.653s (after shrinking)
Merging atomic transition system #126 and composite transition system with 126/480 vars
Composite transition system with 127/480 vars: computing init and goal distances using unit-cost algorithm
Composite transition system with 127/480 vars: 32 states, 736 arcs 
Composite transition system with 127/480 vars: init h=2
Difference of init h values: 0
t=163.653s (after merging)
Composite transition system with 127/480 vars: not applying abstraction (same number of states)
Current peak memory increase of merge-and-shrink computation: 78848 KB

Next pair of indices: (127, 605)
Atomic transition system #127: 2 states, 6 arcs 
Atomic transition system #127: init h=0
Composite transition system with 127/480 vars: 32 states, 736 arcs 
Composite transition system with 127/480 vars: init h=2
t=164.599s (after computation of next merge)
Atomic transition system #127: current size: 2 (shrink threshold: 1)
Atomic transition system #127: applying abstraction (2 to 1 states)
Atomic transition system #127: simplification was not f-preserving!
Atomic transition system #127: computing init and goal distances using unit-cost algorithm
Atomic transition system #127: 1 states, 1 arcs 
Atomic transition system #127: init h=0
Composite transition system with 127/480 vars: current size: 32 (shrink threshold: 1)
Composite transition system with 127/480 vars: not applying abstraction (same number of states)
t=164.645s (after shrinking)
Merging atomic transition system #127 and composite transition system with 127/480 vars
Composite transition system with 128/480 vars: computing init and goal distances using unit-cost algorithm
Composite transition system with 128/480 vars: 32 states, 736 arcs 
Composite transition system with 128/480 vars: init h=2
Difference of init h values: 0
t=164.646s (after merging)
Composite transition system with 128/480 vars: not applying abstraction (same number of states)
Current peak memory increase of merge-and-shrink computation: 78848 KB

Next pair of indices: (128, 606)
Atomic transition system #128: 2 states, 6 arcs 
Atomic transition system #128: init h=0
Composite transition system with 128/480 vars: 32 states, 736 arcs 
Composite transition system with 128/480 vars: init h=2
t=165.588s (after computation of next merge)
Atomic transition system #128: current size: 2 (shrink threshold: 1)
Atomic transition system #128: applying abstraction (2 to 1 states)
Atomic transition system #128: simplification was not f-preserving!
Atomic transition system #128: computing init and goal distances using unit-cost algorithm
Atomic transition system #128: 1 states, 1 arcs 
Atomic transition system #128: init h=0
Composite transition system with 128/480 vars: current size: 32 (shrink threshold: 1)
Composite transition system with 128/480 vars: not applying abstraction (same number of states)
t=165.634s (after shrinking)
Merging atomic transition system #128 and composite transition system with 128/480 vars
Composite transition system with 129/480 vars: computing init and goal distances using unit-cost algorithm
Composite transition system with 129/480 vars: 32 states, 736 arcs 
Composite transition system with 129/480 vars: init h=2
Difference of init h values: 0
t=165.634s (after merging)
Composite transition system with 129/480 vars: not applying abstraction (same number of states)
Current peak memory increase of merge-and-shrink computation: 78848 KB

Next pair of indices: (129, 607)
Atomic transition system #129: 2 states, 6 arcs 
Atomic transition system #129: init h=0
Composite transition system with 129/480 vars: 32 states, 736 arcs 
Composite transition system with 129/480 vars: init h=2
t=166.568s (after computation of next merge)
Atomic transition system #129: current size: 2 (shrink threshold: 1)
Atomic transition system #129: applying abstraction (2 to 1 states)
Atomic transition system #129: simplification was not f-preserving!
Atomic transition system #129: computing init and goal distances using unit-cost algorithm
Atomic transition system #129: 1 states, 1 arcs 
Atomic transition system #129: init h=0
Composite transition system with 129/480 vars: current size: 32 (shrink threshold: 1)
Composite transition system with 129/480 vars: not applying abstraction (same number of states)
t=166.611s (after shrinking)
Merging atomic transition system #129 and composite transition system with 129/480 vars
Composite transition system with 130/480 vars: computing init and goal distances using unit-cost algorithm
Composite transition system with 130/480 vars: 32 states, 736 arcs 
Composite transition system with 130/480 vars: init h=2
Difference of init h values: 0
t=166.611s (after merging)
Composite transition system with 130/480 vars: not applying abstraction (same number of states)
Current peak memory increase of merge-and-shrink computation: 78848 KB

Next pair of indices: (130, 608)
Atomic transition system #130: 2 states, 6 arcs 
Atomic transition system #130: init h=0
Composite transition system with 130/480 vars: 32 states, 736 arcs 
Composite transition system with 130/480 vars: init h=2
t=167.549s (after computation of next merge)
Atomic transition system #130: current size: 2 (shrink threshold: 1)
Atomic transition system #130: applying abstraction (2 to 1 states)
Atomic transition system #130: simplification was not f-preserving!
Atomic transition system #130: computing init and goal distances using unit-cost algorithm
Atomic transition system #130: 1 states, 1 arcs 
Atomic transition system #130: init h=0
Composite transition system with 130/480 vars: current size: 32 (shrink threshold: 1)
Composite transition system with 130/480 vars: not applying abstraction (same number of states)
t=167.59s (after shrinking)
Merging atomic transition system #130 and composite transition system with 130/480 vars
Composite transition system with 131/480 vars: computing init and goal distances using unit-cost algorithm
Composite transition system with 131/480 vars: 32 states, 736 arcs 
Composite transition system with 131/480 vars: init h=2
Difference of init h values: 0
t=167.591s (after merging)
Composite transition system with 131/480 vars: not applying abstraction (same number of states)
Current peak memory increase of merge-and-shrink computation: 78848 KB

Next pair of indices: (131, 609)
Atomic transition system #131: 2 states, 6 arcs 
Atomic transition system #131: init h=0
Composite transition system with 131/480 vars: 32 states, 736 arcs 
Composite transition system with 131/480 vars: init h=2
t=168.529s (after computation of next merge)
Atomic transition system #131: current size: 2 (shrink threshold: 1)
Atomic transition system #131: applying abstraction (2 to 1 states)
Atomic transition system #131: simplification was not f-preserving!
Atomic transition system #131: computing init and goal distances using unit-cost algorithm
Atomic transition system #131: 1 states, 1 arcs 
Atomic transition system #131: init h=0
Composite transition system with 131/480 vars: current size: 32 (shrink threshold: 1)
Composite transition system with 131/480 vars: not applying abstraction (same number of states)
t=168.575s (after shrinking)
Merging atomic transition system #131 and composite transition system with 131/480 vars
Composite transition system with 132/480 vars: computing init and goal distances using unit-cost algorithm
Composite transition system with 132/480 vars: 32 states, 736 arcs 
Composite transition system with 132/480 vars: init h=2
Difference of init h values: 0
t=168.575s (after merging)
Composite transition system with 132/480 vars: not applying abstraction (same number of states)
Current peak memory increase of merge-and-shrink computation: 78848 KB

Next pair of indices: (132, 610)
Atomic transition system #132: 2 states, 6 arcs 
Atomic transition system #132: init h=0
Composite transition system with 132/480 vars: 32 states, 736 arcs 
Composite transition system with 132/480 vars: init h=2
t=169.511s (after computation of next merge)
Atomic transition system #132: current size: 2 (shrink threshold: 1)
Atomic transition system #132: applying abstraction (2 to 1 states)
Atomic transition system #132: simplification was not f-preserving!
Atomic transition system #132: computing init and goal distances using unit-cost algorithm
Atomic transition system #132: 1 states, 1 arcs 
Atomic transition system #132: init h=0
Composite transition system with 132/480 vars: current size: 32 (shrink threshold: 1)
Composite transition system with 132/480 vars: not applying abstraction (same number of states)
t=169.554s (after shrinking)
Merging atomic transition system #132 and composite transition system with 132/480 vars
Composite transition system with 133/480 vars: computing init and goal distances using unit-cost algorithm
Composite transition system with 133/480 vars: 32 states, 736 arcs 
Composite transition system with 133/480 vars: init h=2
Difference of init h values: 0
t=169.554s (after merging)
Composite transition system with 133/480 vars: not applying abstraction (same number of states)
Current peak memory increase of merge-and-shrink computation: 78848 KB

Next pair of indices: (133, 611)
Atomic transition system #133: 2 states, 6 arcs 
Atomic transition system #133: init h=0
Composite transition system with 133/480 vars: 32 states, 736 arcs 
Composite transition system with 133/480 vars: init h=2
t=170.484s (after computation of next merge)
Atomic transition system #133: current size: 2 (shrink threshold: 1)
Atomic transition system #133: applying abstraction (2 to 1 states)
Atomic transition system #133: simplification was not f-preserving!
Atomic transition system #133: computing init and goal distances using unit-cost algorithm
Atomic transition system #133: 1 states, 1 arcs 
Atomic transition system #133: init h=0
Composite transition system with 133/480 vars: current size: 32 (shrink threshold: 1)
Composite transition system with 133/480 vars: not applying abstraction (same number of states)
t=170.527s (after shrinking)
Merging atomic transition system #133 and composite transition system with 133/480 vars
Composite transition system with 134/480 vars: computing init and goal distances using unit-cost algorithm
Composite transition system with 134/480 vars: 32 states, 736 arcs 
Composite transition system with 134/480 vars: init h=2
Difference of init h values: 0
t=170.527s (after merging)
Composite transition system with 134/480 vars: not applying abstraction (same number of states)
Current peak memory increase of merge-and-shrink computation: 78848 KB

Next pair of indices: (134, 612)
Atomic transition system #134: 2 states, 6 arcs 
Atomic transition system #134: init h=0
Composite transition system with 134/480 vars: 32 states, 736 arcs 
Composite transition system with 134/480 vars: init h=2
t=171.501s (after computation of next merge)
Atomic transition system #134: current size: 2 (shrink threshold: 1)
Atomic transition system #134: applying abstraction (2 to 1 states)
Atomic transition system #134: simplification was not f-preserving!
Atomic transition system #134: computing init and goal distances using unit-cost algorithm
Atomic transition system #134: 1 states, 1 arcs 
Atomic transition system #134: init h=0
Composite transition system with 134/480 vars: current size: 32 (shrink threshold: 1)
Composite transition system with 134/480 vars: not applying abstraction (same number of states)
t=171.542s (after shrinking)
Merging atomic transition system #134 and composite transition system with 134/480 vars
Composite transition system with 135/480 vars: computing init and goal distances using unit-cost algorithm
Composite transition system with 135/480 vars: 32 states, 736 arcs 
Composite transition system with 135/480 vars: init h=2
Difference of init h values: 0
t=171.542s (after merging)
Composite transition system with 135/480 vars: not applying abstraction (same number of states)
Current peak memory increase of merge-and-shrink computation: 78848 KB

Next pair of indices: (135, 613)
Atomic transition system #135: 2 states, 6 arcs 
Atomic transition system #135: init h=0
Composite transition system with 135/480 vars: 32 states, 736 arcs 
Composite transition system with 135/480 vars: init h=2
t=172.477s (after computation of next merge)
Atomic transition system #135: current size: 2 (shrink threshold: 1)
Atomic transition system #135: applying abstraction (2 to 1 states)
Atomic transition system #135: simplification was not f-preserving!
Atomic transition system #135: computing init and goal distances using unit-cost algorithm
Atomic transition system #135: 1 states, 1 arcs 
Atomic transition system #135: init h=0
Composite transition system with 135/480 vars: current size: 32 (shrink threshold: 1)
Composite transition system with 135/480 vars: not applying abstraction (same number of states)
t=172.522s (after shrinking)
Merging atomic transition system #135 and composite transition system with 135/480 vars
Composite transition system with 136/480 vars: computing init and goal distances using unit-cost algorithm
Composite transition system with 136/480 vars: 32 states, 736 arcs 
Composite transition system with 136/480 vars: init h=2
Difference of init h values: 0
t=172.523s (after merging)
Composite transition system with 136/480 vars: not applying abstraction (same number of states)
Current peak memory increase of merge-and-shrink computation: 78848 KB

Next pair of indices: (136, 614)
Atomic transition system #136: 2 states, 6 arcs 
Atomic transition system #136: init h=0
Composite transition system with 136/480 vars: 32 states, 736 arcs 
Composite transition system with 136/480 vars: init h=2
t=173.444s (after computation of next merge)
Atomic transition system #136: current size: 2 (shrink threshold: 1)
Atomic transition system #136: applying abstraction (2 to 1 states)
Atomic transition system #136: simplification was not f-preserving!
Atomic transition system #136: computing init and goal distances using unit-cost algorithm
Atomic transition system #136: 1 states, 1 arcs 
Atomic transition system #136: init h=0
Composite transition system with 136/480 vars: current size: 32 (shrink threshold: 1)
Composite transition system with 136/480 vars: not applying abstraction (same number of states)
t=173.488s (after shrinking)
Merging atomic transition system #136 and composite transition system with 136/480 vars
Composite transition system with 137/480 vars: computing init and goal distances using unit-cost algorithm
Composite transition system with 137/480 vars: 32 states, 736 arcs 
Composite transition system with 137/480 vars: init h=2
Difference of init h values: 0
t=173.488s (after merging)
Composite transition system with 137/480 vars: not applying abstraction (same number of states)
Current peak memory increase of merge-and-shrink computation: 78848 KB

Next pair of indices: (137, 615)
Atomic transition system #137: 2 states, 6 arcs 
Atomic transition system #137: init h=0
Composite transition system with 137/480 vars: 32 states, 736 arcs 
Composite transition system with 137/480 vars: init h=2
t=174.407s (after computation of next merge)
Atomic transition system #137: current size: 2 (shrink threshold: 1)
Atomic transition system #137: applying abstraction (2 to 1 states)
Atomic transition system #137: simplification was not f-preserving!
Atomic transition system #137: computing init and goal distances using unit-cost algorithm
Atomic transition system #137: 1 states, 1 arcs 
Atomic transition system #137: init h=0
Composite transition system with 137/480 vars: current size: 32 (shrink threshold: 1)
Composite transition system with 137/480 vars: not applying abstraction (same number of states)
t=174.451s (after shrinking)
Merging atomic transition system #137 and composite transition system with 137/480 vars
Composite transition system with 138/480 vars: computing init and goal distances using unit-cost algorithm
Composite transition system with 138/480 vars: 32 states, 736 arcs 
Composite transition system with 138/480 vars: init h=2
Difference of init h values: 0
t=174.451s (after merging)
Composite transition system with 138/480 vars: not applying abstraction (same number of states)
Current peak memory increase of merge-and-shrink computation: 78848 KB

Next pair of indices: (138, 616)
Atomic transition system #138: 2 states, 6 arcs 
Atomic transition system #138: init h=0
Composite transition system with 138/480 vars: 32 states, 736 arcs 
Composite transition system with 138/480 vars: init h=2
t=175.361s (after computation of next merge)
Atomic transition system #138: current size: 2 (shrink threshold: 1)
Atomic transition system #138: applying abstraction (2 to 1 states)
Atomic transition system #138: simplification was not f-preserving!
Atomic transition system #138: computing init and goal distances using unit-cost algorithm
Atomic transition system #138: 1 states, 1 arcs 
Atomic transition system #138: init h=0
Composite transition system with 138/480 vars: current size: 32 (shrink threshold: 1)
Composite transition system with 138/480 vars: not applying abstraction (same number of states)
t=175.402s (after shrinking)
Merging atomic transition system #138 and composite transition system with 138/480 vars
Composite transition system with 139/480 vars: computing init and goal distances using unit-cost algorithm
Composite transition system with 139/480 vars: 32 states, 736 arcs 
Composite transition system with 139/480 vars: init h=2
Difference of init h values: 0
t=175.402s (after merging)
Composite transition system with 139/480 vars: not applying abstraction (same number of states)
Current peak memory increase of merge-and-shrink computation: 78848 KB

Next pair of indices: (139, 617)
Atomic transition system #139: 2 states, 6 arcs 
Atomic transition system #139: init h=0
Composite transition system with 139/480 vars: 32 states, 736 arcs 
Composite transition system with 139/480 vars: init h=2
t=176.313s (after computation of next merge)
Atomic transition system #139: current size: 2 (shrink threshold: 1)
Atomic transition system #139: applying abstraction (2 to 1 states)
Atomic transition system #139: simplification was not f-preserving!
Atomic transition system #139: computing init and goal distances using unit-cost algorithm
Atomic transition system #139: 1 states, 1 arcs 
Atomic transition system #139: init h=0
Composite transition system with 139/480 vars: current size: 32 (shrink threshold: 1)
Composite transition system with 139/480 vars: not applying abstraction (same number of states)
t=176.352s (after shrinking)
Merging atomic transition system #139 and composite transition system with 139/480 vars
Composite transition system with 140/480 vars: computing init and goal distances using unit-cost algorithm
Composite transition system with 140/480 vars: 32 states, 736 arcs 
Composite transition system with 140/480 vars: init h=2
Difference of init h values: 0
t=176.353s (after merging)
Composite transition system with 140/480 vars: not applying abstraction (same number of states)
Current peak memory increase of merge-and-shrink computation: 78848 KB

Next pair of indices: (140, 618)
Atomic transition system #140: 2 states, 6 arcs 
Atomic transition system #140: init h=0
Composite transition system with 140/480 vars: 32 states, 736 arcs 
Composite transition system with 140/480 vars: init h=2
t=177.271s (after computation of next merge)
Atomic transition system #140: current size: 2 (shrink threshold: 1)
Atomic transition system #140: applying abstraction (2 to 1 states)
Atomic transition system #140: simplification was not f-preserving!
Atomic transition system #140: computing init and goal distances using unit-cost algorithm
Atomic transition system #140: 1 states, 1 arcs 
Atomic transition system #140: init h=0
Composite transition system with 140/480 vars: current size: 32 (shrink threshold: 1)
Composite transition system with 140/480 vars: not applying abstraction (same number of states)
t=177.309s (after shrinking)
Merging atomic transition system #140 and composite transition system with 140/480 vars
Composite transition system with 141/480 vars: computing init and goal distances using unit-cost algorithm
Composite transition system with 141/480 vars: 32 states, 736 arcs 
Composite transition system with 141/480 vars: init h=2
Difference of init h values: 0
t=177.31s (after merging)
Composite transition system with 141/480 vars: not applying abstraction (same number of states)
Current peak memory increase of merge-and-shrink computation: 78848 KB

Next pair of indices: (141, 619)
Atomic transition system #141: 2 states, 6 arcs 
Atomic transition system #141: init h=0
Composite transition system with 141/480 vars: 32 states, 736 arcs 
Composite transition system with 141/480 vars: init h=2
t=178.214s (after computation of next merge)
Atomic transition system #141: current size: 2 (shrink threshold: 1)
Atomic transition system #141: applying abstraction (2 to 1 states)
Atomic transition system #141: simplification was not f-preserving!
Atomic transition system #141: computing init and goal distances using unit-cost algorithm
Atomic transition system #141: 1 states, 1 arcs 
Atomic transition system #141: init h=0
Composite transition system with 141/480 vars: current size: 32 (shrink threshold: 1)
Composite transition system with 141/480 vars: not applying abstraction (same number of states)
t=178.255s (after shrinking)
Merging atomic transition system #141 and composite transition system with 141/480 vars
Composite transition system with 142/480 vars: computing init and goal distances using unit-cost algorithm
Composite transition system with 142/480 vars: 32 states, 736 arcs 
Composite transition system with 142/480 vars: init h=2
Difference of init h values: 0
t=178.255s (after merging)
Composite transition system with 142/480 vars: not applying abstraction (same number of states)
Current peak memory increase of merge-and-shrink computation: 78848 KB

Next pair of indices: (142, 620)
Atomic transition system #142: 2 states, 6 arcs 
Atomic transition system #142: init h=0
Composite transition system with 142/480 vars: 32 states, 736 arcs 
Composite transition system with 142/480 vars: init h=2
t=179.163s (after computation of next merge)
Atomic transition system #142: current size: 2 (shrink threshold: 1)
Atomic transition system #142: applying abstraction (2 to 1 states)
Atomic transition system #142: simplification was not f-preserving!
Atomic transition system #142: computing init and goal distances using unit-cost algorithm
Atomic transition system #142: 1 states, 1 arcs 
Atomic transition system #142: init h=0
Composite transition system with 142/480 vars: current size: 32 (shrink threshold: 1)
Composite transition system with 142/480 vars: not applying abstraction (same number of states)
t=179.206s (after shrinking)
Merging atomic transition system #142 and composite transition system with 142/480 vars
Composite transition system with 143/480 vars: computing init and goal distances using unit-cost algorithm
Composite transition system with 143/480 vars: 32 states, 736 arcs 
Composite transition system with 143/480 vars: init h=2
Difference of init h values: 0
t=179.206s (after merging)
Composite transition system with 143/480 vars: not applying abstraction (same number of states)
Current peak memory increase of merge-and-shrink computation: 78848 KB

Next pair of indices: (143, 621)
Atomic transition system #143: 2 states, 6 arcs 
Atomic transition system #143: init h=1
Composite transition system with 143/480 vars: 32 states, 736 arcs 
Composite transition system with 143/480 vars: init h=2
t=180.109s (after computation of next merge)
Atomic transition system #143: current size: 2 (shrink threshold: 1)
Atomic transition system #143: not applying abstraction (same number of states)
Composite transition system with 143/480 vars: current size: 32 (shrink threshold: 1)
Composite transition system with 143/480 vars: not applying abstraction (same number of states)
Merging atomic transition system #143 and composite transition system with 143/480 vars
Composite transition system with 144/480 vars: computing init and goal distances using unit-cost algorithm
Composite transition system with 144/480 vars: 64 states, 1856 arcs 
Composite transition system with 144/480 vars: init h=2
Difference of init h values: 0
t=180.152s (after merging)
Composite transition system with 144/480 vars: not applying abstraction (same number of states)
Current peak memory increase of merge-and-shrink computation: 78848 KB

Next pair of indices: (144, 622)
Atomic transition system #144: 2 states, 6 arcs 
Atomic transition system #144: init h=0
Composite transition system with 144/480 vars: 64 states, 1856 arcs 
Composite transition system with 144/480 vars: init h=2
t=181.014s (after computation of next merge)
Atomic transition system #144: current size: 2 (shrink threshold: 1)
Atomic transition system #144: applying abstraction (2 to 1 states)
Atomic transition system #144: simplification was not f-preserving!
Atomic transition system #144: computing init and goal distances using unit-cost algorithm
Atomic transition system #144: 1 states, 1 arcs 
Atomic transition system #144: init h=0
Composite transition system with 144/480 vars: current size: 64 (shrink threshold: 1)
Composite transition system with 144/480 vars: not applying abstraction (same number of states)
t=181.055s (after shrinking)
Merging atomic transition system #144 and composite transition system with 144/480 vars
Composite transition system with 145/480 vars: computing init and goal distances using unit-cost algorithm
Composite transition system with 145/480 vars: 64 states, 1856 arcs 
Composite transition system with 145/480 vars: init h=2
Difference of init h values: 0
t=181.055s (after merging)
Composite transition system with 145/480 vars: not applying abstraction (same number of states)
Current peak memory increase of merge-and-shrink computation: 78848 KB

Next pair of indices: (145, 623)
Atomic transition system #145: 2 states, 6 arcs 
Atomic transition system #145: init h=0
Composite transition system with 145/480 vars: 64 states, 1856 arcs 
Composite transition system with 145/480 vars: init h=2
t=181.917s (after computation of next merge)
Atomic transition system #145: current size: 2 (shrink threshold: 1)
Atomic transition system #145: applying abstraction (2 to 1 states)
Atomic transition system #145: simplification was not f-preserving!
Atomic transition system #145: computing init and goal distances using unit-cost algorithm
Atomic transition system #145: 1 states, 1 arcs 
Atomic transition system #145: init h=0
Composite transition system with 145/480 vars: current size: 64 (shrink threshold: 1)
Composite transition system with 145/480 vars: not applying abstraction (same number of states)
t=181.953s (after shrinking)
Merging atomic transition system #145 and composite transition system with 145/480 vars
Composite transition system with 146/480 vars: computing init and goal distances using unit-cost algorithm
Composite transition system with 146/480 vars: 64 states, 1856 arcs 
Composite transition system with 146/480 vars: init h=2
Difference of init h values: 0
t=181.954s (after merging)
Composite transition system with 146/480 vars: not applying abstraction (same number of states)
Current peak memory increase of merge-and-shrink computation: 78848 KB

Next pair of indices: (146, 624)
Atomic transition system #146: 2 states, 6 arcs 
Atomic transition system #146: init h=0
Composite transition system with 146/480 vars: 64 states, 1856 arcs 
Composite transition system with 146/480 vars: init h=2
t=182.817s (after computation of next merge)
Atomic transition system #146: current size: 2 (shrink threshold: 1)
Atomic transition system #146: applying abstraction (2 to 1 states)
Atomic transition system #146: simplification was not f-preserving!
Atomic transition system #146: computing init and goal distances using unit-cost algorithm
Atomic transition system #146: 1 states, 1 arcs 
Atomic transition system #146: init h=0
Composite transition system with 146/480 vars: current size: 64 (shrink threshold: 1)
Composite transition system with 146/480 vars: not applying abstraction (same number of states)
t=182.857s (after shrinking)
Merging atomic transition system #146 and composite transition system with 146/480 vars
Composite transition system with 147/480 vars: computing init and goal distances using unit-cost algorithm
Composite transition system with 147/480 vars: 64 states, 1856 arcs 
Composite transition system with 147/480 vars: init h=2
Difference of init h values: 0
t=182.857s (after merging)
Composite transition system with 147/480 vars: not applying abstraction (same number of states)
Current peak memory increase of merge-and-shrink computation: 78848 KB

Next pair of indices: (147, 625)
Atomic transition system #147: 2 states, 6 arcs 
Atomic transition system #147: init h=0
Composite transition system with 147/480 vars: 64 states, 1856 arcs 
Composite transition system with 147/480 vars: init h=2
t=183.708s (after computation of next merge)
Atomic transition system #147: current size: 2 (shrink threshold: 1)
Atomic transition system #147: applying abstraction (2 to 1 states)
Atomic transition system #147: simplification was not f-preserving!
Atomic transition system #147: computing init and goal distances using unit-cost algorithm
Atomic transition system #147: 1 states, 1 arcs 
Atomic transition system #147: init h=0
Composite transition system with 147/480 vars: current size: 64 (shrink threshold: 1)
Composite transition system with 147/480 vars: not applying abstraction (same number of states)
t=183.744s (after shrinking)
Merging atomic transition system #147 and composite transition system with 147/480 vars
Composite transition system with 148/480 vars: computing init and goal distances using unit-cost algorithm
Composite transition system with 148/480 vars: 64 states, 1856 arcs 
Composite transition system with 148/480 vars: init h=2
Difference of init h values: 0
t=183.744s (after merging)
Composite transition system with 148/480 vars: not applying abstraction (same number of states)
Current peak memory increase of merge-and-shrink computation: 78848 KB

Next pair of indices: (148, 626)
Atomic transition system #148: 2 states, 6 arcs 
Atomic transition system #148: init h=0
Composite transition system with 148/480 vars: 64 states, 1856 arcs 
Composite transition system with 148/480 vars: init h=2
t=184.6s (after computation of next merge)
Atomic transition system #148: current size: 2 (shrink threshold: 1)
Atomic transition system #148: applying abstraction (2 to 1 states)
Atomic transition system #148: simplification was not f-preserving!
Atomic transition system #148: computing init and goal distances using unit-cost algorithm
Atomic transition system #148: 1 states, 1 arcs 
Atomic transition system #148: init h=0
Composite transition system with 148/480 vars: current size: 64 (shrink threshold: 1)
Composite transition system with 148/480 vars: not applying abstraction (same number of states)
t=184.638s (after shrinking)
Merging atomic transition system #148 and composite transition system with 148/480 vars
Composite transition system with 149/480 vars: computing init and goal distances using unit-cost algorithm
Composite transition system with 149/480 vars: 64 states, 1856 arcs 
Composite transition system with 149/480 vars: init h=2
Difference of init h values: 0
t=184.638s (after merging)
Composite transition system with 149/480 vars: not applying abstraction (same number of states)
Current peak memory increase of merge-and-shrink computation: 78848 KB

Next pair of indices: (149, 627)
Atomic transition system #149: 2 states, 6 arcs 
Atomic transition system #149: init h=0
Composite transition system with 149/480 vars: 64 states, 1856 arcs 
Composite transition system with 149/480 vars: init h=2
t=185.481s (after computation of next merge)
Atomic transition system #149: current size: 2 (shrink threshold: 1)
Atomic transition system #149: applying abstraction (2 to 1 states)
Atomic transition system #149: simplification was not f-preserving!
Atomic transition system #149: computing init and goal distances using unit-cost algorithm
Atomic transition system #149: 1 states, 1 arcs 
Atomic transition system #149: init h=0
Composite transition system with 149/480 vars: current size: 64 (shrink threshold: 1)
Composite transition system with 149/480 vars: not applying abstraction (same number of states)
t=185.521s (after shrinking)
Merging atomic transition system #149 and composite transition system with 149/480 vars
Composite transition system with 150/480 vars: computing init and goal distances using unit-cost algorithm
Composite transition system with 150/480 vars: 64 states, 1856 arcs 
Composite transition system with 150/480 vars: init h=2
Difference of init h values: 0
t=185.521s (after merging)
Composite transition system with 150/480 vars: not applying abstraction (same number of states)
Current peak memory increase of merge-and-shrink computation: 78848 KB

Next pair of indices: (150, 628)
Atomic transition system #150: 2 states, 6 arcs 
Atomic transition system #150: init h=0
Composite transition system with 150/480 vars: 64 states, 1856 arcs 
Composite transition system with 150/480 vars: init h=2
t=186.37s (after computation of next merge)
Atomic transition system #150: current size: 2 (shrink threshold: 1)
Atomic transition system #150: applying abstraction (2 to 1 states)
Atomic transition system #150: simplification was not f-preserving!
Atomic transition system #150: computing init and goal distances using unit-cost algorithm
Atomic transition system #150: 1 states, 1 arcs 
Atomic transition system #150: init h=0
Composite transition system with 150/480 vars: current size: 64 (shrink threshold: 1)
Composite transition system with 150/480 vars: not applying abstraction (same number of states)
t=186.411s (after shrinking)
Merging atomic transition system #150 and composite transition system with 150/480 vars
Composite transition system with 151/480 vars: computing init and goal distances using unit-cost algorithm
Composite transition system with 151/480 vars: 64 states, 1856 arcs 
Composite transition system with 151/480 vars: init h=2
Difference of init h values: 0
t=186.411s (after merging)
Composite transition system with 151/480 vars: not applying abstraction (same number of states)
Current peak memory increase of merge-and-shrink computation: 78848 KB

Next pair of indices: (151, 629)
Atomic transition system #151: 2 states, 6 arcs 
Atomic transition system #151: init h=0
Composite transition system with 151/480 vars: 64 states, 1856 arcs 
Composite transition system with 151/480 vars: init h=2
t=187.256s (after computation of next merge)
Atomic transition system #151: current size: 2 (shrink threshold: 1)
Atomic transition system #151: applying abstraction (2 to 1 states)
Atomic transition system #151: simplification was not f-preserving!
Atomic transition system #151: computing init and goal distances using unit-cost algorithm
Atomic transition system #151: 1 states, 1 arcs 
Atomic transition system #151: init h=0
Composite transition system with 151/480 vars: current size: 64 (shrink threshold: 1)
Composite transition system with 151/480 vars: not applying abstraction (same number of states)
t=187.292s (after shrinking)
Merging atomic transition system #151 and composite transition system with 151/480 vars
Composite transition system with 152/480 vars: computing init and goal distances using unit-cost algorithm
Composite transition system with 152/480 vars: 64 states, 1856 arcs 
Composite transition system with 152/480 vars: init h=2
Difference of init h values: 0
t=187.293s (after merging)
Composite transition system with 152/480 vars: not applying abstraction (same number of states)
Current peak memory increase of merge-and-shrink computation: 78848 KB

Next pair of indices: (152, 630)
Atomic transition system #152: 2 states, 6 arcs 
Atomic transition system #152: init h=0
Composite transition system with 152/480 vars: 64 states, 1856 arcs 
Composite transition system with 152/480 vars: init h=2
t=188.133s (after computation of next merge)
Atomic transition system #152: current size: 2 (shrink threshold: 1)
Atomic transition system #152: applying abstraction (2 to 1 states)
Atomic transition system #152: simplification was not f-preserving!
Atomic transition system #152: computing init and goal distances using unit-cost algorithm
Atomic transition system #152: 1 states, 1 arcs 
Atomic transition system #152: init h=0
Composite transition system with 152/480 vars: current size: 64 (shrink threshold: 1)
Composite transition system with 152/480 vars: not applying abstraction (same number of states)
t=188.17s (after shrinking)
Merging atomic transition system #152 and composite transition system with 152/480 vars
Composite transition system with 153/480 vars: computing init and goal distances using unit-cost algorithm
Composite transition system with 153/480 vars: 64 states, 1856 arcs 
Composite transition system with 153/480 vars: init h=2
Difference of init h values: 0
t=188.17s (after merging)
Composite transition system with 153/480 vars: not applying abstraction (same number of states)
Current peak memory increase of merge-and-shrink computation: 78848 KB

Next pair of indices: (153, 631)
Atomic transition system #153: 2 states, 6 arcs 
Atomic transition system #153: init h=0
Composite transition system with 153/480 vars: 64 states, 1856 arcs 
Composite transition system with 153/480 vars: init h=2
t=189.018s (after computation of next merge)
Atomic transition system #153: current size: 2 (shrink threshold: 1)
Atomic transition system #153: applying abstraction (2 to 1 states)
Atomic transition system #153: simplification was not f-preserving!
Atomic transition system #153: computing init and goal distances using unit-cost algorithm
Atomic transition system #153: 1 states, 1 arcs 
Atomic transition system #153: init h=0
Composite transition system with 153/480 vars: current size: 64 (shrink threshold: 1)
Composite transition system with 153/480 vars: not applying abstraction (same number of states)
t=189.06s (after shrinking)
Merging atomic transition system #153 and composite transition system with 153/480 vars
Composite transition system with 154/480 vars: computing init and goal distances using unit-cost algorithm
Composite transition system with 154/480 vars: 64 states, 1856 arcs 
Composite transition system with 154/480 vars: init h=2
Difference of init h values: 0
t=189.06s (after merging)
Composite transition system with 154/480 vars: not applying abstraction (same number of states)
Current peak memory increase of merge-and-shrink computation: 78848 KB

Next pair of indices: (154, 632)
Atomic transition system #154: 2 states, 6 arcs 
Atomic transition system #154: init h=0
Composite transition system with 154/480 vars: 64 states, 1856 arcs 
Composite transition system with 154/480 vars: init h=2
t=189.895s (after computation of next merge)
Atomic transition system #154: current size: 2 (shrink threshold: 1)
Atomic transition system #154: applying abstraction (2 to 1 states)
Atomic transition system #154: simplification was not f-preserving!
Atomic transition system #154: computing init and goal distances using unit-cost algorithm
Atomic transition system #154: 1 states, 1 arcs 
Atomic transition system #154: init h=0
Composite transition system with 154/480 vars: current size: 64 (shrink threshold: 1)
Composite transition system with 154/480 vars: not applying abstraction (same number of states)
t=189.931s (after shrinking)
Merging atomic transition system #154 and composite transition system with 154/480 vars
Composite transition system with 155/480 vars: computing init and goal distances using unit-cost algorithm
Composite transition system with 155/480 vars: 64 states, 1856 arcs 
Composite transition system with 155/480 vars: init h=2
Difference of init h values: 0
t=189.931s (after merging)
Composite transition system with 155/480 vars: not applying abstraction (same number of states)
Current peak memory increase of merge-and-shrink computation: 78848 KB

Next pair of indices: (155, 633)
Atomic transition system #155: 2 states, 6 arcs 
Atomic transition system #155: init h=0
Composite transition system with 155/480 vars: 64 states, 1856 arcs 
Composite transition system with 155/480 vars: init h=2
t=190.765s (after computation of next merge)
Atomic transition system #155: current size: 2 (shrink threshold: 1)
Atomic transition system #155: applying abstraction (2 to 1 states)
Atomic transition system #155: simplification was not f-preserving!
Atomic transition system #155: computing init and goal distances using unit-cost algorithm
Atomic transition system #155: 1 states, 1 arcs 
Atomic transition system #155: init h=0
Composite transition system with 155/480 vars: current size: 64 (shrink threshold: 1)
Composite transition system with 155/480 vars: not applying abstraction (same number of states)
t=190.804s (after shrinking)
Merging atomic transition system #155 and composite transition system with 155/480 vars
Composite transition system with 156/480 vars: computing init and goal distances using unit-cost algorithm
Composite transition system with 156/480 vars: 64 states, 1856 arcs 
Composite transition system with 156/480 vars: init h=2
Difference of init h values: 0
t=190.804s (after merging)
Composite transition system with 156/480 vars: not applying abstraction (same number of states)
Current peak memory increase of merge-and-shrink computation: 78848 KB

Next pair of indices: (156, 634)
Atomic transition system #156: 2 states, 6 arcs 
Atomic transition system #156: init h=0
Composite transition system with 156/480 vars: 64 states, 1856 arcs 
Composite transition system with 156/480 vars: init h=2
t=191.652s (after computation of next merge)
Atomic transition system #156: current size: 2 (shrink threshold: 1)
Atomic transition system #156: applying abstraction (2 to 1 states)
Atomic transition system #156: simplification was not f-preserving!
Atomic transition system #156: computing init and goal distances using unit-cost algorithm
Atomic transition system #156: 1 states, 1 arcs 
Atomic transition system #156: init h=0
Composite transition system with 156/480 vars: current size: 64 (shrink threshold: 1)
Composite transition system with 156/480 vars: not applying abstraction (same number of states)
t=191.691s (after shrinking)
Merging atomic transition system #156 and composite transition system with 156/480 vars
Composite transition system with 157/480 vars: computing init and goal distances using unit-cost algorithm
Composite transition system with 157/480 vars: 64 states, 1856 arcs 
Composite transition system with 157/480 vars: init h=2
Difference of init h values: 0
t=191.691s (after merging)
Composite transition system with 157/480 vars: not applying abstraction (same number of states)
Current peak memory increase of merge-and-shrink computation: 78848 KB

Next pair of indices: (157, 635)
Atomic transition system #157: 2 states, 6 arcs 
Atomic transition system #157: init h=0
Composite transition system with 157/480 vars: 64 states, 1856 arcs 
Composite transition system with 157/480 vars: init h=2
t=192.53s (after computation of next merge)
Atomic transition system #157: current size: 2 (shrink threshold: 1)
Atomic transition system #157: applying abstraction (2 to 1 states)
Atomic transition system #157: simplification was not f-preserving!
Atomic transition system #157: computing init and goal distances using unit-cost algorithm
Atomic transition system #157: 1 states, 1 arcs 
Atomic transition system #157: init h=0
Composite transition system with 157/480 vars: current size: 64 (shrink threshold: 1)
Composite transition system with 157/480 vars: not applying abstraction (same number of states)
t=192.572s (after shrinking)
Merging atomic transition system #157 and composite transition system with 157/480 vars
Composite transition system with 158/480 vars: computing init and goal distances using unit-cost algorithm
Composite transition system with 158/480 vars: 64 states, 1856 arcs 
Composite transition system with 158/480 vars: init h=2
Difference of init h values: 0
t=192.572s (after merging)
Composite transition system with 158/480 vars: not applying abstraction (same number of states)
Current peak memory increase of merge-and-shrink computation: 78848 KB

Next pair of indices: (158, 636)
Atomic transition system #158: 2 states, 6 arcs 
Atomic transition system #158: init h=0
Composite transition system with 158/480 vars: 64 states, 1856 arcs 
Composite transition system with 158/480 vars: init h=2
t=193.508s (after computation of next merge)
Atomic transition system #158: current size: 2 (shrink threshold: 1)
Atomic transition system #158: applying abstraction (2 to 1 states)
Atomic transition system #158: simplification was not f-preserving!
Atomic transition system #158: computing init and goal distances using unit-cost algorithm
Atomic transition system #158: 1 states, 1 arcs 
Atomic transition system #158: init h=0
Composite transition system with 158/480 vars: current size: 64 (shrink threshold: 1)
Composite transition system with 158/480 vars: not applying abstraction (same number of states)
t=193.548s (after shrinking)
Merging atomic transition system #158 and composite transition system with 158/480 vars
Composite transition system with 159/480 vars: computing init and goal distances using unit-cost algorithm
Composite transition system with 159/480 vars: 64 states, 1856 arcs 
Composite transition system with 159/480 vars: init h=2
Difference of init h values: 0
t=193.548s (after merging)
Composite transition system with 159/480 vars: not applying abstraction (same number of states)
Current peak memory increase of merge-and-shrink computation: 78848 KB

Next pair of indices: (159, 637)
Atomic transition system #159: 2 states, 6 arcs 
Atomic transition system #159: init h=0
Composite transition system with 159/480 vars: 64 states, 1856 arcs 
Composite transition system with 159/480 vars: init h=2
t=194.429s (after computation of next merge)
Atomic transition system #159: current size: 2 (shrink threshold: 1)
Atomic transition system #159: applying abstraction (2 to 1 states)
Atomic transition system #159: simplification was not f-preserving!
Atomic transition system #159: computing init and goal distances using unit-cost algorithm
Atomic transition system #159: 1 states, 1 arcs 
Atomic transition system #159: init h=0
Composite transition system with 159/480 vars: current size: 64 (shrink threshold: 1)
Composite transition system with 159/480 vars: not applying abstraction (same number of states)
t=194.466s (after shrinking)
Merging atomic transition system #159 and composite transition system with 159/480 vars
Composite transition system with 160/480 vars: computing init and goal distances using unit-cost algorithm
Composite transition system with 160/480 vars: 64 states, 1856 arcs 
Composite transition system with 160/480 vars: init h=2
Difference of init h values: 0
t=194.467s (after merging)
Composite transition system with 160/480 vars: not applying abstraction (same number of states)
Current peak memory increase of merge-and-shrink computation: 78848 KB

Next pair of indices: (160, 638)
Atomic transition system #160: 2 states, 6 arcs 
Atomic transition system #160: init h=0
Composite transition system with 160/480 vars: 64 states, 1856 arcs 
Composite transition system with 160/480 vars: init h=2
t=195.309s (after computation of next merge)
Atomic transition system #160: current size: 2 (shrink threshold: 1)
Atomic transition system #160: applying abstraction (2 to 1 states)
Atomic transition system #160: simplification was not f-preserving!
Atomic transition system #160: computing init and goal distances using unit-cost algorithm
Atomic transition system #160: 1 states, 1 arcs 
Atomic transition system #160: init h=0
Composite transition system with 160/480 vars: current size: 64 (shrink threshold: 1)
Composite transition system with 160/480 vars: not applying abstraction (same number of states)
t=195.344s (after shrinking)
Merging atomic transition system #160 and composite transition system with 160/480 vars
Composite transition system with 161/480 vars: computing init and goal distances using unit-cost algorithm
Composite transition system with 161/480 vars: 64 states, 1856 arcs 
Composite transition system with 161/480 vars: init h=2
Difference of init h values: 0
t=195.344s (after merging)
Composite transition system with 161/480 vars: not applying abstraction (same number of states)
Current peak memory increase of merge-and-shrink computation: 78848 KB

Next pair of indices: (161, 639)
Atomic transition system #161: 2 states, 6 arcs 
Atomic transition system #161: init h=0
Composite transition system with 161/480 vars: 64 states, 1856 arcs 
Composite transition system with 161/480 vars: init h=2
t=196.17s (after computation of next merge)
Atomic transition system #161: current size: 2 (shrink threshold: 1)
Atomic transition system #161: applying abstraction (2 to 1 states)
Atomic transition system #161: simplification was not f-preserving!
Atomic transition system #161: computing init and goal distances using unit-cost algorithm
Atomic transition system #161: 1 states, 1 arcs 
Atomic transition system #161: init h=0
Composite transition system with 161/480 vars: current size: 64 (shrink threshold: 1)
Composite transition system with 161/480 vars: not applying abstraction (same number of states)
t=196.204s (after shrinking)
Merging atomic transition system #161 and composite transition system with 161/480 vars
Composite transition system with 162/480 vars: computing init and goal distances using unit-cost algorithm
Composite transition system with 162/480 vars: 64 states, 1856 arcs 
Composite transition system with 162/480 vars: init h=2
Difference of init h values: 0
t=196.204s (after merging)
Composite transition system with 162/480 vars: not applying abstraction (same number of states)
Current peak memory increase of merge-and-shrink computation: 78848 KB

Next pair of indices: (162, 640)
Atomic transition system #162: 2 states, 6 arcs 
Atomic transition system #162: init h=0
Composite transition system with 162/480 vars: 64 states, 1856 arcs 
Composite transition system with 162/480 vars: init h=2
t=197.024s (after computation of next merge)
Atomic transition system #162: current size: 2 (shrink threshold: 1)
Atomic transition system #162: applying abstraction (2 to 1 states)
Atomic transition system #162: simplification was not f-preserving!
Atomic transition system #162: computing init and goal distances using unit-cost algorithm
Atomic transition system #162: 1 states, 1 arcs 
Atomic transition system #162: init h=0
Composite transition system with 162/480 vars: current size: 64 (shrink threshold: 1)
Composite transition system with 162/480 vars: not applying abstraction (same number of states)
t=197.065s (after shrinking)
Merging atomic transition system #162 and composite transition system with 162/480 vars
Composite transition system with 163/480 vars: computing init and goal distances using unit-cost algorithm
Composite transition system with 163/480 vars: 64 states, 1856 arcs 
Composite transition system with 163/480 vars: init h=2
Difference of init h values: 0
t=197.065s (after merging)
Composite transition system with 163/480 vars: not applying abstraction (same number of states)
Current peak memory increase of merge-and-shrink computation: 78848 KB

Next pair of indices: (163, 641)
Atomic transition system #163: 2 states, 6 arcs 
Atomic transition system #163: init h=0
Composite transition system with 163/480 vars: 64 states, 1856 arcs 
Composite transition system with 163/480 vars: init h=2
t=197.878s (after computation of next merge)
Atomic transition system #163: current size: 2 (shrink threshold: 1)
Atomic transition system #163: applying abstraction (2 to 1 states)
Atomic transition system #163: simplification was not f-preserving!
Atomic transition system #163: computing init and goal distances using unit-cost algorithm
Atomic transition system #163: 1 states, 1 arcs 
Atomic transition system #163: init h=0
Composite transition system with 163/480 vars: current size: 64 (shrink threshold: 1)
Composite transition system with 163/480 vars: not applying abstraction (same number of states)
t=197.913s (after shrinking)
Merging atomic transition system #163 and composite transition system with 163/480 vars
Composite transition system with 164/480 vars: computing init and goal distances using unit-cost algorithm
Composite transition system with 164/480 vars: 64 states, 1856 arcs 
Composite transition system with 164/480 vars: init h=2
Difference of init h values: 0
t=197.913s (after merging)
Composite transition system with 164/480 vars: not applying abstraction (same number of states)
Current peak memory increase of merge-and-shrink computation: 78848 KB

Next pair of indices: (164, 642)
Atomic transition system #164: 2 states, 6 arcs 
Atomic transition system #164: init h=0
Composite transition system with 164/480 vars: 64 states, 1856 arcs 
Composite transition system with 164/480 vars: init h=2
t=198.733s (after computation of next merge)
Atomic transition system #164: current size: 2 (shrink threshold: 1)
Atomic transition system #164: applying abstraction (2 to 1 states)
Atomic transition system #164: simplification was not f-preserving!
Atomic transition system #164: computing init and goal distances using unit-cost algorithm
Atomic transition system #164: 1 states, 1 arcs 
Atomic transition system #164: init h=0
Composite transition system with 164/480 vars: current size: 64 (shrink threshold: 1)
Composite transition system with 164/480 vars: not applying abstraction (same number of states)
t=198.774s (after shrinking)
Merging atomic transition system #164 and composite transition system with 164/480 vars
Composite transition system with 165/480 vars: computing init and goal distances using unit-cost algorithm
Composite transition system with 165/480 vars: 64 states, 1856 arcs 
Composite transition system with 165/480 vars: init h=2
Difference of init h values: 0
t=198.774s (after merging)
Composite transition system with 165/480 vars: not applying abstraction (same number of states)
Current peak memory increase of merge-and-shrink computation: 78848 KB

Next pair of indices: (165, 643)
Atomic transition system #165: 2 states, 6 arcs 
Atomic transition system #165: init h=0
Composite transition system with 165/480 vars: 64 states, 1856 arcs 
Composite transition system with 165/480 vars: init h=2
t=199.579s (after computation of next merge)
Atomic transition system #165: current size: 2 (shrink threshold: 1)
Atomic transition system #165: applying abstraction (2 to 1 states)
Atomic transition system #165: simplification was not f-preserving!
Atomic transition system #165: computing init and goal distances using unit-cost algorithm
Atomic transition system #165: 1 states, 1 arcs 
Atomic transition system #165: init h=0
Composite transition system with 165/480 vars: current size: 64 (shrink threshold: 1)
Composite transition system with 165/480 vars: not applying abstraction (same number of states)
t=199.618s (after shrinking)
Merging atomic transition system #165 and composite transition system with 165/480 vars
Composite transition system with 166/480 vars: computing init and goal distances using unit-cost algorithm
Composite transition system with 166/480 vars: 64 states, 1856 arcs 
Composite transition system with 166/480 vars: init h=2
Difference of init h values: 0
t=199.619s (after merging)
Composite transition system with 166/480 vars: not applying abstraction (same number of states)
Current peak memory increase of merge-and-shrink computation: 78848 KB

Next pair of indices: (166, 644)
Atomic transition system #166: 2 states, 6 arcs 
Atomic transition system #166: init h=0
Composite transition system with 166/480 vars: 64 states, 1856 arcs 
Composite transition system with 166/480 vars: init h=2
t=200.421s (after computation of next merge)
Atomic transition system #166: current size: 2 (shrink threshold: 1)
Atomic transition system #166: applying abstraction (2 to 1 states)
Atomic transition system #166: simplification was not f-preserving!
Atomic transition system #166: computing init and goal distances using unit-cost algorithm
Atomic transition system #166: 1 states, 1 arcs 
Atomic transition system #166: init h=0
Composite transition system with 166/480 vars: current size: 64 (shrink threshold: 1)
Composite transition system with 166/480 vars: not applying abstraction (same number of states)
t=200.454s (after shrinking)
Merging atomic transition system #166 and composite transition system with 166/480 vars
Composite transition system with 167/480 vars: computing init and goal distances using unit-cost algorithm
Composite transition system with 167/480 vars: 64 states, 1856 arcs 
Composite transition system with 167/480 vars: init h=2
Difference of init h values: 0
t=200.454s (after merging)
Composite transition system with 167/480 vars: not applying abstraction (same number of states)
Current peak memory increase of merge-and-shrink computation: 78848 KB

Next pair of indices: (167, 645)
Atomic transition system #167: 2 states, 6 arcs 
Atomic transition system #167: init h=1
Composite transition system with 167/480 vars: 64 states, 1856 arcs 
Composite transition system with 167/480 vars: init h=2
t=201.263s (after computation of next merge)
Atomic transition system #167: current size: 2 (shrink threshold: 1)
Atomic transition system #167: not applying abstraction (same number of states)
Composite transition system with 167/480 vars: current size: 64 (shrink threshold: 1)
Composite transition system with 167/480 vars: not applying abstraction (same number of states)
Merging atomic transition system #167 and composite transition system with 167/480 vars
Composite transition system with 168/480 vars: computing init and goal distances using unit-cost algorithm
Composite transition system with 168/480 vars: 128 states, 4736 arcs 
Composite transition system with 168/480 vars: init h=3
Difference of init h values: 1
t=201.3s (after merging)
Composite transition system with 168/480 vars: not applying abstraction (same number of states)
Current peak memory increase of merge-and-shrink computation: 78848 KB

Next pair of indices: (168, 646)
Atomic transition system #168: 2 states, 6 arcs 
Atomic transition system #168: init h=0
Composite transition system with 168/480 vars: 128 states, 4736 arcs 
Composite transition system with 168/480 vars: init h=3
t=202.052s (after computation of next merge)
Atomic transition system #168: current size: 2 (shrink threshold: 1)
Atomic transition system #168: applying abstraction (2 to 1 states)
Atomic transition system #168: simplification was not f-preserving!
Atomic transition system #168: computing init and goal distances using unit-cost algorithm
Atomic transition system #168: 1 states, 1 arcs 
Atomic transition system #168: init h=0
Composite transition system with 168/480 vars: current size: 128 (shrink threshold: 1)
Composite transition system with 168/480 vars: not applying abstraction (same number of states)
t=202.087s (after shrinking)
Merging atomic transition system #168 and composite transition system with 168/480 vars
Composite transition system with 169/480 vars: computing init and goal distances using unit-cost algorithm
Composite transition system with 169/480 vars: 128 states, 4736 arcs 
Composite transition system with 169/480 vars: init h=3
Difference of init h values: 0
t=202.087s (after merging)
Composite transition system with 169/480 vars: not applying abstraction (same number of states)
Current peak memory increase of merge-and-shrink computation: 78848 KB

Next pair of indices: (169, 647)
Atomic transition system #169: 2 states, 6 arcs 
Atomic transition system #169: init h=0
Composite transition system with 169/480 vars: 128 states, 4736 arcs 
Composite transition system with 169/480 vars: init h=3
t=202.845s (after computation of next merge)
Atomic transition system #169: current size: 2 (shrink threshold: 1)
Atomic transition system #169: applying abstraction (2 to 1 states)
Atomic transition system #169: simplification was not f-preserving!
Atomic transition system #169: computing init and goal distances using unit-cost algorithm
Atomic transition system #169: 1 states, 1 arcs 
Atomic transition system #169: init h=0
Composite transition system with 169/480 vars: current size: 128 (shrink threshold: 1)
Composite transition system with 169/480 vars: not applying abstraction (same number of states)
t=202.878s (after shrinking)
Merging atomic transition system #169 and composite transition system with 169/480 vars
Composite transition system with 170/480 vars: computing init and goal distances using unit-cost algorithm
Composite transition system with 170/480 vars: 128 states, 4736 arcs 
Composite transition system with 170/480 vars: init h=3
Difference of init h values: 0
t=202.878s (after merging)
Composite transition system with 170/480 vars: not applying abstraction (same number of states)
Current peak memory increase of merge-and-shrink computation: 78848 KB

Next pair of indices: (170, 648)
Atomic transition system #170: 2 states, 6 arcs 
Atomic transition system #170: init h=0
Composite transition system with 170/480 vars: 128 states, 4736 arcs 
Composite transition system with 170/480 vars: init h=3
t=203.642s (after computation of next merge)
Atomic transition system #170: current size: 2 (shrink threshold: 1)
Atomic transition system #170: applying abstraction (2 to 1 states)
Atomic transition system #170: simplification was not f-preserving!
Atomic transition system #170: computing init and goal distances using unit-cost algorithm
Atomic transition system #170: 1 states, 1 arcs 
Atomic transition system #170: init h=0
Composite transition system with 170/480 vars: current size: 128 (shrink threshold: 1)
Composite transition system with 170/480 vars: not applying abstraction (same number of states)
t=203.674s (after shrinking)
Merging atomic transition system #170 and composite transition system with 170/480 vars
Composite transition system with 171/480 vars: computing init and goal distances using unit-cost algorithm
Composite transition system with 171/480 vars: 128 states, 4736 arcs 
Composite transition system with 171/480 vars: init h=3
Difference of init h values: 0
t=203.674s (after merging)
Composite transition system with 171/480 vars: not applying abstraction (same number of states)
Current peak memory increase of merge-and-shrink computation: 78848 KB

Next pair of indices: (171, 649)
Atomic transition system #171: 2 states, 6 arcs 
Atomic transition system #171: init h=0
Composite transition system with 171/480 vars: 128 states, 4736 arcs 
Composite transition system with 171/480 vars: init h=3
t=204.426s (after computation of next merge)
Atomic transition system #171: current size: 2 (shrink threshold: 1)
Atomic transition system #171: applying abstraction (2 to 1 states)
Atomic transition system #171: simplification was not f-preserving!
Atomic transition system #171: computing init and goal distances using unit-cost algorithm
Atomic transition system #171: 1 states, 1 arcs 
Atomic transition system #171: init h=0
Composite transition system with 171/480 vars: current size: 128 (shrink threshold: 1)
Composite transition system with 171/480 vars: not applying abstraction (same number of states)
t=204.46s (after shrinking)
Merging atomic transition system #171 and composite transition system with 171/480 vars
Composite transition system with 172/480 vars: computing init and goal distances using unit-cost algorithm
Composite transition system with 172/480 vars: 128 states, 4736 arcs 
Composite transition system with 172/480 vars: init h=3
Difference of init h values: 0
t=204.461s (after merging)
Composite transition system with 172/480 vars: not applying abstraction (same number of states)
Current peak memory increase of merge-and-shrink computation: 78848 KB

Next pair of indices: (172, 650)
Atomic transition system #172: 2 states, 6 arcs 
Atomic transition system #172: init h=0
Composite transition system with 172/480 vars: 128 states, 4736 arcs 
Composite transition system with 172/480 vars: init h=3
t=205.222s (after computation of next merge)
Atomic transition system #172: current size: 2 (shrink threshold: 1)
Atomic transition system #172: applying abstraction (2 to 1 states)
Atomic transition system #172: simplification was not f-preserving!
Atomic transition system #172: computing init and goal distances using unit-cost algorithm
Atomic transition system #172: 1 states, 1 arcs 
Atomic transition system #172: init h=0
Composite transition system with 172/480 vars: current size: 128 (shrink threshold: 1)
Composite transition system with 172/480 vars: not applying abstraction (same number of states)
t=205.255s (after shrinking)
Merging atomic transition system #172 and composite transition system with 172/480 vars
Composite transition system with 173/480 vars: computing init and goal distances using unit-cost algorithm
Composite transition system with 173/480 vars: 128 states, 4736 arcs 
Composite transition system with 173/480 vars: init h=3
Difference of init h values: 0
t=205.256s (after merging)
Composite transition system with 173/480 vars: not applying abstraction (same number of states)
Current peak memory increase of merge-and-shrink computation: 78848 KB

Next pair of indices: (173, 651)
Atomic transition system #173: 2 states, 6 arcs 
Atomic transition system #173: init h=0
Composite transition system with 173/480 vars: 128 states, 4736 arcs 
Composite transition system with 173/480 vars: init h=3
t=205.998s (after computation of next merge)
Atomic transition system #173: current size: 2 (shrink threshold: 1)
Atomic transition system #173: applying abstraction (2 to 1 states)
Atomic transition system #173: simplification was not f-preserving!
Atomic transition system #173: computing init and goal distances using unit-cost algorithm
Atomic transition system #173: 1 states, 1 arcs 
Atomic transition system #173: init h=0
Composite transition system with 173/480 vars: current size: 128 (shrink threshold: 1)
Composite transition system with 173/480 vars: not applying abstraction (same number of states)
t=206.029s (after shrinking)
Merging atomic transition system #173 and composite transition system with 173/480 vars
Composite transition system with 174/480 vars: computing init and goal distances using unit-cost algorithm
Composite transition system with 174/480 vars: 128 states, 4736 arcs 
Composite transition system with 174/480 vars: init h=3
Difference of init h values: 0
t=206.03s (after merging)
Composite transition system with 174/480 vars: not applying abstraction (same number of states)
Current peak memory increase of merge-and-shrink computation: 78848 KB

Next pair of indices: (174, 652)
Atomic transition system #174: 2 states, 6 arcs 
Atomic transition system #174: init h=0
Composite transition system with 174/480 vars: 128 states, 4736 arcs 
Composite transition system with 174/480 vars: init h=3
t=206.781s (after computation of next merge)
Atomic transition system #174: current size: 2 (shrink threshold: 1)
Atomic transition system #174: applying abstraction (2 to 1 states)
Atomic transition system #174: simplification was not f-preserving!
Atomic transition system #174: computing init and goal distances using unit-cost algorithm
Atomic transition system #174: 1 states, 1 arcs 
Atomic transition system #174: init h=0
Composite transition system with 174/480 vars: current size: 128 (shrink threshold: 1)
Composite transition system with 174/480 vars: not applying abstraction (same number of states)
t=206.814s (after shrinking)
Merging atomic transition system #174 and composite transition system with 174/480 vars
Composite transition system with 175/480 vars: computing init and goal distances using unit-cost algorithm
Composite transition system with 175/480 vars: 128 states, 4736 arcs 
Composite transition system with 175/480 vars: init h=3
Difference of init h values: 0
t=206.815s (after merging)
Composite transition system with 175/480 vars: not applying abstraction (same number of states)
Current peak memory increase of merge-and-shrink computation: 78848 KB

Next pair of indices: (175, 653)
Atomic transition system #175: 2 states, 6 arcs 
Atomic transition system #175: init h=0
Composite transition system with 175/480 vars: 128 states, 4736 arcs 
Composite transition system with 175/480 vars: init h=3
t=207.559s (after computation of next merge)
Atomic transition system #175: current size: 2 (shrink threshold: 1)
Atomic transition system #175: applying abstraction (2 to 1 states)
Atomic transition system #175: simplification was not f-preserving!
Atomic transition system #175: computing init and goal distances using unit-cost algorithm
Atomic transition system #175: 1 states, 1 arcs 
Atomic transition system #175: init h=0
Composite transition system with 175/480 vars: current size: 128 (shrink threshold: 1)
Composite transition system with 175/480 vars: not applying abstraction (same number of states)
t=207.597s (after shrinking)
Merging atomic transition system #175 and composite transition system with 175/480 vars
Composite transition system with 176/480 vars: computing init and goal distances using unit-cost algorithm
Composite transition system with 176/480 vars: 128 states, 4736 arcs 
Composite transition system with 176/480 vars: init h=3
Difference of init h values: 0
t=207.597s (after merging)
Composite transition system with 176/480 vars: not applying abstraction (same number of states)
Current peak memory increase of merge-and-shrink computation: 78848 KB

Next pair of indices: (176, 654)
Atomic transition system #176: 2 states, 6 arcs 
Atomic transition system #176: init h=0
Composite transition system with 176/480 vars: 128 states, 4736 arcs 
Composite transition system with 176/480 vars: init h=3
t=208.338s (after computation of next merge)
Atomic transition system #176: current size: 2 (shrink threshold: 1)
Atomic transition system #176: applying abstraction (2 to 1 states)
Atomic transition system #176: simplification was not f-preserving!
Atomic transition system #176: computing init and goal distances using unit-cost algorithm
Atomic transition system #176: 1 states, 1 arcs 
Atomic transition system #176: init h=0
Composite transition system with 176/480 vars: current size: 128 (shrink threshold: 1)
Composite transition system with 176/480 vars: not applying abstraction (same number of states)
t=208.37s (after shrinking)
Merging atomic transition system #176 and composite transition system with 176/480 vars
Composite transition system with 177/480 vars: computing init and goal distances using unit-cost algorithm
Composite transition system with 177/480 vars: 128 states, 4736 arcs 
Composite transition system with 177/480 vars: init h=3
Difference of init h values: 0
t=208.371s (after merging)
Composite transition system with 177/480 vars: not applying abstraction (same number of states)
Current peak memory increase of merge-and-shrink computation: 78848 KB

Next pair of indices: (177, 655)
Atomic transition system #177: 2 states, 6 arcs 
Atomic transition system #177: init h=0
Composite transition system with 177/480 vars: 128 states, 4736 arcs 
Composite transition system with 177/480 vars: init h=3
t=209.12s (after computation of next merge)
Atomic transition system #177: current size: 2 (shrink threshold: 1)
Atomic transition system #177: applying abstraction (2 to 1 states)
Atomic transition system #177: simplification was not f-preserving!
Atomic transition system #177: computing init and goal distances using unit-cost algorithm
Atomic transition system #177: 1 states, 1 arcs 
Atomic transition system #177: init h=0
Composite transition system with 177/480 vars: current size: 128 (shrink threshold: 1)
Composite transition system with 177/480 vars: not applying abstraction (same number of states)
t=209.152s (after shrinking)
Merging atomic transition system #177 and composite transition system with 177/480 vars
Composite transition system with 178/480 vars: computing init and goal distances using unit-cost algorithm
Composite transition system with 178/480 vars: 128 states, 4736 arcs 
Composite transition system with 178/480 vars: init h=3
Difference of init h values: 0
t=209.152s (after merging)
Composite transition system with 178/480 vars: not applying abstraction (same number of states)
Current peak memory increase of merge-and-shrink computation: 78848 KB

Next pair of indices: (178, 656)
Atomic transition system #178: 2 states, 6 arcs 
Atomic transition system #178: init h=0
Composite transition system with 178/480 vars: 128 states, 4736 arcs 
Composite transition system with 178/480 vars: init h=3
t=209.891s (after computation of next merge)
Atomic transition system #178: current size: 2 (shrink threshold: 1)
Atomic transition system #178: applying abstraction (2 to 1 states)
Atomic transition system #178: simplification was not f-preserving!
Atomic transition system #178: computing init and goal distances using unit-cost algorithm
Atomic transition system #178: 1 states, 1 arcs 
Atomic transition system #178: init h=0
Composite transition system with 178/480 vars: current size: 128 (shrink threshold: 1)
Composite transition system with 178/480 vars: not applying abstraction (same number of states)
t=209.923s (after shrinking)
Merging atomic transition system #178 and composite transition system with 178/480 vars
Composite transition system with 179/480 vars: computing init and goal distances using unit-cost algorithm
Composite transition system with 179/480 vars: 128 states, 4736 arcs 
Composite transition system with 179/480 vars: init h=3
Difference of init h values: 0
t=209.923s (after merging)
Composite transition system with 179/480 vars: not applying abstraction (same number of states)
Current peak memory increase of merge-and-shrink computation: 78848 KB

Next pair of indices: (179, 657)
Atomic transition system #179: 2 states, 6 arcs 
Atomic transition system #179: init h=0
Composite transition system with 179/480 vars: 128 states, 4736 arcs 
Composite transition system with 179/480 vars: init h=3
t=210.661s (after computation of next merge)
Atomic transition system #179: current size: 2 (shrink threshold: 1)
Atomic transition system #179: applying abstraction (2 to 1 states)
Atomic transition system #179: simplification was not f-preserving!
Atomic transition system #179: computing init and goal distances using unit-cost algorithm
Atomic transition system #179: 1 states, 1 arcs 
Atomic transition system #179: init h=0
Composite transition system with 179/480 vars: current size: 128 (shrink threshold: 1)
Composite transition system with 179/480 vars: not applying abstraction (same number of states)
t=210.694s (after shrinking)
Merging atomic transition system #179 and composite transition system with 179/480 vars
Composite transition system with 180/480 vars: computing init and goal distances using unit-cost algorithm
Composite transition system with 180/480 vars: 128 states, 4736 arcs 
Composite transition system with 180/480 vars: init h=3
Difference of init h values: 0
t=210.694s (after merging)
Composite transition system with 180/480 vars: not applying abstraction (same number of states)
Current peak memory increase of merge-and-shrink computation: 78848 KB

Next pair of indices: (180, 658)
Atomic transition system #180: 2 states, 6 arcs 
Atomic transition system #180: init h=0
Composite transition system with 180/480 vars: 128 states, 4736 arcs 
Composite transition system with 180/480 vars: init h=3
t=211.431s (after computation of next merge)
Atomic transition system #180: current size: 2 (shrink threshold: 1)
Atomic transition system #180: applying abstraction (2 to 1 states)
Atomic transition system #180: simplification was not f-preserving!
Atomic transition system #180: computing init and goal distances using unit-cost algorithm
Atomic transition system #180: 1 states, 1 arcs 
Atomic transition system #180: init h=0
Composite transition system with 180/480 vars: current size: 128 (shrink threshold: 1)
Composite transition system with 180/480 vars: not applying abstraction (same number of states)
t=211.467s (after shrinking)
Merging atomic transition system #180 and composite transition system with 180/480 vars
Composite transition system with 181/480 vars: computing init and goal distances using unit-cost algorithm
Composite transition system with 181/480 vars: 128 states, 4736 arcs 
Composite transition system with 181/480 vars: init h=3
Difference of init h values: 0
t=211.467s (after merging)
Composite transition system with 181/480 vars: not applying abstraction (same number of states)
Current peak memory increase of merge-and-shrink computation: 78848 KB

Next pair of indices: (181, 659)
Atomic transition system #181: 2 states, 6 arcs 
Atomic transition system #181: init h=0
Composite transition system with 181/480 vars: 128 states, 4736 arcs 
Composite transition system with 181/480 vars: init h=3
t=212.19s (after computation of next merge)
Atomic transition system #181: current size: 2 (shrink threshold: 1)
Atomic transition system #181: applying abstraction (2 to 1 states)
Atomic transition system #181: simplification was not f-preserving!
Atomic transition system #181: computing init and goal distances using unit-cost algorithm
Atomic transition system #181: 1 states, 1 arcs 
Atomic transition system #181: init h=0
Composite transition system with 181/480 vars: current size: 128 (shrink threshold: 1)
Composite transition system with 181/480 vars: not applying abstraction (same number of states)
t=212.222s (after shrinking)
Merging atomic transition system #181 and composite transition system with 181/480 vars
Composite transition system with 182/480 vars: computing init and goal distances using unit-cost algorithm
Composite transition system with 182/480 vars: 128 states, 4736 arcs 
Composite transition system with 182/480 vars: init h=3
Difference of init h values: 0
t=212.222s (after merging)
Composite transition system with 182/480 vars: not applying abstraction (same number of states)
Current peak memory increase of merge-and-shrink computation: 78848 KB

Next pair of indices: (182, 660)
Atomic transition system #182: 2 states, 6 arcs 
Atomic transition system #182: init h=0
Composite transition system with 182/480 vars: 128 states, 4736 arcs 
Composite transition system with 182/480 vars: init h=3
t=212.949s (after computation of next merge)
Atomic transition system #182: current size: 2 (shrink threshold: 1)
Atomic transition system #182: applying abstraction (2 to 1 states)
Atomic transition system #182: simplification was not f-preserving!
Atomic transition system #182: computing init and goal distances using unit-cost algorithm
Atomic transition system #182: 1 states, 1 arcs 
Atomic transition system #182: init h=0
Composite transition system with 182/480 vars: current size: 128 (shrink threshold: 1)
Composite transition system with 182/480 vars: not applying abstraction (same number of states)
t=212.981s (after shrinking)
Merging atomic transition system #182 and composite transition system with 182/480 vars
Composite transition system with 183/480 vars: computing init and goal distances using unit-cost algorithm
Composite transition system with 183/480 vars: 128 states, 4736 arcs 
Composite transition system with 183/480 vars: init h=3
Difference of init h values: 0
t=212.981s (after merging)
Composite transition system with 183/480 vars: not applying abstraction (same number of states)
Current peak memory increase of merge-and-shrink computation: 78848 KB

Next pair of indices: (183, 661)
Atomic transition system #183: 2 states, 6 arcs 
Atomic transition system #183: init h=0
Composite transition system with 183/480 vars: 128 states, 4736 arcs 
Composite transition system with 183/480 vars: init h=3
t=213.714s (after computation of next merge)
Atomic transition system #183: current size: 2 (shrink threshold: 1)
Atomic transition system #183: applying abstraction (2 to 1 states)
Atomic transition system #183: simplification was not f-preserving!
Atomic transition system #183: computing init and goal distances using unit-cost algorithm
Atomic transition system #183: 1 states, 1 arcs 
Atomic transition system #183: init h=0
Composite transition system with 183/480 vars: current size: 128 (shrink threshold: 1)
Composite transition system with 183/480 vars: not applying abstraction (same number of states)
t=213.744s (after shrinking)
Merging atomic transition system #183 and composite transition system with 183/480 vars
Composite transition system with 184/480 vars: computing init and goal distances using unit-cost algorithm
Composite transition system with 184/480 vars: 128 states, 4736 arcs 
Composite transition system with 184/480 vars: init h=3
Difference of init h values: 0
t=213.744s (after merging)
Composite transition system with 184/480 vars: not applying abstraction (same number of states)
Current peak memory increase of merge-and-shrink computation: 78848 KB

Next pair of indices: (184, 662)
Atomic transition system #184: 2 states, 6 arcs 
Atomic transition system #184: init h=0
Composite transition system with 184/480 vars: 128 states, 4736 arcs 
Composite transition system with 184/480 vars: init h=3
t=214.48s (after computation of next merge)
Atomic transition system #184: current size: 2 (shrink threshold: 1)
Atomic transition system #184: applying abstraction (2 to 1 states)
Atomic transition system #184: simplification was not f-preserving!
Atomic transition system #184: computing init and goal distances using unit-cost algorithm
Atomic transition system #184: 1 states, 1 arcs 
Atomic transition system #184: init h=0
Composite transition system with 184/480 vars: current size: 128 (shrink threshold: 1)
Composite transition system with 184/480 vars: not applying abstraction (same number of states)
t=214.516s (after shrinking)
Merging atomic transition system #184 and composite transition system with 184/480 vars
Composite transition system with 185/480 vars: computing init and goal distances using unit-cost algorithm
Composite transition system with 185/480 vars: 128 states, 4736 arcs 
Composite transition system with 185/480 vars: init h=3
Difference of init h values: 0
t=214.517s (after merging)
Composite transition system with 185/480 vars: not applying abstraction (same number of states)
Current peak memory increase of merge-and-shrink computation: 78848 KB

Next pair of indices: (185, 663)
Atomic transition system #185: 2 states, 6 arcs 
Atomic transition system #185: init h=0
Composite transition system with 185/480 vars: 128 states, 4736 arcs 
Composite transition system with 185/480 vars: init h=3
t=215.241s (after computation of next merge)
Atomic transition system #185: current size: 2 (shrink threshold: 1)
Atomic transition system #185: applying abstraction (2 to 1 states)
Atomic transition system #185: simplification was not f-preserving!
Atomic transition system #185: computing init and goal distances using unit-cost algorithm
Atomic transition system #185: 1 states, 1 arcs 
Atomic transition system #185: init h=0
Composite transition system with 185/480 vars: current size: 128 (shrink threshold: 1)
Composite transition system with 185/480 vars: not applying abstraction (same number of states)
t=215.271s (after shrinking)
Merging atomic transition system #185 and composite transition system with 185/480 vars
Composite transition system with 186/480 vars: computing init and goal distances using unit-cost algorithm
Composite transition system with 186/480 vars: 128 states, 4736 arcs 
Composite transition system with 186/480 vars: init h=3
Difference of init h values: 0
t=215.271s (after merging)
Composite transition system with 186/480 vars: not applying abstraction (same number of states)
Current peak memory increase of merge-and-shrink computation: 78848 KB

Next pair of indices: (186, 664)
Atomic transition system #186: 2 states, 6 arcs 
Atomic transition system #186: init h=0
Composite transition system with 186/480 vars: 128 states, 4736 arcs 
Composite transition system with 186/480 vars: init h=3
t=215.987s (after computation of next merge)
Atomic transition system #186: current size: 2 (shrink threshold: 1)
Atomic transition system #186: applying abstraction (2 to 1 states)
Atomic transition system #186: simplification was not f-preserving!
Atomic transition system #186: computing init and goal distances using unit-cost algorithm
Atomic transition system #186: 1 states, 1 arcs 
Atomic transition system #186: init h=0
Composite transition system with 186/480 vars: current size: 128 (shrink threshold: 1)
Composite transition system with 186/480 vars: not applying abstraction (same number of states)
t=216.018s (after shrinking)
Merging atomic transition system #186 and composite transition system with 186/480 vars
Composite transition system with 187/480 vars: computing init and goal distances using unit-cost algorithm
Composite transition system with 187/480 vars: 128 states, 4736 arcs 
Composite transition system with 187/480 vars: init h=3
Difference of init h values: 0
t=216.018s (after merging)
Composite transition system with 187/480 vars: not applying abstraction (same number of states)
Current peak memory increase of merge-and-shrink computation: 78848 KB

Next pair of indices: (187, 665)
Atomic transition system #187: 2 states, 6 arcs 
Atomic transition system #187: init h=0
Composite transition system with 187/480 vars: 128 states, 4736 arcs 
Composite transition system with 187/480 vars: init h=3
t=216.745s (after computation of next merge)
Atomic transition system #187: current size: 2 (shrink threshold: 1)
Atomic transition system #187: applying abstraction (2 to 1 states)
Atomic transition system #187: simplification was not f-preserving!
Atomic transition system #187: computing init and goal distances using unit-cost algorithm
Atomic transition system #187: 1 states, 1 arcs 
Atomic transition system #187: init h=0
Composite transition system with 187/480 vars: current size: 128 (shrink threshold: 1)
Composite transition system with 187/480 vars: not applying abstraction (same number of states)
t=216.775s (after shrinking)
Merging atomic transition system #187 and composite transition system with 187/480 vars
Composite transition system with 188/480 vars: computing init and goal distances using unit-cost algorithm
Composite transition system with 188/480 vars: 128 states, 4736 arcs 
Composite transition system with 188/480 vars: init h=3
Difference of init h values: 0
t=216.775s (after merging)
Composite transition system with 188/480 vars: not applying abstraction (same number of states)
Current peak memory increase of merge-and-shrink computation: 78848 KB

Next pair of indices: (188, 666)
Atomic transition system #188: 2 states, 6 arcs 
Atomic transition system #188: init h=0
Composite transition system with 188/480 vars: 128 states, 4736 arcs 
Composite transition system with 188/480 vars: init h=3
t=217.49s (after computation of next merge)
Atomic transition system #188: current size: 2 (shrink threshold: 1)
Atomic transition system #188: applying abstraction (2 to 1 states)
Atomic transition system #188: simplification was not f-preserving!
Atomic transition system #188: computing init and goal distances using unit-cost algorithm
Atomic transition system #188: 1 states, 1 arcs 
Atomic transition system #188: init h=0
Composite transition system with 188/480 vars: current size: 128 (shrink threshold: 1)
Composite transition system with 188/480 vars: not applying abstraction (same number of states)
t=217.52s (after shrinking)
Merging atomic transition system #188 and composite transition system with 188/480 vars
Composite transition system with 189/480 vars: computing init and goal distances using unit-cost algorithm
Composite transition system with 189/480 vars: 128 states, 4736 arcs 
Composite transition system with 189/480 vars: init h=3
Difference of init h values: 0
t=217.52s (after merging)
Composite transition system with 189/480 vars: not applying abstraction (same number of states)
Current peak memory increase of merge-and-shrink computation: 78848 KB

Next pair of indices: (189, 667)
Atomic transition system #189: 2 states, 6 arcs 
Atomic transition system #189: init h=0
Composite transition system with 189/480 vars: 128 states, 4736 arcs 
Composite transition system with 189/480 vars: init h=3
t=218.228s (after computation of next merge)
Atomic transition system #189: current size: 2 (shrink threshold: 1)
Atomic transition system #189: applying abstraction (2 to 1 states)
Atomic transition system #189: simplification was not f-preserving!
Atomic transition system #189: computing init and goal distances using unit-cost algorithm
Atomic transition system #189: 1 states, 1 arcs 
Atomic transition system #189: init h=0
Composite transition system with 189/480 vars: current size: 128 (shrink threshold: 1)
Composite transition system with 189/480 vars: not applying abstraction (same number of states)
t=218.257s (after shrinking)
Merging atomic transition system #189 and composite transition system with 189/480 vars
Composite transition system with 190/480 vars: computing init and goal distances using unit-cost algorithm
Composite transition system with 190/480 vars: 128 states, 4736 arcs 
Composite transition system with 190/480 vars: init h=3
Difference of init h values: 0
t=218.258s (after merging)
Composite transition system with 190/480 vars: not applying abstraction (same number of states)
Current peak memory increase of merge-and-shrink computation: 78848 KB

Next pair of indices: (190, 668)
Atomic transition system #190: 2 states, 6 arcs 
Atomic transition system #190: init h=0
Composite transition system with 190/480 vars: 128 states, 4736 arcs 
Composite transition system with 190/480 vars: init h=3
t=219.312s (after computation of next merge)
Atomic transition system #190: current size: 2 (shrink threshold: 1)
Atomic transition system #190: applying abstraction (2 to 1 states)
Atomic transition system #190: simplification was not f-preserving!
Atomic transition system #190: computing init and goal distances using unit-cost algorithm
Atomic transition system #190: 1 states, 1 arcs 
Atomic transition system #190: init h=0
Composite transition system with 190/480 vars: current size: 128 (shrink threshold: 1)
Composite transition system with 190/480 vars: not applying abstraction (same number of states)
t=219.364s (after shrinking)
Merging atomic transition system #190 and composite transition system with 190/480 vars
Composite transition system with 191/480 vars: computing init and goal distances using unit-cost algorithm
Composite transition system with 191/480 vars: 128 states, 4736 arcs 
Composite transition system with 191/480 vars: init h=3
Difference of init h values: 0
t=219.365s (after merging)
Composite transition system with 191/480 vars: not applying abstraction (same number of states)
Current peak memory increase of merge-and-shrink computation: 78848 KB

Next pair of indices: (191, 669)
Atomic transition system #191: 2 states, 6 arcs 
Atomic transition system #191: init h=1
Composite transition system with 191/480 vars: 128 states, 4736 arcs 
Composite transition system with 191/480 vars: init h=3
t=220.193s (after computation of next merge)
Atomic transition system #191: current size: 2 (shrink threshold: 1)
Atomic transition system #191: not applying abstraction (same number of states)
Composite transition system with 191/480 vars: current size: 128 (shrink threshold: 1)
Composite transition system with 191/480 vars: not applying abstraction (same number of states)
Merging atomic transition system #191 and composite transition system with 191/480 vars
Composite transition system with 192/480 vars: computing init and goal distances using unit-cost algorithm
Composite transition system with 192/480 vars: 256 states, 12544 arcs 
Composite transition system with 192/480 vars: init h=3
Difference of init h values: 0
t=220.225s (after merging)
Composite transition system with 192/480 vars: not applying abstraction (same number of states)
Current peak memory increase of merge-and-shrink computation: 78848 KB

Next pair of indices: (192, 670)
Atomic transition system #192: 2 states, 6 arcs 
Atomic transition system #192: init h=0
Composite transition system with 192/480 vars: 256 states, 12544 arcs 
Composite transition system with 192/480 vars: init h=3
t=220.934s (after computation of next merge)
Atomic transition system #192: current size: 2 (shrink threshold: 1)
Atomic transition system #192: applying abstraction (2 to 1 states)
Atomic transition system #192: simplification was not f-preserving!
Atomic transition system #192: computing init and goal distances using unit-cost algorithm
Atomic transition system #192: 1 states, 1 arcs 
Atomic transition system #192: init h=0
Composite transition system with 192/480 vars: current size: 256 (shrink threshold: 1)
Composite transition system with 192/480 vars: not applying abstraction (same number of states)
t=220.965s (after shrinking)
Merging atomic transition system #192 and composite transition system with 192/480 vars
Composite transition system with 193/480 vars: computing init and goal distances using unit-cost algorithm
Composite transition system with 193/480 vars: 256 states, 12544 arcs 
Composite transition system with 193/480 vars: init h=3
Difference of init h values: 0
t=220.966s (after merging)
Composite transition system with 193/480 vars: not applying abstraction (same number of states)
Current peak memory increase of merge-and-shrink computation: 78848 KB

Next pair of indices: (193, 671)
Atomic transition system #193: 2 states, 6 arcs 
Atomic transition system #193: init h=0
Composite transition system with 193/480 vars: 256 states, 12544 arcs 
Composite transition system with 193/480 vars: init h=3
t=221.636s (after computation of next merge)
Atomic transition system #193: current size: 2 (shrink threshold: 1)
Atomic transition system #193: applying abstraction (2 to 1 states)
Atomic transition system #193: simplification was not f-preserving!
Atomic transition system #193: computing init and goal distances using unit-cost algorithm
Atomic transition system #193: 1 states, 1 arcs 
Atomic transition system #193: init h=0
Composite transition system with 193/480 vars: current size: 256 (shrink threshold: 1)
Composite transition system with 193/480 vars: not applying abstraction (same number of states)
t=221.665s (after shrinking)
Merging atomic transition system #193 and composite transition system with 193/480 vars
Composite transition system with 194/480 vars: computing init and goal distances using unit-cost algorithm
Composite transition system with 194/480 vars: 256 states, 12544 arcs 
Composite transition system with 194/480 vars: init h=3
Difference of init h values: 0
t=221.666s (after merging)
Composite transition system with 194/480 vars: not applying abstraction (same number of states)
Current peak memory increase of merge-and-shrink computation: 78848 KB

Next pair of indices: (194, 672)
Atomic transition system #194: 2 states, 6 arcs 
Atomic transition system #194: init h=0
Composite transition system with 194/480 vars: 256 states, 12544 arcs 
Composite transition system with 194/480 vars: init h=3
t=222.335s (after computation of next merge)
Atomic transition system #194: current size: 2 (shrink threshold: 1)
Atomic transition system #194: applying abstraction (2 to 1 states)
Atomic transition system #194: simplification was not f-preserving!
Atomic transition system #194: computing init and goal distances using unit-cost algorithm
Atomic transition system #194: 1 states, 1 arcs 
Atomic transition system #194: init h=0
Composite transition system with 194/480 vars: current size: 256 (shrink threshold: 1)
Composite transition system with 194/480 vars: not applying abstraction (same number of states)
t=222.364s (after shrinking)
Merging atomic transition system #194 and composite transition system with 194/480 vars
Composite transition system with 195/480 vars: computing init and goal distances using unit-cost algorithm
Composite transition system with 195/480 vars: 256 states, 12544 arcs 
Composite transition system with 195/480 vars: init h=3
Difference of init h values: 0
t=222.365s (after merging)
Composite transition system with 195/480 vars: not applying abstraction (same number of states)
Current peak memory increase of merge-and-shrink computation: 78848 KB

Next pair of indices: (195, 673)
Atomic transition system #195: 2 states, 6 arcs 
Atomic transition system #195: init h=0
Composite transition system with 195/480 vars: 256 states, 12544 arcs 
Composite transition system with 195/480 vars: init h=3
t=223.037s (after computation of next merge)
Atomic transition system #195: current size: 2 (shrink threshold: 1)
Atomic transition system #195: applying abstraction (2 to 1 states)
Atomic transition system #195: simplification was not f-preserving!
Atomic transition system #195: computing init and goal distances using unit-cost algorithm
Atomic transition system #195: 1 states, 1 arcs 
Atomic transition system #195: init h=0
Composite transition system with 195/480 vars: current size: 256 (shrink threshold: 1)
Composite transition system with 195/480 vars: not applying abstraction (same number of states)
t=223.067s (after shrinking)
Merging atomic transition system #195 and composite transition system with 195/480 vars
Composite transition system with 196/480 vars: computing init and goal distances using unit-cost algorithm
Composite transition system with 196/480 vars: 256 states, 12544 arcs 
Composite transition system with 196/480 vars: init h=3
Difference of init h values: 0
t=223.067s (after merging)
Composite transition system with 196/480 vars: not applying abstraction (same number of states)
Current peak memory increase of merge-and-shrink computation: 78848 KB

Next pair of indices: (196, 674)
Atomic transition system #196: 2 states, 6 arcs 
Atomic transition system #196: init h=0
Composite transition system with 196/480 vars: 256 states, 12544 arcs 
Composite transition system with 196/480 vars: init h=3
t=223.722s (after computation of next merge)
Atomic transition system #196: current size: 2 (shrink threshold: 1)
Atomic transition system #196: applying abstraction (2 to 1 states)
Atomic transition system #196: simplification was not f-preserving!
Atomic transition system #196: computing init and goal distances using unit-cost algorithm
Atomic transition system #196: 1 states, 1 arcs 
Atomic transition system #196: init h=0
Composite transition system with 196/480 vars: current size: 256 (shrink threshold: 1)
Composite transition system with 196/480 vars: not applying abstraction (same number of states)
t=223.75s (after shrinking)
Merging atomic transition system #196 and composite transition system with 196/480 vars
Composite transition system with 197/480 vars: computing init and goal distances using unit-cost algorithm
Composite transition system with 197/480 vars: 256 states, 12544 arcs 
Composite transition system with 197/480 vars: init h=3
Difference of init h values: 0
t=223.751s (after merging)
Composite transition system with 197/480 vars: not applying abstraction (same number of states)
Current peak memory increase of merge-and-shrink computation: 78848 KB

Next pair of indices: (197, 675)
Atomic transition system #197: 2 states, 6 arcs 
Atomic transition system #197: init h=0
Composite transition system with 197/480 vars: 256 states, 12544 arcs 
Composite transition system with 197/480 vars: init h=3
t=224.418s (after computation of next merge)
Atomic transition system #197: current size: 2 (shrink threshold: 1)
Atomic transition system #197: applying abstraction (2 to 1 states)
Atomic transition system #197: simplification was not f-preserving!
Atomic transition system #197: computing init and goal distances using unit-cost algorithm
Atomic transition system #197: 1 states, 1 arcs 
Atomic transition system #197: init h=0
Composite transition system with 197/480 vars: current size: 256 (shrink threshold: 1)
Composite transition system with 197/480 vars: not applying abstraction (same number of states)
t=224.446s (after shrinking)
Merging atomic transition system #197 and composite transition system with 197/480 vars
Composite transition system with 198/480 vars: computing init and goal distances using unit-cost algorithm
Composite transition system with 198/480 vars: 256 states, 12544 arcs 
Composite transition system with 198/480 vars: init h=3
Difference of init h values: 0
t=224.446s (after merging)
Composite transition system with 198/480 vars: not applying abstraction (same number of states)
Current peak memory increase of merge-and-shrink computation: 78848 KB

Next pair of indices: (198, 676)
Atomic transition system #198: 2 states, 6 arcs 
Atomic transition system #198: init h=0
Composite transition system with 198/480 vars: 256 states, 12544 arcs 
Composite transition system with 198/480 vars: init h=3
t=225.104s (after computation of next merge)
Atomic transition system #198: current size: 2 (shrink threshold: 1)
Atomic transition system #198: applying abstraction (2 to 1 states)
Atomic transition system #198: simplification was not f-preserving!
Atomic transition system #198: computing init and goal distances using unit-cost algorithm
Atomic transition system #198: 1 states, 1 arcs 
Atomic transition system #198: init h=0
Composite transition system with 198/480 vars: current size: 256 (shrink threshold: 1)
Composite transition system with 198/480 vars: not applying abstraction (same number of states)
t=225.133s (after shrinking)
Merging atomic transition system #198 and composite transition system with 198/480 vars
Composite transition system with 199/480 vars: computing init and goal distances using unit-cost algorithm
Composite transition system with 199/480 vars: 256 states, 12544 arcs 
Composite transition system with 199/480 vars: init h=3
Difference of init h values: 0
t=225.133s (after merging)
Composite transition system with 199/480 vars: not applying abstraction (same number of states)
Current peak memory increase of merge-and-shrink computation: 78848 KB

Next pair of indices: (199, 677)
Atomic transition system #199: 2 states, 6 arcs 
Atomic transition system #199: init h=0
Composite transition system with 199/480 vars: 256 states, 12544 arcs 
Composite transition system with 199/480 vars: init h=3
t=225.797s (after computation of next merge)
Atomic transition system #199: current size: 2 (shrink threshold: 1)
Atomic transition system #199: applying abstraction (2 to 1 states)
Atomic transition system #199: simplification was not f-preserving!
Atomic transition system #199: computing init and goal distances using unit-cost algorithm
Atomic transition system #199: 1 states, 1 arcs 
Atomic transition system #199: init h=0
Composite transition system with 199/480 vars: current size: 256 (shrink threshold: 1)
Composite transition system with 199/480 vars: not applying abstraction (same number of states)
t=225.827s (after shrinking)
Merging atomic transition system #199 and composite transition system with 199/480 vars
Composite transition system with 200/480 vars: computing init and goal distances using unit-cost algorithm
Composite transition system with 200/480 vars: 256 states, 12544 arcs 
Composite transition system with 200/480 vars: init h=3
Difference of init h values: 0
t=225.827s (after merging)
Composite transition system with 200/480 vars: not applying abstraction (same number of states)
Current peak memory increase of merge-and-shrink computation: 78848 KB

Next pair of indices: (200, 678)
Atomic transition system #200: 2 states, 6 arcs 
Atomic transition system #200: init h=0
Composite transition system with 200/480 vars: 256 states, 12544 arcs 
Composite transition system with 200/480 vars: init h=3
t=226.501s (after computation of next merge)
Atomic transition system #200: current size: 2 (shrink threshold: 1)
Atomic transition system #200: applying abstraction (2 to 1 states)
Atomic transition system #200: simplification was not f-preserving!
Atomic transition system #200: computing init and goal distances using unit-cost algorithm
Atomic transition system #200: 1 states, 1 arcs 
Atomic transition system #200: init h=0
Composite transition system with 200/480 vars: current size: 256 (shrink threshold: 1)
Composite transition system with 200/480 vars: not applying abstraction (same number of states)
t=226.533s (after shrinking)
Merging atomic transition system #200 and composite transition system with 200/480 vars
Composite transition system with 201/480 vars: computing init and goal distances using unit-cost algorithm
Composite transition system with 201/480 vars: 256 states, 12544 arcs 
Composite transition system with 201/480 vars: init h=3
Difference of init h values: 0
t=226.534s (after merging)
Composite transition system with 201/480 vars: not applying abstraction (same number of states)
Current peak memory increase of merge-and-shrink computation: 78848 KB

Next pair of indices: (201, 679)
Atomic transition system #201: 2 states, 6 arcs 
Atomic transition system #201: init h=0
Composite transition system with 201/480 vars: 256 states, 12544 arcs 
Composite transition system with 201/480 vars: init h=3
t=227.193s (after computation of next merge)
Atomic transition system #201: current size: 2 (shrink threshold: 1)
Atomic transition system #201: applying abstraction (2 to 1 states)
Atomic transition system #201: simplification was not f-preserving!
Atomic transition system #201: computing init and goal distances using unit-cost algorithm
Atomic transition system #201: 1 states, 1 arcs 
Atomic transition system #201: init h=0
Composite transition system with 201/480 vars: current size: 256 (shrink threshold: 1)
Composite transition system with 201/480 vars: not applying abstraction (same number of states)
t=227.226s (after shrinking)
Merging atomic transition system #201 and composite transition system with 201/480 vars
Composite transition system with 202/480 vars: computing init and goal distances using unit-cost algorithm
Composite transition system with 202/480 vars: 256 states, 12544 arcs 
Composite transition system with 202/480 vars: init h=3
Difference of init h values: 0
t=227.226s (after merging)
Composite transition system with 202/480 vars: not applying abstraction (same number of states)
Current peak memory increase of merge-and-shrink computation: 78848 KB

Next pair of indices: (202, 680)
Atomic transition system #202: 2 states, 6 arcs 
Atomic transition system #202: init h=0
Composite transition system with 202/480 vars: 256 states, 12544 arcs 
Composite transition system with 202/480 vars: init h=3
t=227.873s (after computation of next merge)
Atomic transition system #202: current size: 2 (shrink threshold: 1)
Atomic transition system #202: applying abstraction (2 to 1 states)
Atomic transition system #202: simplification was not f-preserving!
Atomic transition system #202: computing init and goal distances using unit-cost algorithm
Atomic transition system #202: 1 states, 1 arcs 
Atomic transition system #202: init h=0
Composite transition system with 202/480 vars: current size: 256 (shrink threshold: 1)
Composite transition system with 202/480 vars: not applying abstraction (same number of states)
t=227.906s (after shrinking)
Merging atomic transition system #202 and composite transition system with 202/480 vars
Composite transition system with 203/480 vars: computing init and goal distances using unit-cost algorithm
Composite transition system with 203/480 vars: 256 states, 12544 arcs 
Composite transition system with 203/480 vars: init h=3
Difference of init h values: 0
t=227.906s (after merging)
Composite transition system with 203/480 vars: not applying abstraction (same number of states)
Current peak memory increase of merge-and-shrink computation: 78848 KB

Next pair of indices: (203, 681)
Atomic transition system #203: 2 states, 6 arcs 
Atomic transition system #203: init h=0
Composite transition system with 203/480 vars: 256 states, 12544 arcs 
Composite transition system with 203/480 vars: init h=3
t=228.564s (after computation of next merge)
Atomic transition system #203: current size: 2 (shrink threshold: 1)
Atomic transition system #203: applying abstraction (2 to 1 states)
Atomic transition system #203: simplification was not f-preserving!
Atomic transition system #203: computing init and goal distances using unit-cost algorithm
Atomic transition system #203: 1 states, 1 arcs 
Atomic transition system #203: init h=0
Composite transition system with 203/480 vars: current size: 256 (shrink threshold: 1)
Composite transition system with 203/480 vars: not applying abstraction (same number of states)
t=228.591s (after shrinking)
Merging atomic transition system #203 and composite transition system with 203/480 vars
Composite transition system with 204/480 vars: computing init and goal distances using unit-cost algorithm
Composite transition system with 204/480 vars: 256 states, 12544 arcs 
Composite transition system with 204/480 vars: init h=3
Difference of init h values: 0
t=228.592s (after merging)
Composite transition system with 204/480 vars: not applying abstraction (same number of states)
Current peak memory increase of merge-and-shrink computation: 78848 KB

Next pair of indices: (204, 682)
Atomic transition system #204: 2 states, 6 arcs 
Atomic transition system #204: init h=0
Composite transition system with 204/480 vars: 256 states, 12544 arcs 
Composite transition system with 204/480 vars: init h=3
t=229.239s (after computation of next merge)
Atomic transition system #204: current size: 2 (shrink threshold: 1)
Atomic transition system #204: applying abstraction (2 to 1 states)
Atomic transition system #204: simplification was not f-preserving!
Atomic transition system #204: computing init and goal distances using unit-cost algorithm
Atomic transition system #204: 1 states, 1 arcs 
Atomic transition system #204: init h=0
Composite transition system with 204/480 vars: current size: 256 (shrink threshold: 1)
Composite transition system with 204/480 vars: not applying abstraction (same number of states)
t=229.266s (after shrinking)
Merging atomic transition system #204 and composite transition system with 204/480 vars
Composite transition system with 205/480 vars: computing init and goal distances using unit-cost algorithm
Composite transition system with 205/480 vars: 256 states, 12544 arcs 
Composite transition system with 205/480 vars: init h=3
Difference of init h values: 0
t=229.267s (after merging)
Composite transition system with 205/480 vars: not applying abstraction (same number of states)
Current peak memory increase of merge-and-shrink computation: 78848 KB

Next pair of indices: (205, 683)
Atomic transition system #205: 2 states, 6 arcs 
Atomic transition system #205: init h=0
Composite transition system with 205/480 vars: 256 states, 12544 arcs 
Composite transition system with 205/480 vars: init h=3
t=229.912s (after computation of next merge)
Atomic transition system #205: current size: 2 (shrink threshold: 1)
Atomic transition system #205: applying abstraction (2 to 1 states)
Atomic transition system #205: simplification was not f-preserving!
Atomic transition system #205: computing init and goal distances using unit-cost algorithm
Atomic transition system #205: 1 states, 1 arcs 
Atomic transition system #205: init h=0
Composite transition system with 205/480 vars: current size: 256 (shrink threshold: 1)
Composite transition system with 205/480 vars: not applying abstraction (same number of states)
t=229.938s (after shrinking)
Merging atomic transition system #205 and composite transition system with 205/480 vars
Composite transition system with 206/480 vars: computing init and goal distances using unit-cost algorithm
Composite transition system with 206/480 vars: 256 states, 12544 arcs 
Composite transition system with 206/480 vars: init h=3
Difference of init h values: 0
t=229.939s (after merging)
Composite transition system with 206/480 vars: not applying abstraction (same number of states)
Current peak memory increase of merge-and-shrink computation: 78848 KB

Next pair of indices: (206, 684)
Atomic transition system #206: 2 states, 6 arcs 
Atomic transition system #206: init h=0
Composite transition system with 206/480 vars: 256 states, 12544 arcs 
Composite transition system with 206/480 vars: init h=3
t=230.581s (after computation of next merge)
Atomic transition system #206: current size: 2 (shrink threshold: 1)
Atomic transition system #206: applying abstraction (2 to 1 states)
Atomic transition system #206: simplification was not f-preserving!
Atomic transition system #206: computing init and goal distances using unit-cost algorithm
Atomic transition system #206: 1 states, 1 arcs 
Atomic transition system #206: init h=0
Composite transition system with 206/480 vars: current size: 256 (shrink threshold: 1)
Composite transition system with 206/480 vars: not applying abstraction (same number of states)
t=230.609s (after shrinking)
Merging atomic transition system #206 and composite transition system with 206/480 vars
Composite transition system with 207/480 vars: computing init and goal distances using unit-cost algorithm
Composite transition system with 207/480 vars: 256 states, 12544 arcs 
Composite transition system with 207/480 vars: init h=3
Difference of init h values: 0
t=230.61s (after merging)
Composite transition system with 207/480 vars: not applying abstraction (same number of states)
Current peak memory increase of merge-and-shrink computation: 78848 KB

Next pair of indices: (207, 685)
Atomic transition system #207: 2 states, 6 arcs 
Atomic transition system #207: init h=0
Composite transition system with 207/480 vars: 256 states, 12544 arcs 
Composite transition system with 207/480 vars: init h=3
t=231.241s (after computation of next merge)
Atomic transition system #207: current size: 2 (shrink threshold: 1)
Atomic transition system #207: applying abstraction (2 to 1 states)
Atomic transition system #207: simplification was not f-preserving!
Atomic transition system #207: computing init and goal distances using unit-cost algorithm
Atomic transition system #207: 1 states, 1 arcs 
Atomic transition system #207: init h=0
Composite transition system with 207/480 vars: current size: 256 (shrink threshold: 1)
Composite transition system with 207/480 vars: not applying abstraction (same number of states)
t=231.267s (after shrinking)
Merging atomic transition system #207 and composite transition system with 207/480 vars
Composite transition system with 208/480 vars: computing init and goal distances using unit-cost algorithm
Composite transition system with 208/480 vars: 256 states, 12544 arcs 
Composite transition system with 208/480 vars: init h=3
Difference of init h values: 0
t=231.268s (after merging)
Composite transition system with 208/480 vars: not applying abstraction (same number of states)
Current peak memory increase of merge-and-shrink computation: 78848 KB

Next pair of indices: (208, 686)
Atomic transition system #208: 2 states, 6 arcs 
Atomic transition system #208: init h=0
Composite transition system with 208/480 vars: 256 states, 12544 arcs 
Composite transition system with 208/480 vars: init h=3
t=231.898s (after computation of next merge)
Atomic transition system #208: current size: 2 (shrink threshold: 1)
Atomic transition system #208: applying abstraction (2 to 1 states)
Atomic transition system #208: simplification was not f-preserving!
Atomic transition system #208: computing init and goal distances using unit-cost algorithm
Atomic transition system #208: 1 states, 1 arcs 
Atomic transition system #208: init h=0
Composite transition system with 208/480 vars: current size: 256 (shrink threshold: 1)
Composite transition system with 208/480 vars: not applying abstraction (same number of states)
t=231.928s (after shrinking)
Merging atomic transition system #208 and composite transition system with 208/480 vars
Composite transition system with 209/480 vars: computing init and goal distances using unit-cost algorithm
Composite transition system with 209/480 vars: 256 states, 12544 arcs 
Composite transition system with 209/480 vars: init h=3
Difference of init h values: 0
t=231.928s (after merging)
Composite transition system with 209/480 vars: not applying abstraction (same number of states)
Current peak memory increase of merge-and-shrink computation: 78848 KB

Next pair of indices: (209, 687)
Atomic transition system #209: 2 states, 6 arcs 
Atomic transition system #209: init h=0
Composite transition system with 209/480 vars: 256 states, 12544 arcs 
Composite transition system with 209/480 vars: init h=3
t=232.548s (after computation of next merge)
Atomic transition system #209: current size: 2 (shrink threshold: 1)
Atomic transition system #209: applying abstraction (2 to 1 states)
Atomic transition system #209: simplification was not f-preserving!
Atomic transition system #209: computing init and goal distances using unit-cost algorithm
Atomic transition system #209: 1 states, 1 arcs 
Atomic transition system #209: init h=0
Composite transition system with 209/480 vars: current size: 256 (shrink threshold: 1)
Composite transition system with 209/480 vars: not applying abstraction (same number of states)
t=232.577s (after shrinking)
Merging atomic transition system #209 and composite transition system with 209/480 vars
Composite transition system with 210/480 vars: computing init and goal distances using unit-cost algorithm
Composite transition system with 210/480 vars: 256 states, 12544 arcs 
Composite transition system with 210/480 vars: init h=3
Difference of init h values: 0
t=232.577s (after merging)
Composite transition system with 210/480 vars: not applying abstraction (same number of states)
Current peak memory increase of merge-and-shrink computation: 78848 KB

Next pair of indices: (210, 688)
Atomic transition system #210: 2 states, 6 arcs 
Atomic transition system #210: init h=0
Composite transition system with 210/480 vars: 256 states, 12544 arcs 
Composite transition system with 210/480 vars: init h=3
t=233.21s (after computation of next merge)
Atomic transition system #210: current size: 2 (shrink threshold: 1)
Atomic transition system #210: applying abstraction (2 to 1 states)
Atomic transition system #210: simplification was not f-preserving!
Atomic transition system #210: computing init and goal distances using unit-cost algorithm
Atomic transition system #210: 1 states, 1 arcs 
Atomic transition system #210: init h=0
Composite transition system with 210/480 vars: current size: 256 (shrink threshold: 1)
Composite transition system with 210/480 vars: not applying abstraction (same number of states)
t=233.237s (after shrinking)
Merging atomic transition system #210 and composite transition system with 210/480 vars
Composite transition system with 211/480 vars: computing init and goal distances using unit-cost algorithm
Composite transition system with 211/480 vars: 256 states, 12544 arcs 
Composite transition system with 211/480 vars: init h=3
Difference of init h values: 0
t=233.237s (after merging)
Composite transition system with 211/480 vars: not applying abstraction (same number of states)
Current peak memory increase of merge-and-shrink computation: 78848 KB

Next pair of indices: (211, 689)
Atomic transition system #211: 2 states, 6 arcs 
Atomic transition system #211: init h=0
Composite transition system with 211/480 vars: 256 states, 12544 arcs 
Composite transition system with 211/480 vars: init h=3
t=233.862s (after computation of next merge)
Atomic transition system #211: current size: 2 (shrink threshold: 1)
Atomic transition system #211: applying abstraction (2 to 1 states)
Atomic transition system #211: simplification was not f-preserving!
Atomic transition system #211: computing init and goal distances using unit-cost algorithm
Atomic transition system #211: 1 states, 1 arcs 
Atomic transition system #211: init h=0
Composite transition system with 211/480 vars: current size: 256 (shrink threshold: 1)
Composite transition system with 211/480 vars: not applying abstraction (same number of states)
t=233.888s (after shrinking)
Merging atomic transition system #211 and composite transition system with 211/480 vars
Composite transition system with 212/480 vars: computing init and goal distances using unit-cost algorithm
Composite transition system with 212/480 vars: 256 states, 12544 arcs 
Composite transition system with 212/480 vars: init h=3
Difference of init h values: 0
t=233.888s (after merging)
Composite transition system with 212/480 vars: not applying abstraction (same number of states)
Current peak memory increase of merge-and-shrink computation: 78848 KB

Next pair of indices: (212, 690)
Atomic transition system #212: 2 states, 6 arcs 
Atomic transition system #212: init h=0
Composite transition system with 212/480 vars: 256 states, 12544 arcs 
Composite transition system with 212/480 vars: init h=3
t=234.52s (after computation of next merge)
Atomic transition system #212: current size: 2 (shrink threshold: 1)
Atomic transition system #212: applying abstraction (2 to 1 states)
Atomic transition system #212: simplification was not f-preserving!
Atomic transition system #212: computing init and goal distances using unit-cost algorithm
Atomic transition system #212: 1 states, 1 arcs 
Atomic transition system #212: init h=0
Composite transition system with 212/480 vars: current size: 256 (shrink threshold: 1)
Composite transition system with 212/480 vars: not applying abstraction (same number of states)
t=234.545s (after shrinking)
Merging atomic transition system #212 and composite transition system with 212/480 vars
Composite transition system with 213/480 vars: computing init and goal distances using unit-cost algorithm
Composite transition system with 213/480 vars: 256 states, 12544 arcs 
Composite transition system with 213/480 vars: init h=3
Difference of init h values: 0
t=234.546s (after merging)
Composite transition system with 213/480 vars: not applying abstraction (same number of states)
Current peak memory increase of merge-and-shrink computation: 78848 KB

Next pair of indices: (213, 691)
Atomic transition system #213: 2 states, 6 arcs 
Atomic transition system #213: init h=0
Composite transition system with 213/480 vars: 256 states, 12544 arcs 
Composite transition system with 213/480 vars: init h=3
t=235.166s (after computation of next merge)
Atomic transition system #213: current size: 2 (shrink threshold: 1)
Atomic transition system #213: applying abstraction (2 to 1 states)
Atomic transition system #213: simplification was not f-preserving!
Atomic transition system #213: computing init and goal distances using unit-cost algorithm
Atomic transition system #213: 1 states, 1 arcs 
Atomic transition system #213: init h=0
Composite transition system with 213/480 vars: current size: 256 (shrink threshold: 1)
Composite transition system with 213/480 vars: not applying abstraction (same number of states)
t=235.193s (after shrinking)
Merging atomic transition system #213 and composite transition system with 213/480 vars
Composite transition system with 214/480 vars: computing init and goal distances using unit-cost algorithm
Composite transition system with 214/480 vars: 256 states, 12544 arcs 
Composite transition system with 214/480 vars: init h=3
Difference of init h values: 0
t=235.194s (after merging)
Composite transition system with 214/480 vars: not applying abstraction (same number of states)
Current peak memory increase of merge-and-shrink computation: 78848 KB

Next pair of indices: (214, 692)
Atomic transition system #214: 2 states, 6 arcs 
Atomic transition system #214: init h=0
Composite transition system with 214/480 vars: 256 states, 12544 arcs 
Composite transition system with 214/480 vars: init h=3
t=235.815s (after computation of next merge)
Atomic transition system #214: current size: 2 (shrink threshold: 1)
Atomic transition system #214: applying abstraction (2 to 1 states)
Atomic transition system #214: simplification was not f-preserving!
Atomic transition system #214: computing init and goal distances using unit-cost algorithm
Atomic transition system #214: 1 states, 1 arcs 
Atomic transition system #214: init h=0
Composite transition system with 214/480 vars: current size: 256 (shrink threshold: 1)
Composite transition system with 214/480 vars: not applying abstraction (same number of states)
t=235.84s (after shrinking)
Merging atomic transition system #214 and composite transition system with 214/480 vars
Composite transition system with 215/480 vars: computing init and goal distances using unit-cost algorithm
Composite transition system with 215/480 vars: 256 states, 12544 arcs 
Composite transition system with 215/480 vars: init h=3
Difference of init h values: 0
t=235.841s (after merging)
Composite transition system with 215/480 vars: not applying abstraction (same number of states)
Current peak memory increase of merge-and-shrink computation: 78848 KB

Next pair of indices: (215, 693)
Atomic transition system #215: 2 states, 6 arcs 
Atomic transition system #215: init h=1
Composite transition system with 215/480 vars: 256 states, 12544 arcs 
Composite transition system with 215/480 vars: init h=3
t=236.455s (after computation of next merge)
Atomic transition system #215: current size: 2 (shrink threshold: 1)
Atomic transition system #215: not applying abstraction (same number of states)
Composite transition system with 215/480 vars: current size: 256 (shrink threshold: 1)
Composite transition system with 215/480 vars: not applying abstraction (same number of states)
Merging atomic transition system #215 and composite transition system with 215/480 vars
Composite transition system with 216/480 vars: computing init and goal distances using unit-cost algorithm
Composite transition system with 216/480 vars: 512 states, 29696 arcs 
Composite transition system with 216/480 vars: init h=3
Difference of init h values: 0
t=236.482s (after merging)
Composite transition system with 216/480 vars: not applying abstraction (same number of states)
Current peak memory increase of merge-and-shrink computation: 78848 KB

Next pair of indices: (216, 694)
Atomic transition system #216: 2 states, 6 arcs 
Atomic transition system #216: init h=0
Composite transition system with 216/480 vars: 512 states, 29696 arcs 
Composite transition system with 216/480 vars: init h=3
t=237.066s (after computation of next merge)
Atomic transition system #216: current size: 2 (shrink threshold: 1)
Atomic transition system #216: applying abstraction (2 to 1 states)
Atomic transition system #216: simplification was not f-preserving!
Atomic transition system #216: computing init and goal distances using unit-cost algorithm
Atomic transition system #216: 1 states, 1 arcs 
Atomic transition system #216: init h=0
Composite transition system with 216/480 vars: current size: 512 (shrink threshold: 1)
Composite transition system with 216/480 vars: not applying abstraction (same number of states)
t=237.095s (after shrinking)
Merging atomic transition system #216 and composite transition system with 216/480 vars
Composite transition system with 217/480 vars: computing init and goal distances using unit-cost algorithm
Composite transition system with 217/480 vars: 512 states, 29696 arcs 
Composite transition system with 217/480 vars: init h=3
Difference of init h values: 0
t=237.097s (after merging)
Composite transition system with 217/480 vars: not applying abstraction (same number of states)
Current peak memory increase of merge-and-shrink computation: 78848 KB

Next pair of indices: (217, 695)
Atomic transition system #217: 2 states, 6 arcs 
Atomic transition system #217: init h=0
Composite transition system with 217/480 vars: 512 states, 29696 arcs 
Composite transition system with 217/480 vars: init h=3
t=237.669s (after computation of next merge)
Atomic transition system #217: current size: 2 (shrink threshold: 1)
Atomic transition system #217: applying abstraction (2 to 1 states)
Atomic transition system #217: simplification was not f-preserving!
Atomic transition system #217: computing init and goal distances using unit-cost algorithm
Atomic transition system #217: 1 states, 1 arcs 
Atomic transition system #217: init h=0
Composite transition system with 217/480 vars: current size: 512 (shrink threshold: 1)
Composite transition system with 217/480 vars: not applying abstraction (same number of states)
t=237.699s (after shrinking)
Merging atomic transition system #217 and composite transition system with 217/480 vars
Composite transition system with 218/480 vars: computing init and goal distances using unit-cost algorithm
Composite transition system with 218/480 vars: 512 states, 29696 arcs 
Composite transition system with 218/480 vars: init h=3
Difference of init h values: 0
t=237.701s (after merging)
Composite transition system with 218/480 vars: not applying abstraction (same number of states)
Current peak memory increase of merge-and-shrink computation: 78848 KB

Next pair of indices: (218, 696)
Atomic transition system #218: 2 states, 6 arcs 
Atomic transition system #218: init h=0
Composite transition system with 218/480 vars: 512 states, 29696 arcs 
Composite transition system with 218/480 vars: init h=3
t=238.274s (after computation of next merge)
Atomic transition system #218: current size: 2 (shrink threshold: 1)
Atomic transition system #218: applying abstraction (2 to 1 states)
Atomic transition system #218: simplification was not f-preserving!
Atomic transition system #218: computing init and goal distances using unit-cost algorithm
Atomic transition system #218: 1 states, 1 arcs 
Atomic transition system #218: init h=0
Composite transition system with 218/480 vars: current size: 512 (shrink threshold: 1)
Composite transition system with 218/480 vars: not applying abstraction (same number of states)
t=238.301s (after shrinking)
Merging atomic transition system #218 and composite transition system with 218/480 vars
Composite transition system with 219/480 vars: computing init and goal distances using unit-cost algorithm
Composite transition system with 219/480 vars: 512 states, 29696 arcs 
Composite transition system with 219/480 vars: init h=3
Difference of init h values: 0
t=238.302s (after merging)
Composite transition system with 219/480 vars: not applying abstraction (same number of states)
Current peak memory increase of merge-and-shrink computation: 78848 KB

Next pair of indices: (219, 697)
Atomic transition system #219: 2 states, 6 arcs 
Atomic transition system #219: init h=0
Composite transition system with 219/480 vars: 512 states, 29696 arcs 
Composite transition system with 219/480 vars: init h=3
t=238.869s (after computation of next merge)
Atomic transition system #219: current size: 2 (shrink threshold: 1)
Atomic transition system #219: applying abstraction (2 to 1 states)
Atomic transition system #219: simplification was not f-preserving!
Atomic transition system #219: computing init and goal distances using unit-cost algorithm
Atomic transition system #219: 1 states, 1 arcs 
Atomic transition system #219: init h=0
Composite transition system with 219/480 vars: current size: 512 (shrink threshold: 1)
Composite transition system with 219/480 vars: not applying abstraction (same number of states)
t=238.896s (after shrinking)
Merging atomic transition system #219 and composite transition system with 219/480 vars
Composite transition system with 220/480 vars: computing init and goal distances using unit-cost algorithm
Composite transition system with 220/480 vars: 512 states, 29696 arcs 
Composite transition system with 220/480 vars: init h=3
Difference of init h values: 0
t=238.897s (after merging)
Composite transition system with 220/480 vars: not applying abstraction (same number of states)
Current peak memory increase of merge-and-shrink computation: 78848 KB

Next pair of indices: (220, 698)
Atomic transition system #220: 2 states, 6 arcs 
Atomic transition system #220: init h=0
Composite transition system with 220/480 vars: 512 states, 29696 arcs 
Composite transition system with 220/480 vars: init h=3
t=239.473s (after computation of next merge)
Atomic transition system #220: current size: 2 (shrink threshold: 1)
Atomic transition system #220: applying abstraction (2 to 1 states)
Atomic transition system #220: simplification was not f-preserving!
Atomic transition system #220: computing init and goal distances using unit-cost algorithm
Atomic transition system #220: 1 states, 1 arcs 
Atomic transition system #220: init h=0
Composite transition system with 220/480 vars: current size: 512 (shrink threshold: 1)
Composite transition system with 220/480 vars: not applying abstraction (same number of states)
t=239.499s (after shrinking)
Merging atomic transition system #220 and composite transition system with 220/480 vars
Composite transition system with 221/480 vars: computing init and goal distances using unit-cost algorithm
Composite transition system with 221/480 vars: 512 states, 29696 arcs 
Composite transition system with 221/480 vars: init h=3
Difference of init h values: 0
t=239.501s (after merging)
Composite transition system with 221/480 vars: not applying abstraction (same number of states)
Current peak memory increase of merge-and-shrink computation: 78848 KB

Next pair of indices: (221, 699)
Atomic transition system #221: 2 states, 6 arcs 
Atomic transition system #221: init h=0
Composite transition system with 221/480 vars: 512 states, 29696 arcs 
Composite transition system with 221/480 vars: init h=3
t=240.094s (after computation of next merge)
Atomic transition system #221: current size: 2 (shrink threshold: 1)
Atomic transition system #221: applying abstraction (2 to 1 states)
Atomic transition system #221: simplification was not f-preserving!
Atomic transition system #221: computing init and goal distances using unit-cost algorithm
Atomic transition system #221: 1 states, 1 arcs 
Atomic transition system #221: init h=0
Composite transition system with 221/480 vars: current size: 512 (shrink threshold: 1)
Composite transition system with 221/480 vars: not applying abstraction (same number of states)
t=240.123s (after shrinking)
Merging atomic transition system #221 and composite transition system with 221/480 vars
Composite transition system with 222/480 vars: computing init and goal distances using unit-cost algorithm
Composite transition system with 222/480 vars: 512 states, 29696 arcs 
Composite transition system with 222/480 vars: init h=3
Difference of init h values: 0
t=240.124s (after merging)
Composite transition system with 222/480 vars: not applying abstraction (same number of states)
Current peak memory increase of merge-and-shrink computation: 78848 KB

Next pair of indices: (222, 700)
Atomic transition system #222: 2 states, 6 arcs 
Atomic transition system #222: init h=0
Composite transition system with 222/480 vars: 512 states, 29696 arcs 
Composite transition system with 222/480 vars: init h=3
t=240.694s (after computation of next merge)
Atomic transition system #222: current size: 2 (shrink threshold: 1)
Atomic transition system #222: applying abstraction (2 to 1 states)
Atomic transition system #222: simplification was not f-preserving!
Atomic transition system #222: computing init and goal distances using unit-cost algorithm
Atomic transition system #222: 1 states, 1 arcs 
Atomic transition system #222: init h=0
Composite transition system with 222/480 vars: current size: 512 (shrink threshold: 1)
Composite transition system with 222/480 vars: not applying abstraction (same number of states)
t=240.72s (after shrinking)
Merging atomic transition system #222 and composite transition system with 222/480 vars
Composite transition system with 223/480 vars: computing init and goal distances using unit-cost algorithm
Composite transition system with 223/480 vars: 512 states, 29696 arcs 
Composite transition system with 223/480 vars: init h=3
Difference of init h values: 0
t=240.721s (after merging)
Composite transition system with 223/480 vars: not applying abstraction (same number of states)
Current peak memory increase of merge-and-shrink computation: 78848 KB

Next pair of indices: (223, 701)
Atomic transition system #223: 2 states, 6 arcs 
Atomic transition system #223: init h=0
Composite transition system with 223/480 vars: 512 states, 29696 arcs 
Composite transition system with 223/480 vars: init h=3
t=241.29s (after computation of next merge)
Atomic transition system #223: current size: 2 (shrink threshold: 1)
Atomic transition system #223: applying abstraction (2 to 1 states)
Atomic transition system #223: simplification was not f-preserving!
Atomic transition system #223: computing init and goal distances using unit-cost algorithm
Atomic transition system #223: 1 states, 1 arcs 
Atomic transition system #223: init h=0
Composite transition system with 223/480 vars: current size: 512 (shrink threshold: 1)
Composite transition system with 223/480 vars: not applying abstraction (same number of states)
t=241.319s (after shrinking)
Merging atomic transition system #223 and composite transition system with 223/480 vars
Composite transition system with 224/480 vars: computing init and goal distances using unit-cost algorithm
Composite transition system with 224/480 vars: 512 states, 29696 arcs 
Composite transition system with 224/480 vars: init h=3
Difference of init h values: 0
t=241.32s (after merging)
Composite transition system with 224/480 vars: not applying abstraction (same number of states)
Current peak memory increase of merge-and-shrink computation: 78848 KB

Next pair of indices: (224, 702)
Atomic transition system #224: 2 states, 6 arcs 
Atomic transition system #224: init h=0
Composite transition system with 224/480 vars: 512 states, 29696 arcs 
Composite transition system with 224/480 vars: init h=3
t=241.877s (after computation of next merge)
Atomic transition system #224: current size: 2 (shrink threshold: 1)
Atomic transition system #224: applying abstraction (2 to 1 states)
Atomic transition system #224: simplification was not f-preserving!
Atomic transition system #224: computing init and goal distances using unit-cost algorithm
Atomic transition system #224: 1 states, 1 arcs 
Atomic transition system #224: init h=0
Composite transition system with 224/480 vars: current size: 512 (shrink threshold: 1)
Composite transition system with 224/480 vars: not applying abstraction (same number of states)
t=241.906s (after shrinking)
Merging atomic transition system #224 and composite transition system with 224/480 vars
Composite transition system with 225/480 vars: computing init and goal distances using unit-cost algorithm
Composite transition system with 225/480 vars: 512 states, 29696 arcs 
Composite transition system with 225/480 vars: init h=3
Difference of init h values: 0
t=241.907s (after merging)
Composite transition system with 225/480 vars: not applying abstraction (same number of states)
Current peak memory increase of merge-and-shrink computation: 78848 KB

Next pair of indices: (225, 703)
Atomic transition system #225: 2 states, 6 arcs 
Atomic transition system #225: init h=0
Composite transition system with 225/480 vars: 512 states, 29696 arcs 
Composite transition system with 225/480 vars: init h=3
t=242.458s (after computation of next merge)
Atomic transition system #225: current size: 2 (shrink threshold: 1)
Atomic transition system #225: applying abstraction (2 to 1 states)
Atomic transition system #225: simplification was not f-preserving!
Atomic transition system #225: computing init and goal distances using unit-cost algorithm
Atomic transition system #225: 1 states, 1 arcs 
Atomic transition system #225: init h=0
Composite transition system with 225/480 vars: current size: 512 (shrink threshold: 1)
Composite transition system with 225/480 vars: not applying abstraction (same number of states)
t=242.484s (after shrinking)
Merging atomic transition system #225 and composite transition system with 225/480 vars
Composite transition system with 226/480 vars: computing init and goal distances using unit-cost algorithm
Composite transition system with 226/480 vars: 512 states, 29696 arcs 
Composite transition system with 226/480 vars: init h=3
Difference of init h values: 0
t=242.485s (after merging)
Composite transition system with 226/480 vars: not applying abstraction (same number of states)
Current peak memory increase of merge-and-shrink computation: 78848 KB

Next pair of indices: (226, 704)
Atomic transition system #226: 2 states, 6 arcs 
Atomic transition system #226: init h=0
Composite transition system with 226/480 vars: 512 states, 29696 arcs 
Composite transition system with 226/480 vars: init h=3
t=243.042s (after computation of next merge)
Atomic transition system #226: current size: 2 (shrink threshold: 1)
Atomic transition system #226: applying abstraction (2 to 1 states)
Atomic transition system #226: simplification was not f-preserving!
Atomic transition system #226: computing init and goal distances using unit-cost algorithm
Atomic transition system #226: 1 states, 1 arcs 
Atomic transition system #226: init h=0
Composite transition system with 226/480 vars: current size: 512 (shrink threshold: 1)
Composite transition system with 226/480 vars: not applying abstraction (same number of states)
t=243.068s (after shrinking)
Merging atomic transition system #226 and composite transition system with 226/480 vars
Composite transition system with 227/480 vars: computing init and goal distances using unit-cost algorithm
Composite transition system with 227/480 vars: 512 states, 29696 arcs 
Composite transition system with 227/480 vars: init h=3
Difference of init h values: 0
t=243.069s (after merging)
Composite transition system with 227/480 vars: not applying abstraction (same number of states)
Current peak memory increase of merge-and-shrink computation: 78848 KB

Next pair of indices: (227, 705)
Atomic transition system #227: 2 states, 6 arcs 
Atomic transition system #227: init h=0
Composite transition system with 227/480 vars: 512 states, 29696 arcs 
Composite transition system with 227/480 vars: init h=3
t=243.624s (after computation of next merge)
Atomic transition system #227: current size: 2 (shrink threshold: 1)
Atomic transition system #227: applying abstraction (2 to 1 states)
Atomic transition system #227: simplification was not f-preserving!
Atomic transition system #227: computing init and goal distances using unit-cost algorithm
Atomic transition system #227: 1 states, 1 arcs 
Atomic transition system #227: init h=0
Composite transition system with 227/480 vars: current size: 512 (shrink threshold: 1)
Composite transition system with 227/480 vars: not applying abstraction (same number of states)
t=243.65s (after shrinking)
Merging atomic transition system #227 and composite transition system with 227/480 vars
Composite transition system with 228/480 vars: computing init and goal distances using unit-cost algorithm
Composite transition system with 228/480 vars: 512 states, 29696 arcs 
Composite transition system with 228/480 vars: init h=3
Difference of init h values: 0
t=243.652s (after merging)
Composite transition system with 228/480 vars: not applying abstraction (same number of states)
Current peak memory increase of merge-and-shrink computation: 78848 KB

Next pair of indices: (228, 706)
Atomic transition system #228: 2 states, 6 arcs 
Atomic transition system #228: init h=0
Composite transition system with 228/480 vars: 512 states, 29696 arcs 
Composite transition system with 228/480 vars: init h=3
t=244.209s (after computation of next merge)
Atomic transition system #228: current size: 2 (shrink threshold: 1)
Atomic transition system #228: applying abstraction (2 to 1 states)
Atomic transition system #228: simplification was not f-preserving!
Atomic transition system #228: computing init and goal distances using unit-cost algorithm
Atomic transition system #228: 1 states, 1 arcs 
Atomic transition system #228: init h=0
Composite transition system with 228/480 vars: current size: 512 (shrink threshold: 1)
Composite transition system with 228/480 vars: not applying abstraction (same number of states)
t=244.235s (after shrinking)
Merging atomic transition system #228 and composite transition system with 228/480 vars
Composite transition system with 229/480 vars: computing init and goal distances using unit-cost algorithm
Composite transition system with 229/480 vars: 512 states, 29696 arcs 
Composite transition system with 229/480 vars: init h=3
Difference of init h values: 0
t=244.236s (after merging)
Composite transition system with 229/480 vars: not applying abstraction (same number of states)
Current peak memory increase of merge-and-shrink computation: 78848 KB

Next pair of indices: (229, 707)
Atomic transition system #229: 2 states, 6 arcs 
Atomic transition system #229: init h=0
Composite transition system with 229/480 vars: 512 states, 29696 arcs 
Composite transition system with 229/480 vars: init h=3
t=244.793s (after computation of next merge)
Atomic transition system #229: current size: 2 (shrink threshold: 1)
Atomic transition system #229: applying abstraction (2 to 1 states)
Atomic transition system #229: simplification was not f-preserving!
Atomic transition system #229: computing init and goal distances using unit-cost algorithm
Atomic transition system #229: 1 states, 1 arcs 
Atomic transition system #229: init h=0
Composite transition system with 229/480 vars: current size: 512 (shrink threshold: 1)
Composite transition system with 229/480 vars: not applying abstraction (same number of states)
t=244.82s (after shrinking)
Merging atomic transition system #229 and composite transition system with 229/480 vars
Composite transition system with 230/480 vars: computing init and goal distances using unit-cost algorithm
Composite transition system with 230/480 vars: 512 states, 29696 arcs 
Composite transition system with 230/480 vars: init h=3
Difference of init h values: 0
t=244.821s (after merging)
Composite transition system with 230/480 vars: not applying abstraction (same number of states)
Current peak memory increase of merge-and-shrink computation: 78848 KB

Next pair of indices: (230, 708)
Atomic transition system #230: 2 states, 6 arcs 
Atomic transition system #230: init h=0
Composite transition system with 230/480 vars: 512 states, 29696 arcs 
Composite transition system with 230/480 vars: init h=3
t=245.369s (after computation of next merge)
Atomic transition system #230: current size: 2 (shrink threshold: 1)
Atomic transition system #230: applying abstraction (2 to 1 states)
Atomic transition system #230: simplification was not f-preserving!
Atomic transition system #230: computing init and goal distances using unit-cost algorithm
Atomic transition system #230: 1 states, 1 arcs 
Atomic transition system #230: init h=0
Composite transition system with 230/480 vars: current size: 512 (shrink threshold: 1)
Composite transition system with 230/480 vars: not applying abstraction (same number of states)
t=245.398s (after shrinking)
Merging atomic transition system #230 and composite transition system with 230/480 vars
Composite transition system with 231/480 vars: computing init and goal distances using unit-cost algorithm
Composite transition system with 231/480 vars: 512 states, 29696 arcs 
Composite transition system with 231/480 vars: init h=3
Difference of init h values: 0
t=245.399s (after merging)
Composite transition system with 231/480 vars: not applying abstraction (same number of states)
Current peak memory increase of merge-and-shrink computation: 78848 KB

Next pair of indices: (231, 709)
Atomic transition system #231: 2 states, 6 arcs 
Atomic transition system #231: init h=0
Composite transition system with 231/480 vars: 512 states, 29696 arcs 
Composite transition system with 231/480 vars: init h=3
t=245.954s (after computation of next merge)
Atomic transition system #231: current size: 2 (shrink threshold: 1)
Atomic transition system #231: applying abstraction (2 to 1 states)
Atomic transition system #231: simplification was not f-preserving!
Atomic transition system #231: computing init and goal distances using unit-cost algorithm
Atomic transition system #231: 1 states, 1 arcs 
Atomic transition system #231: init h=0
Composite transition system with 231/480 vars: current size: 512 (shrink threshold: 1)
Composite transition system with 231/480 vars: not applying abstraction (same number of states)
t=245.978s (after shrinking)
Merging atomic transition system #231 and composite transition system with 231/480 vars
Composite transition system with 232/480 vars: computing init and goal distances using unit-cost algorithm
Composite transition system with 232/480 vars: 512 states, 29696 arcs 
Composite transition system with 232/480 vars: init h=3
Difference of init h values: 0
t=245.98s (after merging)
Composite transition system with 232/480 vars: not applying abstraction (same number of states)
Current peak memory increase of merge-and-shrink computation: 78848 KB

Next pair of indices: (232, 710)
Atomic transition system #232: 2 states, 6 arcs 
Atomic transition system #232: init h=0
Composite transition system with 232/480 vars: 512 states, 29696 arcs 
Composite transition system with 232/480 vars: init h=3
t=246.538s (after computation of next merge)
Atomic transition system #232: current size: 2 (shrink threshold: 1)
Atomic transition system #232: applying abstraction (2 to 1 states)
Atomic transition system #232: simplification was not f-preserving!
Atomic transition system #232: computing init and goal distances using unit-cost algorithm
Atomic transition system #232: 1 states, 1 arcs 
Atomic transition system #232: init h=0
Composite transition system with 232/480 vars: current size: 512 (shrink threshold: 1)
Composite transition system with 232/480 vars: not applying abstraction (same number of states)
t=246.564s (after shrinking)
Merging atomic transition system #232 and composite transition system with 232/480 vars
Composite transition system with 233/480 vars: computing init and goal distances using unit-cost algorithm
Composite transition system with 233/480 vars: 512 states, 29696 arcs 
Composite transition system with 233/480 vars: init h=3
Difference of init h values: 0
t=246.565s (after merging)
Composite transition system with 233/480 vars: not applying abstraction (same number of states)
Current peak memory increase of merge-and-shrink computation: 78848 KB

Next pair of indices: (233, 711)
Atomic transition system #233: 2 states, 6 arcs 
Atomic transition system #233: init h=0
Composite transition system with 233/480 vars: 512 states, 29696 arcs 
Composite transition system with 233/480 vars: init h=3
t=247.14s (after computation of next merge)
Atomic transition system #233: current size: 2 (shrink threshold: 1)
Atomic transition system #233: applying abstraction (2 to 1 states)
Atomic transition system #233: simplification was not f-preserving!
Atomic transition system #233: computing init and goal distances using unit-cost algorithm
Atomic transition system #233: 1 states, 1 arcs 
Atomic transition system #233: init h=0
Composite transition system with 233/480 vars: current size: 512 (shrink threshold: 1)
Composite transition system with 233/480 vars: not applying abstraction (same number of states)
t=247.165s (after shrinking)
Merging atomic transition system #233 and composite transition system with 233/480 vars
Composite transition system with 234/480 vars: computing init and goal distances using unit-cost algorithm
Composite transition system with 234/480 vars: 512 states, 29696 arcs 
Composite transition system with 234/480 vars: init h=3
Difference of init h values: 0
t=247.166s (after merging)
Composite transition system with 234/480 vars: not applying abstraction (same number of states)
Current peak memory increase of merge-and-shrink computation: 78848 KB

Next pair of indices: (234, 712)
Atomic transition system #234: 2 states, 6 arcs 
Atomic transition system #234: init h=0
Composite transition system with 234/480 vars: 512 states, 29696 arcs 
Composite transition system with 234/480 vars: init h=3
t=247.702s (after computation of next merge)
Atomic transition system #234: current size: 2 (shrink threshold: 1)
Atomic transition system #234: applying abstraction (2 to 1 states)
Atomic transition system #234: simplification was not f-preserving!
Atomic transition system #234: computing init and goal distances using unit-cost algorithm
Atomic transition system #234: 1 states, 1 arcs 
Atomic transition system #234: init h=0
Composite transition system with 234/480 vars: current size: 512 (shrink threshold: 1)
Composite transition system with 234/480 vars: not applying abstraction (same number of states)
t=247.726s (after shrinking)
Merging atomic transition system #234 and composite transition system with 234/480 vars
Composite transition system with 235/480 vars: computing init and goal distances using unit-cost algorithm
Composite transition system with 235/480 vars: 512 states, 29696 arcs 
Composite transition system with 235/480 vars: init h=3
Difference of init h values: 0
t=247.727s (after merging)
Composite transition system with 235/480 vars: not applying abstraction (same number of states)
Current peak memory increase of merge-and-shrink computation: 78848 KB

Next pair of indices: (235, 713)
Atomic transition system #235: 2 states, 6 arcs 
Atomic transition system #235: init h=0
Composite transition system with 235/480 vars: 512 states, 29696 arcs 
Composite transition system with 235/480 vars: init h=3
t=248.275s (after computation of next merge)
Atomic transition system #235: current size: 2 (shrink threshold: 1)
Atomic transition system #235: applying abstraction (2 to 1 states)
Atomic transition system #235: simplification was not f-preserving!
Atomic transition system #235: computing init and goal distances using unit-cost algorithm
Atomic transition system #235: 1 states, 1 arcs 
Atomic transition system #235: init h=0
Composite transition system with 235/480 vars: current size: 512 (shrink threshold: 1)
Composite transition system with 235/480 vars: not applying abstraction (same number of states)
t=248.299s (after shrinking)
Merging atomic transition system #235 and composite transition system with 235/480 vars
Composite transition system with 236/480 vars: computing init and goal distances using unit-cost algorithm
Composite transition system with 236/480 vars: 512 states, 29696 arcs 
Composite transition system with 236/480 vars: init h=3
Difference of init h values: 0
t=248.3s (after merging)
Composite transition system with 236/480 vars: not applying abstraction (same number of states)
Current peak memory increase of merge-and-shrink computation: 78848 KB

Next pair of indices: (236, 714)
Atomic transition system #236: 2 states, 6 arcs 
Atomic transition system #236: init h=0
Composite transition system with 236/480 vars: 512 states, 29696 arcs 
Composite transition system with 236/480 vars: init h=3
t=248.844s (after computation of next merge)
Atomic transition system #236: current size: 2 (shrink threshold: 1)
Atomic transition system #236: applying abstraction (2 to 1 states)
Atomic transition system #236: simplification was not f-preserving!
Atomic transition system #236: computing init and goal distances using unit-cost algorithm
Atomic transition system #236: 1 states, 1 arcs 
Atomic transition system #236: init h=0
Composite transition system with 236/480 vars: current size: 512 (shrink threshold: 1)
Composite transition system with 236/480 vars: not applying abstraction (same number of states)
t=248.868s (after shrinking)
Merging atomic transition system #236 and composite transition system with 236/480 vars
Composite transition system with 237/480 vars: computing init and goal distances using unit-cost algorithm
Composite transition system with 237/480 vars: 512 states, 29696 arcs 
Composite transition system with 237/480 vars: init h=3
Difference of init h values: 0
t=248.869s (after merging)
Composite transition system with 237/480 vars: not applying abstraction (same number of states)
Current peak memory increase of merge-and-shrink computation: 78848 KB

Next pair of indices: (237, 715)
Atomic transition system #237: 2 states, 6 arcs 
Atomic transition system #237: init h=0
Composite transition system with 237/480 vars: 512 states, 29696 arcs 
Composite transition system with 237/480 vars: init h=3
t=249.406s (after computation of next merge)
Atomic transition system #237: current size: 2 (shrink threshold: 1)
Atomic transition system #237: applying abstraction (2 to 1 states)
Atomic transition system #237: simplification was not f-preserving!
Atomic transition system #237: computing init and goal distances using unit-cost algorithm
Atomic transition system #237: 1 states, 1 arcs 
Atomic transition system #237: init h=0
Composite transition system with 237/480 vars: current size: 512 (shrink threshold: 1)
Composite transition system with 237/480 vars: not applying abstraction (same number of states)
t=249.43s (after shrinking)
Merging atomic transition system #237 and composite transition system with 237/480 vars
Composite transition system with 238/480 vars: computing init and goal distances using unit-cost algorithm
Composite transition system with 238/480 vars: 512 states, 29696 arcs 
Composite transition system with 238/480 vars: init h=3
Difference of init h values: 0
t=249.431s (after merging)
Composite transition system with 238/480 vars: not applying abstraction (same number of states)
Current peak memory increase of merge-and-shrink computation: 78848 KB

Next pair of indices: (238, 716)
Atomic transition system #238: 2 states, 6 arcs 
Atomic transition system #238: init h=0
Composite transition system with 238/480 vars: 512 states, 29696 arcs 
Composite transition system with 238/480 vars: init h=3
t=249.962s (after computation of next merge)
Atomic transition system #238: current size: 2 (shrink threshold: 1)
Atomic transition system #238: applying abstraction (2 to 1 states)
Atomic transition system #238: simplification was not f-preserving!
Atomic transition system #238: computing init and goal distances using unit-cost algorithm
Atomic transition system #238: 1 states, 1 arcs 
Atomic transition system #238: init h=0
Composite transition system with 238/480 vars: current size: 512 (shrink threshold: 1)
Composite transition system with 238/480 vars: not applying abstraction (same number of states)
t=249.986s (after shrinking)
Merging atomic transition system #238 and composite transition system with 238/480 vars
Composite transition system with 239/480 vars: computing init and goal distances using unit-cost algorithm
Composite transition system with 239/480 vars: 512 states, 29696 arcs 
Composite transition system with 239/480 vars: init h=3
Difference of init h values: 0
t=249.987s (after merging)
Composite transition system with 239/480 vars: not applying abstraction (same number of states)
Current peak memory increase of merge-and-shrink computation: 78848 KB

Next pair of indices: (239, 717)
Atomic transition system #239: 2 states, 6 arcs 
Atomic transition system #239: init h=1
Composite transition system with 239/480 vars: 512 states, 29696 arcs 
Composite transition system with 239/480 vars: init h=3
t=250.528s (after computation of next merge)
Atomic transition system #239: current size: 2 (shrink threshold: 1)
Atomic transition system #239: not applying abstraction (same number of states)
Composite transition system with 239/480 vars: current size: 512 (shrink threshold: 1)
Composite transition system with 239/480 vars: not applying abstraction (same number of states)
Merging atomic transition system #239 and composite transition system with 239/480 vars
Composite transition system with 240/480 vars: computing init and goal distances using unit-cost algorithm
Composite transition system with 240/480 vars: 1024 states, 69632 arcs 
Composite transition system with 240/480 vars: init h=3
Difference of init h values: 0
t=250.555s (after merging)
Composite transition system with 240/480 vars: not applying abstraction (same number of states)
Current peak memory increase of merge-and-shrink computation: 78848 KB

Next pair of indices: (240, 718)
Atomic transition system #240: 2 states, 6 arcs 
Atomic transition system #240: init h=0
Composite transition system with 240/480 vars: 1024 states, 69632 arcs 
Composite transition system with 240/480 vars: init h=3
t=251.053s (after computation of next merge)
Atomic transition system #240: current size: 2 (shrink threshold: 1)
Atomic transition system #240: applying abstraction (2 to 1 states)
Atomic transition system #240: simplification was not f-preserving!
Atomic transition system #240: computing init and goal distances using unit-cost algorithm
Atomic transition system #240: 1 states, 1 arcs 
Atomic transition system #240: init h=0
Composite transition system with 240/480 vars: current size: 1024 (shrink threshold: 1)
Composite transition system with 240/480 vars: not applying abstraction (same number of states)
t=251.082s (after shrinking)
Merging atomic transition system #240 and composite transition system with 240/480 vars
Composite transition system with 241/480 vars: computing init and goal distances using unit-cost algorithm
Composite transition system with 241/480 vars: 1024 states, 69632 arcs 
Composite transition system with 241/480 vars: init h=3
Difference of init h values: 0
t=251.085s (after merging)
Composite transition system with 241/480 vars: not applying abstraction (same number of states)
Current peak memory increase of merge-and-shrink computation: 78848 KB

Next pair of indices: (241, 719)
Atomic transition system #241: 2 states, 6 arcs 
Atomic transition system #241: init h=0
Composite transition system with 241/480 vars: 1024 states, 69632 arcs 
Composite transition system with 241/480 vars: init h=3
t=251.589s (after computation of next merge)
Atomic transition system #241: current size: 2 (shrink threshold: 1)
Atomic transition system #241: applying abstraction (2 to 1 states)
Atomic transition system #241: simplification was not f-preserving!
Atomic transition system #241: computing init and goal distances using unit-cost algorithm
Atomic transition system #241: 1 states, 1 arcs 
Atomic transition system #241: init h=0
Composite transition system with 241/480 vars: current size: 1024 (shrink threshold: 1)
Composite transition system with 241/480 vars: not applying abstraction (same number of states)
t=251.619s (after shrinking)
Merging atomic transition system #241 and composite transition system with 241/480 vars
Composite transition system with 242/480 vars: computing init and goal distances using unit-cost algorithm
Composite transition system with 242/480 vars: 1024 states, 69632 arcs 
Composite transition system with 242/480 vars: init h=3
Difference of init h values: 0
t=251.622s (after merging)
Composite transition system with 242/480 vars: not applying abstraction (same number of states)
Current peak memory increase of merge-and-shrink computation: 78848 KB

Next pair of indices: (242, 720)
Atomic transition system #242: 2 states, 6 arcs 
Atomic transition system #242: init h=0
Composite transition system with 242/480 vars: 1024 states, 69632 arcs 
Composite transition system with 242/480 vars: init h=3
t=252.118s (after computation of next merge)
Atomic transition system #242: current size: 2 (shrink threshold: 1)
Atomic transition system #242: applying abstraction (2 to 1 states)
Atomic transition system #242: simplification was not f-preserving!
Atomic transition system #242: computing init and goal distances using unit-cost algorithm
Atomic transition system #242: 1 states, 1 arcs 
Atomic transition system #242: init h=0
Composite transition system with 242/480 vars: current size: 1024 (shrink threshold: 1)
Composite transition system with 242/480 vars: not applying abstraction (same number of states)
t=252.146s (after shrinking)
Merging atomic transition system #242 and composite transition system with 242/480 vars
Composite transition system with 243/480 vars: computing init and goal distances using unit-cost algorithm
Composite transition system with 243/480 vars: 1024 states, 69632 arcs 
Composite transition system with 243/480 vars: init h=3
Difference of init h values: 0
t=252.149s (after merging)
Composite transition system with 243/480 vars: not applying abstraction (same number of states)
Current peak memory increase of merge-and-shrink computation: 78848 KB

Next pair of indices: (243, 721)
Atomic transition system #243: 2 states, 6 arcs 
Atomic transition system #243: init h=0
Composite transition system with 243/480 vars: 1024 states, 69632 arcs 
Composite transition system with 243/480 vars: init h=3
t=252.643s (after computation of next merge)
Atomic transition system #243: current size: 2 (shrink threshold: 1)
Atomic transition system #243: applying abstraction (2 to 1 states)
Atomic transition system #243: simplification was not f-preserving!
Atomic transition system #243: computing init and goal distances using unit-cost algorithm
Atomic transition system #243: 1 states, 1 arcs 
Atomic transition system #243: init h=0
Composite transition system with 243/480 vars: current size: 1024 (shrink threshold: 1)
Composite transition system with 243/480 vars: not applying abstraction (same number of states)
t=252.67s (after shrinking)
Merging atomic transition system #243 and composite transition system with 243/480 vars
Composite transition system with 244/480 vars: computing init and goal distances using unit-cost algorithm
Composite transition system with 244/480 vars: 1024 states, 69632 arcs 
Composite transition system with 244/480 vars: init h=3
Difference of init h values: 0
t=252.673s (after merging)
Composite transition system with 244/480 vars: not applying abstraction (same number of states)
Current peak memory increase of merge-and-shrink computation: 78848 KB

Next pair of indices: (244, 722)
Atomic transition system #244: 2 states, 6 arcs 
Atomic transition system #244: init h=0
Composite transition system with 244/480 vars: 1024 states, 69632 arcs 
Composite transition system with 244/480 vars: init h=3
t=253.155s (after computation of next merge)
Atomic transition system #244: current size: 2 (shrink threshold: 1)
Atomic transition system #244: applying abstraction (2 to 1 states)
Atomic transition system #244: simplification was not f-preserving!
Atomic transition system #244: computing init and goal distances using unit-cost algorithm
Atomic transition system #244: 1 states, 1 arcs 
Atomic transition system #244: init h=0
Composite transition system with 244/480 vars: current size: 1024 (shrink threshold: 1)
Composite transition system with 244/480 vars: not applying abstraction (same number of states)
t=253.184s (after shrinking)
Merging atomic transition system #244 and composite transition system with 244/480 vars
Composite transition system with 245/480 vars: computing init and goal distances using unit-cost algorithm
Composite transition system with 245/480 vars: 1024 states, 69632 arcs 
Composite transition system with 245/480 vars: init h=3
Difference of init h values: 0
t=253.187s (after merging)
Composite transition system with 245/480 vars: not applying abstraction (same number of states)
Current peak memory increase of merge-and-shrink computation: 78848 KB

Next pair of indices: (245, 723)
Atomic transition system #245: 2 states, 6 arcs 
Atomic transition system #245: init h=0
Composite transition system with 245/480 vars: 1024 states, 69632 arcs 
Composite transition system with 245/480 vars: init h=3
t=253.672s (after computation of next merge)
Atomic transition system #245: current size: 2 (shrink threshold: 1)
Atomic transition system #245: applying abstraction (2 to 1 states)
Atomic transition system #245: simplification was not f-preserving!
Atomic transition system #245: computing init and goal distances using unit-cost algorithm
Atomic transition system #245: 1 states, 1 arcs 
Atomic transition system #245: init h=0
Composite transition system with 245/480 vars: current size: 1024 (shrink threshold: 1)
Composite transition system with 245/480 vars: not applying abstraction (same number of states)
t=253.7s (after shrinking)
Merging atomic transition system #245 and composite transition system with 245/480 vars
Composite transition system with 246/480 vars: computing init and goal distances using unit-cost algorithm
Composite transition system with 246/480 vars: 1024 states, 69632 arcs 
Composite transition system with 246/480 vars: init h=3
Difference of init h values: 0
t=253.703s (after merging)
Composite transition system with 246/480 vars: not applying abstraction (same number of states)
Current peak memory increase of merge-and-shrink computation: 78848 KB

Next pair of indices: (246, 724)
Atomic transition system #246: 2 states, 6 arcs 
Atomic transition system #246: init h=0
Composite transition system with 246/480 vars: 1024 states, 69632 arcs 
Composite transition system with 246/480 vars: init h=3
t=254.185s (after computation of next merge)
Atomic transition system #246: current size: 2 (shrink threshold: 1)
Atomic transition system #246: applying abstraction (2 to 1 states)
Atomic transition system #246: simplification was not f-preserving!
Atomic transition system #246: computing init and goal distances using unit-cost algorithm
Atomic transition system #246: 1 states, 1 arcs 
Atomic transition system #246: init h=0
Composite transition system with 246/480 vars: current size: 1024 (shrink threshold: 1)
Composite transition system with 246/480 vars: not applying abstraction (same number of states)
t=254.214s (after shrinking)
Merging atomic transition system #246 and composite transition system with 246/480 vars
Composite transition system with 247/480 vars: computing init and goal distances using unit-cost algorithm
Composite transition system with 247/480 vars: 1024 states, 69632 arcs 
Composite transition system with 247/480 vars: init h=3
Difference of init h values: 0
t=254.217s (after merging)
Composite transition system with 247/480 vars: not applying abstraction (same number of states)
Current peak memory increase of merge-and-shrink computation: 78848 KB

Next pair of indices: (247, 725)
Atomic transition system #247: 2 states, 6 arcs 
Atomic transition system #247: init h=0
Composite transition system with 247/480 vars: 1024 states, 69632 arcs 
Composite transition system with 247/480 vars: init h=3
t=254.71s (after computation of next merge)
Atomic transition system #247: current size: 2 (shrink threshold: 1)
Atomic transition system #247: applying abstraction (2 to 1 states)
Atomic transition system #247: simplification was not f-preserving!
Atomic transition system #247: computing init and goal distances using unit-cost algorithm
Atomic transition system #247: 1 states, 1 arcs 
Atomic transition system #247: init h=0
Composite transition system with 247/480 vars: current size: 1024 (shrink threshold: 1)
Composite transition system with 247/480 vars: not applying abstraction (same number of states)
t=254.737s (after shrinking)
Merging atomic transition system #247 and composite transition system with 247/480 vars
Composite transition system with 248/480 vars: computing init and goal distances using unit-cost algorithm
Composite transition system with 248/480 vars: 1024 states, 69632 arcs 
Composite transition system with 248/480 vars: init h=3
Difference of init h values: 0
t=254.74s (after merging)
Composite transition system with 248/480 vars: not applying abstraction (same number of states)
Current peak memory increase of merge-and-shrink computation: 78848 KB

Next pair of indices: (248, 726)
Atomic transition system #248: 2 states, 6 arcs 
Atomic transition system #248: init h=0
Composite transition system with 248/480 vars: 1024 states, 69632 arcs 
Composite transition system with 248/480 vars: init h=3
t=255.235s (after computation of next merge)
Atomic transition system #248: current size: 2 (shrink threshold: 1)
Atomic transition system #248: applying abstraction (2 to 1 states)
Atomic transition system #248: simplification was not f-preserving!
Atomic transition system #248: computing init and goal distances using unit-cost algorithm
Atomic transition system #248: 1 states, 1 arcs 
Atomic transition system #248: init h=0
Composite transition system with 248/480 vars: current size: 1024 (shrink threshold: 1)
Composite transition system with 248/480 vars: not applying abstraction (same number of states)
t=255.262s (after shrinking)
Merging atomic transition system #248 and composite transition system with 248/480 vars
Composite transition system with 249/480 vars: computing init and goal distances using unit-cost algorithm
Composite transition system with 249/480 vars: 1024 states, 69632 arcs 
Composite transition system with 249/480 vars: init h=3
Difference of init h values: 0
t=255.265s (after merging)
Composite transition system with 249/480 vars: not applying abstraction (same number of states)
Current peak memory increase of merge-and-shrink computation: 78848 KB

Next pair of indices: (249, 727)
Atomic transition system #249: 2 states, 6 arcs 
Atomic transition system #249: init h=0
Composite transition system with 249/480 vars: 1024 states, 69632 arcs 
Composite transition system with 249/480 vars: init h=3
t=255.742s (after computation of next merge)
Atomic transition system #249: current size: 2 (shrink threshold: 1)
Atomic transition system #249: applying abstraction (2 to 1 states)
Atomic transition system #249: simplification was not f-preserving!
Atomic transition system #249: computing init and goal distances using unit-cost algorithm
Atomic transition system #249: 1 states, 1 arcs 
Atomic transition system #249: init h=0
Composite transition system with 249/480 vars: current size: 1024 (shrink threshold: 1)
Composite transition system with 249/480 vars: not applying abstraction (same number of states)
t=255.77s (after shrinking)
Merging atomic transition system #249 and composite transition system with 249/480 vars
Composite transition system with 250/480 vars: computing init and goal distances using unit-cost algorithm
Composite transition system with 250/480 vars: 1024 states, 69632 arcs 
Composite transition system with 250/480 vars: init h=3
Difference of init h values: 0
t=255.773s (after merging)
Composite transition system with 250/480 vars: not applying abstraction (same number of states)
Current peak memory increase of merge-and-shrink computation: 78848 KB

Next pair of indices: (250, 728)
Atomic transition system #250: 2 states, 6 arcs 
Atomic transition system #250: init h=0
Composite transition system with 250/480 vars: 1024 states, 69632 arcs 
Composite transition system with 250/480 vars: init h=3
t=256.245s (after computation of next merge)
Atomic transition system #250: current size: 2 (shrink threshold: 1)
Atomic transition system #250: applying abstraction (2 to 1 states)
Atomic transition system #250: simplification was not f-preserving!
Atomic transition system #250: computing init and goal distances using unit-cost algorithm
Atomic transition system #250: 1 states, 1 arcs 
Atomic transition system #250: init h=0
Composite transition system with 250/480 vars: current size: 1024 (shrink threshold: 1)
Composite transition system with 250/480 vars: not applying abstraction (same number of states)
t=256.271s (after shrinking)
Merging atomic transition system #250 and composite transition system with 250/480 vars
Composite transition system with 251/480 vars: computing init and goal distances using unit-cost algorithm
Composite transition system with 251/480 vars: 1024 states, 69632 arcs 
Composite transition system with 251/480 vars: init h=3
Difference of init h values: 0
t=256.274s (after merging)
Composite transition system with 251/480 vars: not applying abstraction (same number of states)
Current peak memory increase of merge-and-shrink computation: 78848 KB

Next pair of indices: (251, 729)
Atomic transition system #251: 2 states, 6 arcs 
Atomic transition system #251: init h=0
Composite transition system with 251/480 vars: 1024 states, 69632 arcs 
Composite transition system with 251/480 vars: init h=3
t=256.748s (after computation of next merge)
Atomic transition system #251: current size: 2 (shrink threshold: 1)
Atomic transition system #251: applying abstraction (2 to 1 states)
Atomic transition system #251: simplification was not f-preserving!
Atomic transition system #251: computing init and goal distances using unit-cost algorithm
Atomic transition system #251: 1 states, 1 arcs 
Atomic transition system #251: init h=0
Composite transition system with 251/480 vars: current size: 1024 (shrink threshold: 1)
Composite transition system with 251/480 vars: not applying abstraction (same number of states)
t=256.775s (after shrinking)
Merging atomic transition system #251 and composite transition system with 251/480 vars
Composite transition system with 252/480 vars: computing init and goal distances using unit-cost algorithm
Composite transition system with 252/480 vars: 1024 states, 69632 arcs 
Composite transition system with 252/480 vars: init h=3
Difference of init h values: 0
t=256.778s (after merging)
Composite transition system with 252/480 vars: not applying abstraction (same number of states)
Current peak memory increase of merge-and-shrink computation: 78848 KB

Next pair of indices: (252, 730)
Atomic transition system #252: 2 states, 6 arcs 
Atomic transition system #252: init h=0
Composite transition system with 252/480 vars: 1024 states, 69632 arcs 
Composite transition system with 252/480 vars: init h=3
t=257.244s (after computation of next merge)
Atomic transition system #252: current size: 2 (shrink threshold: 1)
Atomic transition system #252: applying abstraction (2 to 1 states)
Atomic transition system #252: simplification was not f-preserving!
Atomic transition system #252: computing init and goal distances using unit-cost algorithm
Atomic transition system #252: 1 states, 1 arcs 
Atomic transition system #252: init h=0
Composite transition system with 252/480 vars: current size: 1024 (shrink threshold: 1)
Composite transition system with 252/480 vars: not applying abstraction (same number of states)
t=257.275s (after shrinking)
Merging atomic transition system #252 and composite transition system with 252/480 vars
Composite transition system with 253/480 vars: computing init and goal distances using unit-cost algorithm
Composite transition system with 253/480 vars: 1024 states, 69632 arcs 
Composite transition system with 253/480 vars: init h=3
Difference of init h values: 0
t=257.277s (after merging)
Composite transition system with 253/480 vars: not applying abstraction (same number of states)
Current peak memory increase of merge-and-shrink computation: 78848 KB

Next pair of indices: (253, 731)
Atomic transition system #253: 2 states, 6 arcs 
Atomic transition system #253: init h=0
Composite transition system with 253/480 vars: 1024 states, 69632 arcs 
Composite transition system with 253/480 vars: init h=3
t=257.745s (after computation of next merge)
Atomic transition system #253: current size: 2 (shrink threshold: 1)
Atomic transition system #253: applying abstraction (2 to 1 states)
Atomic transition system #253: simplification was not f-preserving!
Atomic transition system #253: computing init and goal distances using unit-cost algorithm
Atomic transition system #253: 1 states, 1 arcs 
Atomic transition system #253: init h=0
Composite transition system with 253/480 vars: current size: 1024 (shrink threshold: 1)
Composite transition system with 253/480 vars: not applying abstraction (same number of states)
t=257.771s (after shrinking)
Merging atomic transition system #253 and composite transition system with 253/480 vars
Composite transition system with 254/480 vars: computing init and goal distances using unit-cost algorithm
Composite transition system with 254/480 vars: 1024 states, 69632 arcs 
Composite transition system with 254/480 vars: init h=3
Difference of init h values: 0
t=257.774s (after merging)
Composite transition system with 254/480 vars: not applying abstraction (same number of states)
Current peak memory increase of merge-and-shrink computation: 78848 KB

Next pair of indices: (254, 732)
Atomic transition system #254: 2 states, 6 arcs 
Atomic transition system #254: init h=0
Composite transition system with 254/480 vars: 1024 states, 69632 arcs 
Composite transition system with 254/480 vars: init h=3
t=258.235s (after computation of next merge)
Atomic transition system #254: current size: 2 (shrink threshold: 1)
Atomic transition system #254: applying abstraction (2 to 1 states)
Atomic transition system #254: simplification was not f-preserving!
Atomic transition system #254: computing init and goal distances using unit-cost algorithm
Atomic transition system #254: 1 states, 1 arcs 
Atomic transition system #254: init h=0
Composite transition system with 254/480 vars: current size: 1024 (shrink threshold: 1)
Composite transition system with 254/480 vars: not applying abstraction (same number of states)
t=258.262s (after shrinking)
Merging atomic transition system #254 and composite transition system with 254/480 vars
Composite transition system with 255/480 vars: computing init and goal distances using unit-cost algorithm
Composite transition system with 255/480 vars: 1024 states, 69632 arcs 
Composite transition system with 255/480 vars: init h=3
Difference of init h values: 0
t=258.264s (after merging)
Composite transition system with 255/480 vars: not applying abstraction (same number of states)
Current peak memory increase of merge-and-shrink computation: 78848 KB

Next pair of indices: (255, 733)
Atomic transition system #255: 2 states, 6 arcs 
Atomic transition system #255: init h=0
Composite transition system with 255/480 vars: 1024 states, 69632 arcs 
Composite transition system with 255/480 vars: init h=3
t=258.728s (after computation of next merge)
Atomic transition system #255: current size: 2 (shrink threshold: 1)
Atomic transition system #255: applying abstraction (2 to 1 states)
Atomic transition system #255: simplification was not f-preserving!
Atomic transition system #255: computing init and goal distances using unit-cost algorithm
Atomic transition system #255: 1 states, 1 arcs 
Atomic transition system #255: init h=0
Composite transition system with 255/480 vars: current size: 1024 (shrink threshold: 1)
Composite transition system with 255/480 vars: not applying abstraction (same number of states)
t=258.753s (after shrinking)
Merging atomic transition system #255 and composite transition system with 255/480 vars
Composite transition system with 256/480 vars: computing init and goal distances using unit-cost algorithm
Composite transition system with 256/480 vars: 1024 states, 69632 arcs 
Composite transition system with 256/480 vars: init h=3
Difference of init h values: 0
t=258.756s (after merging)
Composite transition system with 256/480 vars: not applying abstraction (same number of states)
Current peak memory increase of merge-and-shrink computation: 78848 KB

Next pair of indices: (256, 734)
Atomic transition system #256: 2 states, 6 arcs 
Atomic transition system #256: init h=0
Composite transition system with 256/480 vars: 1024 states, 69632 arcs 
Composite transition system with 256/480 vars: init h=3
t=259.229s (after computation of next merge)
Atomic transition system #256: current size: 2 (shrink threshold: 1)
Atomic transition system #256: applying abstraction (2 to 1 states)
Atomic transition system #256: simplification was not f-preserving!
Atomic transition system #256: computing init and goal distances using unit-cost algorithm
Atomic transition system #256: 1 states, 1 arcs 
Atomic transition system #256: init h=0
Composite transition system with 256/480 vars: current size: 1024 (shrink threshold: 1)
Composite transition system with 256/480 vars: not applying abstraction (same number of states)
t=259.256s (after shrinking)
Merging atomic transition system #256 and composite transition system with 256/480 vars
Composite transition system with 257/480 vars: computing init and goal distances using unit-cost algorithm
Composite transition system with 257/480 vars: 1024 states, 69632 arcs 
Composite transition system with 257/480 vars: init h=3
Difference of init h values: 0
t=259.259s (after merging)
Composite transition system with 257/480 vars: not applying abstraction (same number of states)
Current peak memory increase of merge-and-shrink computation: 78848 KB

Next pair of indices: (257, 735)
Atomic transition system #257: 2 states, 6 arcs 
Atomic transition system #257: init h=0
Composite transition system with 257/480 vars: 1024 states, 69632 arcs 
Composite transition system with 257/480 vars: init h=3
t=259.723s (after computation of next merge)
Atomic transition system #257: current size: 2 (shrink threshold: 1)
Atomic transition system #257: applying abstraction (2 to 1 states)
Atomic transition system #257: simplification was not f-preserving!
Atomic transition system #257: computing init and goal distances using unit-cost algorithm
Atomic transition system #257: 1 states, 1 arcs 
Atomic transition system #257: init h=0
Composite transition system with 257/480 vars: current size: 1024 (shrink threshold: 1)
Composite transition system with 257/480 vars: not applying abstraction (same number of states)
t=259.748s (after shrinking)
Merging atomic transition system #257 and composite transition system with 257/480 vars
Composite transition system with 258/480 vars: computing init and goal distances using unit-cost algorithm
Composite transition system with 258/480 vars: 1024 states, 69632 arcs 
Composite transition system with 258/480 vars: init h=3
Difference of init h values: 0
t=259.751s (after merging)
Composite transition system with 258/480 vars: not applying abstraction (same number of states)
Current peak memory increase of merge-and-shrink computation: 78848 KB

Next pair of indices: (258, 736)
Atomic transition system #258: 2 states, 6 arcs 
Atomic transition system #258: init h=0
Composite transition system with 258/480 vars: 1024 states, 69632 arcs 
Composite transition system with 258/480 vars: init h=3
t=260.223s (after computation of next merge)
Atomic transition system #258: current size: 2 (shrink threshold: 1)
Atomic transition system #258: applying abstraction (2 to 1 states)
Atomic transition system #258: simplification was not f-preserving!
Atomic transition system #258: computing init and goal distances using unit-cost algorithm
Atomic transition system #258: 1 states, 1 arcs 
Atomic transition system #258: init h=0
Composite transition system with 258/480 vars: current size: 1024 (shrink threshold: 1)
Composite transition system with 258/480 vars: not applying abstraction (same number of states)
t=260.248s (after shrinking)
Merging atomic transition system #258 and composite transition system with 258/480 vars
Composite transition system with 259/480 vars: computing init and goal distances using unit-cost algorithm
Composite transition system with 259/480 vars: 1024 states, 69632 arcs 
Composite transition system with 259/480 vars: init h=3
Difference of init h values: 0
t=260.251s (after merging)
Composite transition system with 259/480 vars: not applying abstraction (same number of states)
Current peak memory increase of merge-and-shrink computation: 78848 KB

Next pair of indices: (259, 737)
Atomic transition system #259: 2 states, 6 arcs 
Atomic transition system #259: init h=0
Composite transition system with 259/480 vars: 1024 states, 69632 arcs 
Composite transition system with 259/480 vars: init h=3
t=260.718s (after computation of next merge)
Atomic transition system #259: current size: 2 (shrink threshold: 1)
Atomic transition system #259: applying abstraction (2 to 1 states)
Atomic transition system #259: simplification was not f-preserving!
Atomic transition system #259: computing init and goal distances using unit-cost algorithm
Atomic transition system #259: 1 states, 1 arcs 
Atomic transition system #259: init h=0
Composite transition system with 259/480 vars: current size: 1024 (shrink threshold: 1)
Composite transition system with 259/480 vars: not applying abstraction (same number of states)
t=260.745s (after shrinking)
Merging atomic transition system #259 and composite transition system with 259/480 vars
Composite transition system with 260/480 vars: computing init and goal distances using unit-cost algorithm
Composite transition system with 260/480 vars: 1024 states, 69632 arcs 
Composite transition system with 260/480 vars: init h=3
Difference of init h values: 0
t=260.748s (after merging)
Composite transition system with 260/480 vars: not applying abstraction (same number of states)
Current peak memory increase of merge-and-shrink computation: 78848 KB

Next pair of indices: (260, 738)
Atomic transition system #260: 2 states, 6 arcs 
Atomic transition system #260: init h=0
Composite transition system with 260/480 vars: 1024 states, 69632 arcs 
Composite transition system with 260/480 vars: init h=3
t=261.21s (after computation of next merge)
Atomic transition system #260: current size: 2 (shrink threshold: 1)
Atomic transition system #260: applying abstraction (2 to 1 states)
Atomic transition system #260: simplification was not f-preserving!
Atomic transition system #260: computing init and goal distances using unit-cost algorithm
Atomic transition system #260: 1 states, 1 arcs 
Atomic transition system #260: init h=0
Composite transition system with 260/480 vars: current size: 1024 (shrink threshold: 1)
Composite transition system with 260/480 vars: not applying abstraction (same number of states)
t=261.236s (after shrinking)
Merging atomic transition system #260 and composite transition system with 260/480 vars
Composite transition system with 261/480 vars: computing init and goal distances using unit-cost algorithm
Composite transition system with 261/480 vars: 1024 states, 69632 arcs 
Composite transition system with 261/480 vars: init h=3
Difference of init h values: 0
t=261.238s (after merging)
Composite transition system with 261/480 vars: not applying abstraction (same number of states)
Current peak memory increase of merge-and-shrink computation: 78848 KB

Next pair of indices: (261, 739)
Atomic transition system #261: 2 states, 6 arcs 
Atomic transition system #261: init h=0
Composite transition system with 261/480 vars: 1024 states, 69632 arcs 
Composite transition system with 261/480 vars: init h=3
t=261.686s (after computation of next merge)
Atomic transition system #261: current size: 2 (shrink threshold: 1)
Atomic transition system #261: applying abstraction (2 to 1 states)
Atomic transition system #261: simplification was not f-preserving!
Atomic transition system #261: computing init and goal distances using unit-cost algorithm
Atomic transition system #261: 1 states, 1 arcs 
Atomic transition system #261: init h=0
Composite transition system with 261/480 vars: current size: 1024 (shrink threshold: 1)
Composite transition system with 261/480 vars: not applying abstraction (same number of states)
t=261.71s (after shrinking)
Merging atomic transition system #261 and composite transition system with 261/480 vars
Composite transition system with 262/480 vars: computing init and goal distances using unit-cost algorithm
Composite transition system with 262/480 vars: 1024 states, 69632 arcs 
Composite transition system with 262/480 vars: init h=3
Difference of init h values: 0
t=261.714s (after merging)
Composite transition system with 262/480 vars: not applying abstraction (same number of states)
Current peak memory increase of merge-and-shrink computation: 78848 KB

Next pair of indices: (262, 740)
Atomic transition system #262: 2 states, 6 arcs 
Atomic transition system #262: init h=0
Composite transition system with 262/480 vars: 1024 states, 69632 arcs 
Composite transition system with 262/480 vars: init h=3
t=262.174s (after computation of next merge)
Atomic transition system #262: current size: 2 (shrink threshold: 1)
Atomic transition system #262: applying abstraction (2 to 1 states)
Atomic transition system #262: simplification was not f-preserving!
Atomic transition system #262: computing init and goal distances using unit-cost algorithm
Atomic transition system #262: 1 states, 1 arcs 
Atomic transition system #262: init h=0
Composite transition system with 262/480 vars: current size: 1024 (shrink threshold: 1)
Composite transition system with 262/480 vars: not applying abstraction (same number of states)
t=262.2s (after shrinking)
Merging atomic transition system #262 and composite transition system with 262/480 vars
Composite transition system with 263/480 vars: computing init and goal distances using unit-cost algorithm
Composite transition system with 263/480 vars: 1024 states, 69632 arcs 
Composite transition system with 263/480 vars: init h=3
Difference of init h values: 0
t=262.203s (after merging)
Composite transition system with 263/480 vars: not applying abstraction (same number of states)
Current peak memory increase of merge-and-shrink computation: 78848 KB

Next pair of indices: (263, 741)
Atomic transition system #263: 2 states, 6 arcs 
Atomic transition system #263: init h=1
Composite transition system with 263/480 vars: 1024 states, 69632 arcs 
Composite transition system with 263/480 vars: init h=3
t=262.646s (after computation of next merge)
Atomic transition system #263: current size: 2 (shrink threshold: 1)
Atomic transition system #263: not applying abstraction (same number of states)
Composite transition system with 263/480 vars: current size: 1024 (shrink threshold: 1)
Composite transition system with 263/480 vars: not applying abstraction (same number of states)
Merging atomic transition system #263 and composite transition system with 263/480 vars
Composite transition system with 264/480 vars: computing init and goal distances using unit-cost algorithm
Composite transition system with 264/480 vars: 2048 states, 163840 arcs 
Composite transition system with 264/480 vars: init h=4
Difference of init h values: 1
t=262.681s (after merging)
Composite transition system with 264/480 vars: not applying abstraction (same number of states)
Current peak memory increase of merge-and-shrink computation: 78848 KB

Next pair of indices: (264, 742)
Atomic transition system #264: 2 states, 6 arcs 
Atomic transition system #264: init h=0
Composite transition system with 264/480 vars: 2048 states, 163840 arcs 
Composite transition system with 264/480 vars: init h=4
t=263.105s (after computation of next merge)
Atomic transition system #264: current size: 2 (shrink threshold: 1)
Atomic transition system #264: applying abstraction (2 to 1 states)
Atomic transition system #264: simplification was not f-preserving!
Atomic transition system #264: computing init and goal distances using unit-cost algorithm
Atomic transition system #264: 1 states, 1 arcs 
Atomic transition system #264: init h=0
Composite transition system with 264/480 vars: current size: 2048 (shrink threshold: 1)
Composite transition system with 264/480 vars: not applying abstraction (same number of states)
t=263.14s (after shrinking)
Merging atomic transition system #264 and composite transition system with 264/480 vars
Composite transition system with 265/480 vars: computing init and goal distances using unit-cost algorithm
Composite transition system with 265/480 vars: 2048 states, 163840 arcs 
Composite transition system with 265/480 vars: init h=4
Difference of init h values: 0
t=263.146s (after merging)
Composite transition system with 265/480 vars: not applying abstraction (same number of states)
Current peak memory increase of merge-and-shrink computation: 78848 KB

Next pair of indices: (265, 743)
Atomic transition system #265: 2 states, 6 arcs 
Atomic transition system #265: init h=0
Composite transition system with 265/480 vars: 2048 states, 163840 arcs 
Composite transition system with 265/480 vars: init h=4
t=263.563s (after computation of next merge)
Atomic transition system #265: current size: 2 (shrink threshold: 1)
Atomic transition system #265: applying abstraction (2 to 1 states)
Atomic transition system #265: simplification was not f-preserving!
Atomic transition system #265: computing init and goal distances using unit-cost algorithm
Atomic transition system #265: 1 states, 1 arcs 
Atomic transition system #265: init h=0
Composite transition system with 265/480 vars: current size: 2048 (shrink threshold: 1)
Composite transition system with 265/480 vars: not applying abstraction (same number of states)
t=263.597s (after shrinking)
Merging atomic transition system #265 and composite transition system with 265/480 vars
Composite transition system with 266/480 vars: computing init and goal distances using unit-cost algorithm
Composite transition system with 266/480 vars: 2048 states, 163840 arcs 
Composite transition system with 266/480 vars: init h=4
Difference of init h values: 0
t=263.604s (after merging)
Composite transition system with 266/480 vars: not applying abstraction (same number of states)
Current peak memory increase of merge-and-shrink computation: 78848 KB

Next pair of indices: (266, 744)
Atomic transition system #266: 2 states, 6 arcs 
Atomic transition system #266: init h=0
Composite transition system with 266/480 vars: 2048 states, 163840 arcs 
Composite transition system with 266/480 vars: init h=4
t=264.024s (after computation of next merge)
Atomic transition system #266: current size: 2 (shrink threshold: 1)
Atomic transition system #266: applying abstraction (2 to 1 states)
Atomic transition system #266: simplification was not f-preserving!
Atomic transition system #266: computing init and goal distances using unit-cost algorithm
Atomic transition system #266: 1 states, 1 arcs 
Atomic transition system #266: init h=0
Composite transition system with 266/480 vars: current size: 2048 (shrink threshold: 1)
Composite transition system with 266/480 vars: not applying abstraction (same number of states)
t=264.061s (after shrinking)
Merging atomic transition system #266 and composite transition system with 266/480 vars
Composite transition system with 267/480 vars: computing init and goal distances using unit-cost algorithm
Composite transition system with 267/480 vars: 2048 states, 163840 arcs 
Composite transition system with 267/480 vars: init h=4
Difference of init h values: 0
t=264.068s (after merging)
Composite transition system with 267/480 vars: not applying abstraction (same number of states)
Current peak memory increase of merge-and-shrink computation: 78848 KB

Next pair of indices: (267, 745)
Atomic transition system #267: 2 states, 6 arcs 
Atomic transition system #267: init h=0
Composite transition system with 267/480 vars: 2048 states, 163840 arcs 
Composite transition system with 267/480 vars: init h=4
t=264.471s (after computation of next merge)
Atomic transition system #267: current size: 2 (shrink threshold: 1)
Atomic transition system #267: applying abstraction (2 to 1 states)
Atomic transition system #267: simplification was not f-preserving!
Atomic transition system #267: computing init and goal distances using unit-cost algorithm
Atomic transition system #267: 1 states, 1 arcs 
Atomic transition system #267: init h=0
Composite transition system with 267/480 vars: current size: 2048 (shrink threshold: 1)
Composite transition system with 267/480 vars: not applying abstraction (same number of states)
t=264.506s (after shrinking)
Merging atomic transition system #267 and composite transition system with 267/480 vars
Composite transition system with 268/480 vars: computing init and goal distances using unit-cost algorithm
Composite transition system with 268/480 vars: 2048 states, 163840 arcs 
Composite transition system with 268/480 vars: init h=4
Difference of init h values: 0
t=264.512s (after merging)
Composite transition system with 268/480 vars: not applying abstraction (same number of states)
Current peak memory increase of merge-and-shrink computation: 78848 KB

Next pair of indices: (268, 746)
Atomic transition system #268: 2 states, 6 arcs 
Atomic transition system #268: init h=0
Composite transition system with 268/480 vars: 2048 states, 163840 arcs 
Composite transition system with 268/480 vars: init h=4
t=264.919s (after computation of next merge)
Atomic transition system #268: current size: 2 (shrink threshold: 1)
Atomic transition system #268: applying abstraction (2 to 1 states)
Atomic transition system #268: simplification was not f-preserving!
Atomic transition system #268: computing init and goal distances using unit-cost algorithm
Atomic transition system #268: 1 states, 1 arcs 
Atomic transition system #268: init h=0
Composite transition system with 268/480 vars: current size: 2048 (shrink threshold: 1)
Composite transition system with 268/480 vars: not applying abstraction (same number of states)
t=264.955s (after shrinking)
Merging atomic transition system #268 and composite transition system with 268/480 vars
Composite transition system with 269/480 vars: computing init and goal distances using unit-cost algorithm
Composite transition system with 269/480 vars: 2048 states, 163840 arcs 
Composite transition system with 269/480 vars: init h=4
Difference of init h values: 0
t=264.962s (after merging)
Composite transition system with 269/480 vars: not applying abstraction (same number of states)
Current peak memory increase of merge-and-shrink computation: 78848 KB

Next pair of indices: (269, 747)
Atomic transition system #269: 2 states, 6 arcs 
Atomic transition system #269: init h=0
Composite transition system with 269/480 vars: 2048 states, 163840 arcs 
Composite transition system with 269/480 vars: init h=4
t=265.377s (after computation of next merge)
Atomic transition system #269: current size: 2 (shrink threshold: 1)
Atomic transition system #269: applying abstraction (2 to 1 states)
Atomic transition system #269: simplification was not f-preserving!
Atomic transition system #269: computing init and goal distances using unit-cost algorithm
Atomic transition system #269: 1 states, 1 arcs 
Atomic transition system #269: init h=0
Composite transition system with 269/480 vars: current size: 2048 (shrink threshold: 1)
Composite transition system with 269/480 vars: not applying abstraction (same number of states)
t=265.412s (after shrinking)
Merging atomic transition system #269 and composite transition system with 269/480 vars
Composite transition system with 270/480 vars: computing init and goal distances using unit-cost algorithm
Composite transition system with 270/480 vars: 2048 states, 163840 arcs 
Composite transition system with 270/480 vars: init h=4
Difference of init h values: 0
t=265.42s (after merging)
Composite transition system with 270/480 vars: not applying abstraction (same number of states)
Current peak memory increase of merge-and-shrink computation: 78848 KB

Next pair of indices: (270, 748)
Atomic transition system #270: 2 states, 6 arcs 
Atomic transition system #270: init h=0
Composite transition system with 270/480 vars: 2048 states, 163840 arcs 
Composite transition system with 270/480 vars: init h=4
t=265.831s (after computation of next merge)
Atomic transition system #270: current size: 2 (shrink threshold: 1)
Atomic transition system #270: applying abstraction (2 to 1 states)
Atomic transition system #270: simplification was not f-preserving!
Atomic transition system #270: computing init and goal distances using unit-cost algorithm
Atomic transition system #270: 1 states, 1 arcs 
Atomic transition system #270: init h=0
Composite transition system with 270/480 vars: current size: 2048 (shrink threshold: 1)
Composite transition system with 270/480 vars: not applying abstraction (same number of states)
t=265.865s (after shrinking)
Merging atomic transition system #270 and composite transition system with 270/480 vars
Composite transition system with 271/480 vars: computing init and goal distances using unit-cost algorithm
Composite transition system with 271/480 vars: 2048 states, 163840 arcs 
Composite transition system with 271/480 vars: init h=4
Difference of init h values: 0
t=265.873s (after merging)
Composite transition system with 271/480 vars: not applying abstraction (same number of states)
Current peak memory increase of merge-and-shrink computation: 78848 KB

Next pair of indices: (271, 749)
Atomic transition system #271: 2 states, 6 arcs 
Atomic transition system #271: init h=0
Composite transition system with 271/480 vars: 2048 states, 163840 arcs 
Composite transition system with 271/480 vars: init h=4
t=266.28s (after computation of next merge)
Atomic transition system #271: current size: 2 (shrink threshold: 1)
Atomic transition system #271: applying abstraction (2 to 1 states)
Atomic transition system #271: simplification was not f-preserving!
Atomic transition system #271: computing init and goal distances using unit-cost algorithm
Atomic transition system #271: 1 states, 1 arcs 
Atomic transition system #271: init h=0
Composite transition system with 271/480 vars: current size: 2048 (shrink threshold: 1)
Composite transition system with 271/480 vars: not applying abstraction (same number of states)
t=266.313s (after shrinking)
Merging atomic transition system #271 and composite transition system with 271/480 vars
Composite transition system with 272/480 vars: computing init and goal distances using unit-cost algorithm
Composite transition system with 272/480 vars: 2048 states, 163840 arcs 
Composite transition system with 272/480 vars: init h=4
Difference of init h values: 0
t=266.319s (after merging)
Composite transition system with 272/480 vars: not applying abstraction (same number of states)
Current peak memory increase of merge-and-shrink computation: 78848 KB

Next pair of indices: (272, 750)
Atomic transition system #272: 2 states, 6 arcs 
Atomic transition system #272: init h=0
Composite transition system with 272/480 vars: 2048 states, 163840 arcs 
Composite transition system with 272/480 vars: init h=4
t=266.72s (after computation of next merge)
Atomic transition system #272: current size: 2 (shrink threshold: 1)
Atomic transition system #272: applying abstraction (2 to 1 states)
Atomic transition system #272: simplification was not f-preserving!
Atomic transition system #272: computing init and goal distances using unit-cost algorithm
Atomic transition system #272: 1 states, 1 arcs 
Atomic transition system #272: init h=0
Composite transition system with 272/480 vars: current size: 2048 (shrink threshold: 1)
Composite transition system with 272/480 vars: not applying abstraction (same number of states)
t=266.755s (after shrinking)
Merging atomic transition system #272 and composite transition system with 272/480 vars
Composite transition system with 273/480 vars: computing init and goal distances using unit-cost algorithm
Composite transition system with 273/480 vars: 2048 states, 163840 arcs 
Composite transition system with 273/480 vars: init h=4
Difference of init h values: 0
t=266.762s (after merging)
Composite transition system with 273/480 vars: not applying abstraction (same number of states)
Current peak memory increase of merge-and-shrink computation: 78848 KB

Next pair of indices: (273, 751)
Atomic transition system #273: 2 states, 6 arcs 
Atomic transition system #273: init h=0
Composite transition system with 273/480 vars: 2048 states, 163840 arcs 
Composite transition system with 273/480 vars: init h=4
t=267.162s (after computation of next merge)
Atomic transition system #273: current size: 2 (shrink threshold: 1)
Atomic transition system #273: applying abstraction (2 to 1 states)
Atomic transition system #273: simplification was not f-preserving!
Atomic transition system #273: computing init and goal distances using unit-cost algorithm
Atomic transition system #273: 1 states, 1 arcs 
Atomic transition system #273: init h=0
Composite transition system with 273/480 vars: current size: 2048 (shrink threshold: 1)
Composite transition system with 273/480 vars: not applying abstraction (same number of states)
t=267.196s (after shrinking)
Merging atomic transition system #273 and composite transition system with 273/480 vars
Composite transition system with 274/480 vars: computing init and goal distances using unit-cost algorithm
Composite transition system with 274/480 vars: 2048 states, 163840 arcs 
Composite transition system with 274/480 vars: init h=4
Difference of init h values: 0
t=267.202s (after merging)
Composite transition system with 274/480 vars: not applying abstraction (same number of states)
Current peak memory increase of merge-and-shrink computation: 78848 KB

Next pair of indices: (274, 752)
Atomic transition system #274: 2 states, 6 arcs 
Atomic transition system #274: init h=0
Composite transition system with 274/480 vars: 2048 states, 163840 arcs 
Composite transition system with 274/480 vars: init h=4
t=267.599s (after computation of next merge)
Atomic transition system #274: current size: 2 (shrink threshold: 1)
Atomic transition system #274: applying abstraction (2 to 1 states)
Atomic transition system #274: simplification was not f-preserving!
Atomic transition system #274: computing init and goal distances using unit-cost algorithm
Atomic transition system #274: 1 states, 1 arcs 
Atomic transition system #274: init h=0
Composite transition system with 274/480 vars: current size: 2048 (shrink threshold: 1)
Composite transition system with 274/480 vars: not applying abstraction (same number of states)
t=267.634s (after shrinking)
Merging atomic transition system #274 and composite transition system with 274/480 vars
Composite transition system with 275/480 vars: computing init and goal distances using unit-cost algorithm
Composite transition system with 275/480 vars: 2048 states, 163840 arcs 
Composite transition system with 275/480 vars: init h=4
Difference of init h values: 0
t=267.64s (after merging)
Composite transition system with 275/480 vars: not applying abstraction (same number of states)
Current peak memory increase of merge-and-shrink computation: 78848 KB

Next pair of indices: (275, 753)
Atomic transition system #275: 2 states, 6 arcs 
Atomic transition system #275: init h=0
Composite transition system with 275/480 vars: 2048 states, 163840 arcs 
Composite transition system with 275/480 vars: init h=4
t=268.039s (after computation of next merge)
Atomic transition system #275: current size: 2 (shrink threshold: 1)
Atomic transition system #275: applying abstraction (2 to 1 states)
Atomic transition system #275: simplification was not f-preserving!
Atomic transition system #275: computing init and goal distances using unit-cost algorithm
Atomic transition system #275: 1 states, 1 arcs 
Atomic transition system #275: init h=0
Composite transition system with 275/480 vars: current size: 2048 (shrink threshold: 1)
Composite transition system with 275/480 vars: not applying abstraction (same number of states)
t=268.075s (after shrinking)
Merging atomic transition system #275 and composite transition system with 275/480 vars
Composite transition system with 276/480 vars: computing init and goal distances using unit-cost algorithm
Composite transition system with 276/480 vars: 2048 states, 163840 arcs 
Composite transition system with 276/480 vars: init h=4
Difference of init h values: 0
t=268.081s (after merging)
Composite transition system with 276/480 vars: not applying abstraction (same number of states)
Current peak memory increase of merge-and-shrink computation: 78848 KB

Next pair of indices: (276, 754)
Atomic transition system #276: 2 states, 6 arcs 
Atomic transition system #276: init h=0
Composite transition system with 276/480 vars: 2048 states, 163840 arcs 
Composite transition system with 276/480 vars: init h=4
t=268.482s (after computation of next merge)
Atomic transition system #276: current size: 2 (shrink threshold: 1)
Atomic transition system #276: applying abstraction (2 to 1 states)
Atomic transition system #276: simplification was not f-preserving!
Atomic transition system #276: computing init and goal distances using unit-cost algorithm
Atomic transition system #276: 1 states, 1 arcs 
Atomic transition system #276: init h=0
Composite transition system with 276/480 vars: current size: 2048 (shrink threshold: 1)
Composite transition system with 276/480 vars: not applying abstraction (same number of states)
t=268.518s (after shrinking)
Merging atomic transition system #276 and composite transition system with 276/480 vars
Composite transition system with 277/480 vars: computing init and goal distances using unit-cost algorithm
Composite transition system with 277/480 vars: 2048 states, 163840 arcs 
Composite transition system with 277/480 vars: init h=4
Difference of init h values: 0
t=268.525s (after merging)
Composite transition system with 277/480 vars: not applying abstraction (same number of states)
Current peak memory increase of merge-and-shrink computation: 78848 KB

Next pair of indices: (277, 755)
Atomic transition system #277: 2 states, 6 arcs 
Atomic transition system #277: init h=0
Composite transition system with 277/480 vars: 2048 states, 163840 arcs 
Composite transition system with 277/480 vars: init h=4
t=268.928s (after computation of next merge)
Atomic transition system #277: current size: 2 (shrink threshold: 1)
Atomic transition system #277: applying abstraction (2 to 1 states)
Atomic transition system #277: simplification was not f-preserving!
Atomic transition system #277: computing init and goal distances using unit-cost algorithm
Atomic transition system #277: 1 states, 1 arcs 
Atomic transition system #277: init h=0
Composite transition system with 277/480 vars: current size: 2048 (shrink threshold: 1)
Composite transition system with 277/480 vars: not applying abstraction (same number of states)
t=268.963s (after shrinking)
Merging atomic transition system #277 and composite transition system with 277/480 vars
Composite transition system with 278/480 vars: computing init and goal distances using unit-cost algorithm
Composite transition system with 278/480 vars: 2048 states, 163840 arcs 
Composite transition system with 278/480 vars: init h=4
Difference of init h values: 0
t=268.969s (after merging)
Composite transition system with 278/480 vars: not applying abstraction (same number of states)
Current peak memory increase of merge-and-shrink computation: 78848 KB

Next pair of indices: (278, 756)
Atomic transition system #278: 2 states, 6 arcs 
Atomic transition system #278: init h=0
Composite transition system with 278/480 vars: 2048 states, 163840 arcs 
Composite transition system with 278/480 vars: init h=4
t=269.37s (after computation of next merge)
Atomic transition system #278: current size: 2 (shrink threshold: 1)
Atomic transition system #278: applying abstraction (2 to 1 states)
Atomic transition system #278: simplification was not f-preserving!
Atomic transition system #278: computing init and goal distances using unit-cost algorithm
Atomic transition system #278: 1 states, 1 arcs 
Atomic transition system #278: init h=0
Composite transition system with 278/480 vars: current size: 2048 (shrink threshold: 1)
Composite transition system with 278/480 vars: not applying abstraction (same number of states)
t=269.404s (after shrinking)
Merging atomic transition system #278 and composite transition system with 278/480 vars
Composite transition system with 279/480 vars: computing init and goal distances using unit-cost algorithm
Composite transition system with 279/480 vars: 2048 states, 163840 arcs 
Composite transition system with 279/480 vars: init h=4
Difference of init h values: 0
t=269.409s (after merging)
Composite transition system with 279/480 vars: not applying abstraction (same number of states)
Current peak memory increase of merge-and-shrink computation: 78848 KB

Next pair of indices: (279, 757)
Atomic transition system #279: 2 states, 6 arcs 
Atomic transition system #279: init h=0
Composite transition system with 279/480 vars: 2048 states, 163840 arcs 
Composite transition system with 279/480 vars: init h=4
t=269.796s (after computation of next merge)
Atomic transition system #279: current size: 2 (shrink threshold: 1)
Atomic transition system #279: applying abstraction (2 to 1 states)
Atomic transition system #279: simplification was not f-preserving!
Atomic transition system #279: computing init and goal distances using unit-cost algorithm
Atomic transition system #279: 1 states, 1 arcs 
Atomic transition system #279: init h=0
Composite transition system with 279/480 vars: current size: 2048 (shrink threshold: 1)
Composite transition system with 279/480 vars: not applying abstraction (same number of states)
t=269.829s (after shrinking)
Merging atomic transition system #279 and composite transition system with 279/480 vars
Composite transition system with 280/480 vars: computing init and goal distances using unit-cost algorithm
Composite transition system with 280/480 vars: 2048 states, 163840 arcs 
Composite transition system with 280/480 vars: init h=4
Difference of init h values: 0
t=269.835s (after merging)
Composite transition system with 280/480 vars: not applying abstraction (same number of states)
Current peak memory increase of merge-and-shrink computation: 78848 KB

Next pair of indices: (280, 758)
Atomic transition system #280: 2 states, 6 arcs 
Atomic transition system #280: init h=0
Composite transition system with 280/480 vars: 2048 states, 163840 arcs 
Composite transition system with 280/480 vars: init h=4
t=270.219s (after computation of next merge)
Atomic transition system #280: current size: 2 (shrink threshold: 1)
Atomic transition system #280: applying abstraction (2 to 1 states)
Atomic transition system #280: simplification was not f-preserving!
Atomic transition system #280: computing init and goal distances using unit-cost algorithm
Atomic transition system #280: 1 states, 1 arcs 
Atomic transition system #280: init h=0
Composite transition system with 280/480 vars: current size: 2048 (shrink threshold: 1)
Composite transition system with 280/480 vars: not applying abstraction (same number of states)
t=270.256s (after shrinking)
Merging atomic transition system #280 and composite transition system with 280/480 vars
Composite transition system with 281/480 vars: computing init and goal distances using unit-cost algorithm
Composite transition system with 281/480 vars: 2048 states, 163840 arcs 
Composite transition system with 281/480 vars: init h=4
Difference of init h values: 0
t=270.261s (after merging)
Composite transition system with 281/480 vars: not applying abstraction (same number of states)
Current peak memory increase of merge-and-shrink computation: 78848 KB

Next pair of indices: (281, 759)
Atomic transition system #281: 2 states, 6 arcs 
Atomic transition system #281: init h=0
Composite transition system with 281/480 vars: 2048 states, 163840 arcs 
Composite transition system with 281/480 vars: init h=4
t=270.638s (after computation of next merge)
Atomic transition system #281: current size: 2 (shrink threshold: 1)
Atomic transition system #281: applying abstraction (2 to 1 states)
Atomic transition system #281: simplification was not f-preserving!
Atomic transition system #281: computing init and goal distances using unit-cost algorithm
Atomic transition system #281: 1 states, 1 arcs 
Atomic transition system #281: init h=0
Composite transition system with 281/480 vars: current size: 2048 (shrink threshold: 1)
Composite transition system with 281/480 vars: not applying abstraction (same number of states)
t=270.671s (after shrinking)
Merging atomic transition system #281 and composite transition system with 281/480 vars
Composite transition system with 282/480 vars: computing init and goal distances using unit-cost algorithm
Composite transition system with 282/480 vars: 2048 states, 163840 arcs 
Composite transition system with 282/480 vars: init h=4
Difference of init h values: 0
t=270.677s (after merging)
Composite transition system with 282/480 vars: not applying abstraction (same number of states)
Current peak memory increase of merge-and-shrink computation: 78848 KB

Next pair of indices: (282, 760)
Atomic transition system #282: 2 states, 6 arcs 
Atomic transition system #282: init h=0
Composite transition system with 282/480 vars: 2048 states, 163840 arcs 
Composite transition system with 282/480 vars: init h=4
t=271.072s (after computation of next merge)
Atomic transition system #282: current size: 2 (shrink threshold: 1)
Atomic transition system #282: applying abstraction (2 to 1 states)
Atomic transition system #282: simplification was not f-preserving!
Atomic transition system #282: computing init and goal distances using unit-cost algorithm
Atomic transition system #282: 1 states, 1 arcs 
Atomic transition system #282: init h=0
Composite transition system with 282/480 vars: current size: 2048 (shrink threshold: 1)
Composite transition system with 282/480 vars: not applying abstraction (same number of states)
t=271.103s (after shrinking)
Merging atomic transition system #282 and composite transition system with 282/480 vars
Composite transition system with 283/480 vars: computing init and goal distances using unit-cost algorithm
Composite transition system with 283/480 vars: 2048 states, 163840 arcs 
Composite transition system with 283/480 vars: init h=4
Difference of init h values: 0
t=271.109s (after merging)
Composite transition system with 283/480 vars: not applying abstraction (same number of states)
Current peak memory increase of merge-and-shrink computation: 78848 KB

Next pair of indices: (283, 761)
Atomic transition system #283: 2 states, 6 arcs 
Atomic transition system #283: init h=0
Composite transition system with 283/480 vars: 2048 states, 163840 arcs 
Composite transition system with 283/480 vars: init h=4
t=271.494s (after computation of next merge)
Atomic transition system #283: current size: 2 (shrink threshold: 1)
Atomic transition system #283: applying abstraction (2 to 1 states)
Atomic transition system #283: simplification was not f-preserving!
Atomic transition system #283: computing init and goal distances using unit-cost algorithm
Atomic transition system #283: 1 states, 1 arcs 
Atomic transition system #283: init h=0
Composite transition system with 283/480 vars: current size: 2048 (shrink threshold: 1)
Composite transition system with 283/480 vars: not applying abstraction (same number of states)
t=271.525s (after shrinking)
Merging atomic transition system #283 and composite transition system with 283/480 vars
Composite transition system with 284/480 vars: computing init and goal distances using unit-cost algorithm
Composite transition system with 284/480 vars: 2048 states, 163840 arcs 
Composite transition system with 284/480 vars: init h=4
Difference of init h values: 0
t=271.532s (after merging)
Composite transition system with 284/480 vars: not applying abstraction (same number of states)
Current peak memory increase of merge-and-shrink computation: 78848 KB

Next pair of indices: (284, 762)
Atomic transition system #284: 2 states, 6 arcs 
Atomic transition system #284: init h=0
Composite transition system with 284/480 vars: 2048 states, 163840 arcs 
Composite transition system with 284/480 vars: init h=4
t=271.907s (after computation of next merge)
Atomic transition system #284: current size: 2 (shrink threshold: 1)
Atomic transition system #284: applying abstraction (2 to 1 states)
Atomic transition system #284: simplification was not f-preserving!
Atomic transition system #284: computing init and goal distances using unit-cost algorithm
Atomic transition system #284: 1 states, 1 arcs 
Atomic transition system #284: init h=0
Composite transition system with 284/480 vars: current size: 2048 (shrink threshold: 1)
Composite transition system with 284/480 vars: not applying abstraction (same number of states)
t=271.939s (after shrinking)
Merging atomic transition system #284 and composite transition system with 284/480 vars
Composite transition system with 285/480 vars: computing init and goal distances using unit-cost algorithm
Composite transition system with 285/480 vars: 2048 states, 163840 arcs 
Composite transition system with 285/480 vars: init h=4
Difference of init h values: 0
t=271.945s (after merging)
Composite transition system with 285/480 vars: not applying abstraction (same number of states)
Current peak memory increase of merge-and-shrink computation: 78848 KB

Next pair of indices: (285, 763)
Atomic transition system #285: 2 states, 6 arcs 
Atomic transition system #285: init h=0
Composite transition system with 285/480 vars: 2048 states, 163840 arcs 
Composite transition system with 285/480 vars: init h=4
t=272.326s (after computation of next merge)
Atomic transition system #285: current size: 2 (shrink threshold: 1)
Atomic transition system #285: applying abstraction (2 to 1 states)
Atomic transition system #285: simplification was not f-preserving!
Atomic transition system #285: computing init and goal distances using unit-cost algorithm
Atomic transition system #285: 1 states, 1 arcs 
Atomic transition system #285: init h=0
Composite transition system with 285/480 vars: current size: 2048 (shrink threshold: 1)
Composite transition system with 285/480 vars: not applying abstraction (same number of states)
t=272.358s (after shrinking)
Merging atomic transition system #285 and composite transition system with 285/480 vars
Composite transition system with 286/480 vars: computing init and goal distances using unit-cost algorithm
Composite transition system with 286/480 vars: 2048 states, 163840 arcs 
Composite transition system with 286/480 vars: init h=4
Difference of init h values: 0
t=272.364s (after merging)
Composite transition system with 286/480 vars: not applying abstraction (same number of states)
Current peak memory increase of merge-and-shrink computation: 78848 KB

Next pair of indices: (286, 764)
Atomic transition system #286: 2 states, 6 arcs 
Atomic transition system #286: init h=0
Composite transition system with 286/480 vars: 2048 states, 163840 arcs 
Composite transition system with 286/480 vars: init h=4
t=272.732s (after computation of next merge)
Atomic transition system #286: current size: 2 (shrink threshold: 1)
Atomic transition system #286: applying abstraction (2 to 1 states)
Atomic transition system #286: simplification was not f-preserving!
Atomic transition system #286: computing init and goal distances using unit-cost algorithm
Atomic transition system #286: 1 states, 1 arcs 
Atomic transition system #286: init h=0
Composite transition system with 286/480 vars: current size: 2048 (shrink threshold: 1)
Composite transition system with 286/480 vars: not applying abstraction (same number of states)
t=272.763s (after shrinking)
Merging atomic transition system #286 and composite transition system with 286/480 vars
Composite transition system with 287/480 vars: computing init and goal distances using unit-cost algorithm
Composite transition system with 287/480 vars: 2048 states, 163840 arcs 
Composite transition system with 287/480 vars: init h=4
Difference of init h values: 0
t=272.769s (after merging)
Composite transition system with 287/480 vars: not applying abstraction (same number of states)
Current peak memory increase of merge-and-shrink computation: 78848 KB

Next pair of indices: (287, 765)
Atomic transition system #287: 2 states, 6 arcs 
Atomic transition system #287: init h=1
Composite transition system with 287/480 vars: 2048 states, 163840 arcs 
Composite transition system with 287/480 vars: init h=4
t=273.152s (after computation of next merge)
Atomic transition system #287: current size: 2 (shrink threshold: 1)
Atomic transition system #287: not applying abstraction (same number of states)
Composite transition system with 287/480 vars: current size: 2048 (shrink threshold: 1)
Composite transition system with 287/480 vars: not applying abstraction (same number of states)
Merging atomic transition system #287 and composite transition system with 287/480 vars
Composite transition system with 288/480 vars: computing init and goal distances using unit-cost algorithm
Composite transition system with 288/480 vars: 4096 states, 393216 arcs 
Composite transition system with 288/480 vars: init h=4
Difference of init h values: 0
t=273.208s (after merging)
Composite transition system with 288/480 vars: not applying abstraction (same number of states)
Current peak memory increase of merge-and-shrink computation: 78848 KB

Next pair of indices: (288, 766)
Atomic transition system #288: 2 states, 6 arcs 
Atomic transition system #288: init h=0
Composite transition system with 288/480 vars: 4096 states, 393216 arcs 
Composite transition system with 288/480 vars: init h=4
t=273.551s (after computation of next merge)
Atomic transition system #288: current size: 2 (shrink threshold: 1)
Atomic transition system #288: applying abstraction (2 to 1 states)
Atomic transition system #288: simplification was not f-preserving!
Atomic transition system #288: computing init and goal distances using unit-cost algorithm
Atomic transition system #288: 1 states, 1 arcs 
Atomic transition system #288: init h=0
Composite transition system with 288/480 vars: current size: 4096 (shrink threshold: 1)
Composite transition system with 288/480 vars: not applying abstraction (same number of states)
t=273.61s (after shrinking)
Merging atomic transition system #288 and composite transition system with 288/480 vars
Composite transition system with 289/480 vars: computing init and goal distances using unit-cost algorithm
Composite transition system with 289/480 vars: 4096 states, 393216 arcs 
Composite transition system with 289/480 vars: init h=4
Difference of init h values: 0
t=273.623s (after merging)
Composite transition system with 289/480 vars: not applying abstraction (same number of states)
Current peak memory increase of merge-and-shrink computation: 78848 KB

Next pair of indices: (289, 767)
Atomic transition system #289: 2 states, 6 arcs 
Atomic transition system #289: init h=0
Composite transition system with 289/480 vars: 4096 states, 393216 arcs 
Composite transition system with 289/480 vars: init h=4
t=273.96s (after computation of next merge)
Atomic transition system #289: current size: 2 (shrink threshold: 1)
Atomic transition system #289: applying abstraction (2 to 1 states)
Atomic transition system #289: simplification was not f-preserving!
Atomic transition system #289: computing init and goal distances using unit-cost algorithm
Atomic transition system #289: 1 states, 1 arcs 
Atomic transition system #289: init h=0
Composite transition system with 289/480 vars: current size: 4096 (shrink threshold: 1)
Composite transition system with 289/480 vars: not applying abstraction (same number of states)
t=274.02s (after shrinking)
Merging atomic transition system #289 and composite transition system with 289/480 vars
Composite transition system with 290/480 vars: computing init and goal distances using unit-cost algorithm
Composite transition system with 290/480 vars: 4096 states, 393216 arcs 
Composite transition system with 290/480 vars: init h=4
Difference of init h values: 0
t=274.034s (after merging)
Composite transition system with 290/480 vars: not applying abstraction (same number of states)
Current peak memory increase of merge-and-shrink computation: 78848 KB

Next pair of indices: (290, 768)
Atomic transition system #290: 2 states, 6 arcs 
Atomic transition system #290: init h=0
Composite transition system with 290/480 vars: 4096 states, 393216 arcs 
Composite transition system with 290/480 vars: init h=4
t=274.389s (after computation of next merge)
Atomic transition system #290: current size: 2 (shrink threshold: 1)
Atomic transition system #290: applying abstraction (2 to 1 states)
Atomic transition system #290: simplification was not f-preserving!
Atomic transition system #290: computing init and goal distances using unit-cost algorithm
Atomic transition system #290: 1 states, 1 arcs 
Atomic transition system #290: init h=0
Composite transition system with 290/480 vars: current size: 4096 (shrink threshold: 1)
Composite transition system with 290/480 vars: not applying abstraction (same number of states)
t=274.451s (after shrinking)
Merging atomic transition system #290 and composite transition system with 290/480 vars
Composite transition system with 291/480 vars: computing init and goal distances using unit-cost algorithm
Composite transition system with 291/480 vars: 4096 states, 393216 arcs 
Composite transition system with 291/480 vars: init h=4
Difference of init h values: 0
t=274.467s (after merging)
Composite transition system with 291/480 vars: not applying abstraction (same number of states)
Current peak memory increase of merge-and-shrink computation: 78848 KB

Next pair of indices: (291, 769)
Atomic transition system #291: 2 states, 6 arcs 
Atomic transition system #291: init h=0
Composite transition system with 291/480 vars: 4096 states, 393216 arcs 
Composite transition system with 291/480 vars: init h=4
t=274.804s (after computation of next merge)
Atomic transition system #291: current size: 2 (shrink threshold: 1)
Atomic transition system #291: applying abstraction (2 to 1 states)
Atomic transition system #291: simplification was not f-preserving!
Atomic transition system #291: computing init and goal distances using unit-cost algorithm
Atomic transition system #291: 1 states, 1 arcs 
Atomic transition system #291: init h=0
Composite transition system with 291/480 vars: current size: 4096 (shrink threshold: 1)
Composite transition system with 291/480 vars: not applying abstraction (same number of states)
t=274.868s (after shrinking)
Merging atomic transition system #291 and composite transition system with 291/480 vars
Composite transition system with 292/480 vars: computing init and goal distances using unit-cost algorithm
Composite transition system with 292/480 vars: 4096 states, 393216 arcs 
Composite transition system with 292/480 vars: init h=4
Difference of init h values: 0
t=274.882s (after merging)
Composite transition system with 292/480 vars: not applying abstraction (same number of states)
Current peak memory increase of merge-and-shrink computation: 78848 KB

Next pair of indices: (292, 770)
Atomic transition system #292: 2 states, 6 arcs 
Atomic transition system #292: init h=0
Composite transition system with 292/480 vars: 4096 states, 393216 arcs 
Composite transition system with 292/480 vars: init h=4
t=275.224s (after computation of next merge)
Atomic transition system #292: current size: 2 (shrink threshold: 1)
Atomic transition system #292: applying abstraction (2 to 1 states)
Atomic transition system #292: simplification was not f-preserving!
Atomic transition system #292: computing init and goal distances using unit-cost algorithm
Atomic transition system #292: 1 states, 1 arcs 
Atomic transition system #292: init h=0
Composite transition system with 292/480 vars: current size: 4096 (shrink threshold: 1)
Composite transition system with 292/480 vars: not applying abstraction (same number of states)
t=275.288s (after shrinking)
Merging atomic transition system #292 and composite transition system with 292/480 vars
Composite transition system with 293/480 vars: computing init and goal distances using unit-cost algorithm
Composite transition system with 293/480 vars: 4096 states, 393216 arcs 
Composite transition system with 293/480 vars: init h=4
Difference of init h values: 0
t=275.303s (after merging)
Composite transition system with 293/480 vars: not applying abstraction (same number of states)
Current peak memory increase of merge-and-shrink computation: 78848 KB

Next pair of indices: (293, 771)
Atomic transition system #293: 2 states, 6 arcs 
Atomic transition system #293: init h=0
Composite transition system with 293/480 vars: 4096 states, 393216 arcs 
Composite transition system with 293/480 vars: init h=4
t=275.643s (after computation of next merge)
Atomic transition system #293: current size: 2 (shrink threshold: 1)
Atomic transition system #293: applying abstraction (2 to 1 states)
Atomic transition system #293: simplification was not f-preserving!
Atomic transition system #293: computing init and goal distances using unit-cost algorithm
Atomic transition system #293: 1 states, 1 arcs 
Atomic transition system #293: init h=0
Composite transition system with 293/480 vars: current size: 4096 (shrink threshold: 1)
Composite transition system with 293/480 vars: not applying abstraction (same number of states)
t=275.702s (after shrinking)
Merging atomic transition system #293 and composite transition system with 293/480 vars
Composite transition system with 294/480 vars: computing init and goal distances using unit-cost algorithm
Composite transition system with 294/480 vars: 4096 states, 393216 arcs 
Composite transition system with 294/480 vars: init h=4
Difference of init h values: 0
t=275.721s (after merging)
Composite transition system with 294/480 vars: not applying abstraction (same number of states)
Current peak memory increase of merge-and-shrink computation: 78848 KB

Next pair of indices: (294, 772)
Atomic transition system #294: 2 states, 6 arcs 
Atomic transition system #294: init h=0
Composite transition system with 294/480 vars: 4096 states, 393216 arcs 
Composite transition system with 294/480 vars: init h=4
t=276.054s (after computation of next merge)
Atomic transition system #294: current size: 2 (shrink threshold: 1)
Atomic transition system #294: applying abstraction (2 to 1 states)
Atomic transition system #294: simplification was not f-preserving!
Atomic transition system #294: computing init and goal distances using unit-cost algorithm
Atomic transition system #294: 1 states, 1 arcs 
Atomic transition system #294: init h=0
Composite transition system with 294/480 vars: current size: 4096 (shrink threshold: 1)
Composite transition system with 294/480 vars: not applying abstraction (same number of states)
t=276.112s (after shrinking)
Merging atomic transition system #294 and composite transition system with 294/480 vars
Composite transition system with 295/480 vars: computing init and goal distances using unit-cost algorithm
Composite transition system with 295/480 vars: 4096 states, 393216 arcs 
Composite transition system with 295/480 vars: init h=4
Difference of init h values: 0
t=276.126s (after merging)
Composite transition system with 295/480 vars: not applying abstraction (same number of states)
Current peak memory increase of merge-and-shrink computation: 78848 KB

Next pair of indices: (295, 773)
Atomic transition system #295: 2 states, 6 arcs 
Atomic transition system #295: init h=0
Composite transition system with 295/480 vars: 4096 states, 393216 arcs 
Composite transition system with 295/480 vars: init h=4
t=276.448s (after computation of next merge)
Atomic transition system #295: current size: 2 (shrink threshold: 1)
Atomic transition system #295: applying abstraction (2 to 1 states)
Atomic transition system #295: simplification was not f-preserving!
Atomic transition system #295: computing init and goal distances using unit-cost algorithm
Atomic transition system #295: 1 states, 1 arcs 
Atomic transition system #295: init h=0
Composite transition system with 295/480 vars: current size: 4096 (shrink threshold: 1)
Composite transition system with 295/480 vars: not applying abstraction (same number of states)
t=276.507s (after shrinking)
Merging atomic transition system #295 and composite transition system with 295/480 vars
Composite transition system with 296/480 vars: computing init and goal distances using unit-cost algorithm
Composite transition system with 296/480 vars: 4096 states, 393216 arcs 
Composite transition system with 296/480 vars: init h=4
Difference of init h values: 0
t=276.52s (after merging)
Composite transition system with 296/480 vars: not applying abstraction (same number of states)
Current peak memory increase of merge-and-shrink computation: 78848 KB

Next pair of indices: (296, 774)
Atomic transition system #296: 2 states, 6 arcs 
Atomic transition system #296: init h=0
Composite transition system with 296/480 vars: 4096 states, 393216 arcs 
Composite transition system with 296/480 vars: init h=4
t=276.84s (after computation of next merge)
Atomic transition system #296: current size: 2 (shrink threshold: 1)
Atomic transition system #296: applying abstraction (2 to 1 states)
Atomic transition system #296: simplification was not f-preserving!
Atomic transition system #296: computing init and goal distances using unit-cost algorithm
Atomic transition system #296: 1 states, 1 arcs 
Atomic transition system #296: init h=0
Composite transition system with 296/480 vars: current size: 4096 (shrink threshold: 1)
Composite transition system with 296/480 vars: not applying abstraction (same number of states)
t=276.901s (after shrinking)
Merging atomic transition system #296 and composite transition system with 296/480 vars
Composite transition system with 297/480 vars: computing init and goal distances using unit-cost algorithm
Composite transition system with 297/480 vars: 4096 states, 393216 arcs 
Composite transition system with 297/480 vars: init h=4
Difference of init h values: 0
t=276.914s (after merging)
Composite transition system with 297/480 vars: not applying abstraction (same number of states)
Current peak memory increase of merge-and-shrink computation: 78848 KB

Next pair of indices: (297, 775)
Atomic transition system #297: 2 states, 6 arcs 
Atomic transition system #297: init h=0
Composite transition system with 297/480 vars: 4096 states, 393216 arcs 
Composite transition system with 297/480 vars: init h=4
t=277.25s (after computation of next merge)
Atomic transition system #297: current size: 2 (shrink threshold: 1)
Atomic transition system #297: applying abstraction (2 to 1 states)
Atomic transition system #297: simplification was not f-preserving!
Atomic transition system #297: computing init and goal distances using unit-cost algorithm
Atomic transition system #297: 1 states, 1 arcs 
Atomic transition system #297: init h=0
Composite transition system with 297/480 vars: current size: 4096 (shrink threshold: 1)
Composite transition system with 297/480 vars: not applying abstraction (same number of states)
t=277.306s (after shrinking)
Merging atomic transition system #297 and composite transition system with 297/480 vars
Composite transition system with 298/480 vars: computing init and goal distances using unit-cost algorithm
Composite transition system with 298/480 vars: 4096 states, 393216 arcs 
Composite transition system with 298/480 vars: init h=4
Difference of init h values: 0
t=277.319s (after merging)
Composite transition system with 298/480 vars: not applying abstraction (same number of states)
Current peak memory increase of merge-and-shrink computation: 78848 KB

Next pair of indices: (298, 776)
Atomic transition system #298: 2 states, 6 arcs 
Atomic transition system #298: init h=0
Composite transition system with 298/480 vars: 4096 states, 393216 arcs 
Composite transition system with 298/480 vars: init h=4
t=277.635s (after computation of next merge)
Atomic transition system #298: current size: 2 (shrink threshold: 1)
Atomic transition system #298: applying abstraction (2 to 1 states)
Atomic transition system #298: simplification was not f-preserving!
Atomic transition system #298: computing init and goal distances using unit-cost algorithm
Atomic transition system #298: 1 states, 1 arcs 
Atomic transition system #298: init h=0
Composite transition system with 298/480 vars: current size: 4096 (shrink threshold: 1)
Composite transition system with 298/480 vars: not applying abstraction (same number of states)
t=277.693s (after shrinking)
Merging atomic transition system #298 and composite transition system with 298/480 vars
Composite transition system with 299/480 vars: computing init and goal distances using unit-cost algorithm
Composite transition system with 299/480 vars: 4096 states, 393216 arcs 
Composite transition system with 299/480 vars: init h=4
Difference of init h values: 0
t=277.711s (after merging)
Composite transition system with 299/480 vars: not applying abstraction (same number of states)
Current peak memory increase of merge-and-shrink computation: 78848 KB

Next pair of indices: (299, 777)
Atomic transition system #299: 2 states, 6 arcs 
Atomic transition system #299: init h=0
Composite transition system with 299/480 vars: 4096 states, 393216 arcs 
Composite transition system with 299/480 vars: init h=4
t=278.037s (after computation of next merge)
Atomic transition system #299: current size: 2 (shrink threshold: 1)
Atomic transition system #299: applying abstraction (2 to 1 states)
Atomic transition system #299: simplification was not f-preserving!
Atomic transition system #299: computing init and goal distances using unit-cost algorithm
Atomic transition system #299: 1 states, 1 arcs 
Atomic transition system #299: init h=0
Composite transition system with 299/480 vars: current size: 4096 (shrink threshold: 1)
Composite transition system with 299/480 vars: not applying abstraction (same number of states)
t=278.097s (after shrinking)
Merging atomic transition system #299 and composite transition system with 299/480 vars
Composite transition system with 300/480 vars: computing init and goal distances using unit-cost algorithm
Composite transition system with 300/480 vars: 4096 states, 393216 arcs 
Composite transition system with 300/480 vars: init h=4
Difference of init h values: 0
t=278.111s (after merging)
Composite transition system with 300/480 vars: not applying abstraction (same number of states)
Current peak memory increase of merge-and-shrink computation: 78848 KB

Next pair of indices: (300, 778)
Atomic transition system #300: 2 states, 6 arcs 
Atomic transition system #300: init h=0
Composite transition system with 300/480 vars: 4096 states, 393216 arcs 
Composite transition system with 300/480 vars: init h=4
t=278.446s (after computation of next merge)
Atomic transition system #300: current size: 2 (shrink threshold: 1)
Atomic transition system #300: applying abstraction (2 to 1 states)
Atomic transition system #300: simplification was not f-preserving!
Atomic transition system #300: computing init and goal distances using unit-cost algorithm
Atomic transition system #300: 1 states, 1 arcs 
Atomic transition system #300: init h=0
Composite transition system with 300/480 vars: current size: 4096 (shrink threshold: 1)
Composite transition system with 300/480 vars: not applying abstraction (same number of states)
t=278.511s (after shrinking)
Merging atomic transition system #300 and composite transition system with 300/480 vars
Composite transition system with 301/480 vars: computing init and goal distances using unit-cost algorithm
Composite transition system with 301/480 vars: 4096 states, 393216 arcs 
Composite transition system with 301/480 vars: init h=4
Difference of init h values: 0
t=278.526s (after merging)
Composite transition system with 301/480 vars: not applying abstraction (same number of states)
Current peak memory increase of merge-and-shrink computation: 78848 KB

Next pair of indices: (301, 779)
Atomic transition system #301: 2 states, 6 arcs 
Atomic transition system #301: init h=0
Composite transition system with 301/480 vars: 4096 states, 393216 arcs 
Composite transition system with 301/480 vars: init h=4
t=278.862s (after computation of next merge)
Atomic transition system #301: current size: 2 (shrink threshold: 1)
Atomic transition system #301: applying abstraction (2 to 1 states)
Atomic transition system #301: simplification was not f-preserving!
Atomic transition system #301: computing init and goal distances using unit-cost algorithm
Atomic transition system #301: 1 states, 1 arcs 
Atomic transition system #301: init h=0
Composite transition system with 301/480 vars: current size: 4096 (shrink threshold: 1)
Composite transition system with 301/480 vars: not applying abstraction (same number of states)
t=278.922s (after shrinking)
Merging atomic transition system #301 and composite transition system with 301/480 vars
Composite transition system with 302/480 vars: computing init and goal distances using unit-cost algorithm
Composite transition system with 302/480 vars: 4096 states, 393216 arcs 
Composite transition system with 302/480 vars: init h=4
Difference of init h values: 0
t=278.936s (after merging)
Composite transition system with 302/480 vars: not applying abstraction (same number of states)
Current peak memory increase of merge-and-shrink computation: 78848 KB

Next pair of indices: (302, 780)
Atomic transition system #302: 2 states, 6 arcs 
Atomic transition system #302: init h=0
Composite transition system with 302/480 vars: 4096 states, 393216 arcs 
Composite transition system with 302/480 vars: init h=4
t=279.261s (after computation of next merge)
Atomic transition system #302: current size: 2 (shrink threshold: 1)
Atomic transition system #302: applying abstraction (2 to 1 states)
Atomic transition system #302: simplification was not f-preserving!
Atomic transition system #302: computing init and goal distances using unit-cost algorithm
Atomic transition system #302: 1 states, 1 arcs 
Atomic transition system #302: init h=0
Composite transition system with 302/480 vars: current size: 4096 (shrink threshold: 1)
Composite transition system with 302/480 vars: not applying abstraction (same number of states)
t=279.322s (after shrinking)
Merging atomic transition system #302 and composite transition system with 302/480 vars
Composite transition system with 303/480 vars: computing init and goal distances using unit-cost algorithm
Composite transition system with 303/480 vars: 4096 states, 393216 arcs 
Composite transition system with 303/480 vars: init h=4
Difference of init h values: 0
t=279.336s (after merging)
Composite transition system with 303/480 vars: not applying abstraction (same number of states)
Current peak memory increase of merge-and-shrink computation: 78848 KB

Next pair of indices: (303, 781)
Atomic transition system #303: 2 states, 6 arcs 
Atomic transition system #303: init h=0
Composite transition system with 303/480 vars: 4096 states, 393216 arcs 
Composite transition system with 303/480 vars: init h=4
t=279.66s (after computation of next merge)
Atomic transition system #303: current size: 2 (shrink threshold: 1)
Atomic transition system #303: applying abstraction (2 to 1 states)
Atomic transition system #303: simplification was not f-preserving!
Atomic transition system #303: computing init and goal distances using unit-cost algorithm
Atomic transition system #303: 1 states, 1 arcs 
Atomic transition system #303: init h=0
Composite transition system with 303/480 vars: current size: 4096 (shrink threshold: 1)
Composite transition system with 303/480 vars: not applying abstraction (same number of states)
t=279.719s (after shrinking)
Merging atomic transition system #303 and composite transition system with 303/480 vars
Composite transition system with 304/480 vars: computing init and goal distances using unit-cost algorithm
Composite transition system with 304/480 vars: 4096 states, 393216 arcs 
Composite transition system with 304/480 vars: init h=4
Difference of init h values: 0
t=279.733s (after merging)
Composite transition system with 304/480 vars: not applying abstraction (same number of states)
Current peak memory increase of merge-and-shrink computation: 78848 KB

Next pair of indices: (304, 782)
Atomic transition system #304: 2 states, 6 arcs 
Atomic transition system #304: init h=0
Composite transition system with 304/480 vars: 4096 states, 393216 arcs 
Composite transition system with 304/480 vars: init h=4
t=280.047s (after computation of next merge)
Atomic transition system #304: current size: 2 (shrink threshold: 1)
Atomic transition system #304: applying abstraction (2 to 1 states)
Atomic transition system #304: simplification was not f-preserving!
Atomic transition system #304: computing init and goal distances using unit-cost algorithm
Atomic transition system #304: 1 states, 1 arcs 
Atomic transition system #304: init h=0
Composite transition system with 304/480 vars: current size: 4096 (shrink threshold: 1)
Composite transition system with 304/480 vars: not applying abstraction (same number of states)
t=280.103s (after shrinking)
Merging atomic transition system #304 and composite transition system with 304/480 vars
Composite transition system with 305/480 vars: computing init and goal distances using unit-cost algorithm
Composite transition system with 305/480 vars: 4096 states, 393216 arcs 
Composite transition system with 305/480 vars: init h=4
Difference of init h values: 0
t=280.117s (after merging)
Composite transition system with 305/480 vars: not applying abstraction (same number of states)
Current peak memory increase of merge-and-shrink computation: 78848 KB

Next pair of indices: (305, 783)
Atomic transition system #305: 2 states, 6 arcs 
Atomic transition system #305: init h=0
Composite transition system with 305/480 vars: 4096 states, 393216 arcs 
Composite transition system with 305/480 vars: init h=4
t=280.427s (after computation of next merge)
Atomic transition system #305: current size: 2 (shrink threshold: 1)
Atomic transition system #305: applying abstraction (2 to 1 states)
Atomic transition system #305: simplification was not f-preserving!
Atomic transition system #305: computing init and goal distances using unit-cost algorithm
Atomic transition system #305: 1 states, 1 arcs 
Atomic transition system #305: init h=0
Composite transition system with 305/480 vars: current size: 4096 (shrink threshold: 1)
Composite transition system with 305/480 vars: not applying abstraction (same number of states)
t=280.49s (after shrinking)
Merging atomic transition system #305 and composite transition system with 305/480 vars
Composite transition system with 306/480 vars: computing init and goal distances using unit-cost algorithm
Composite transition system with 306/480 vars: 4096 states, 393216 arcs 
Composite transition system with 306/480 vars: init h=4
Difference of init h values: 0
t=280.504s (after merging)
Composite transition system with 306/480 vars: not applying abstraction (same number of states)
Current peak memory increase of merge-and-shrink computation: 78848 KB

Next pair of indices: (306, 784)
Atomic transition system #306: 2 states, 6 arcs 
Atomic transition system #306: init h=0
Composite transition system with 306/480 vars: 4096 states, 393216 arcs 
Composite transition system with 306/480 vars: init h=4
t=280.813s (after computation of next merge)
Atomic transition system #306: current size: 2 (shrink threshold: 1)
Atomic transition system #306: applying abstraction (2 to 1 states)
Atomic transition system #306: simplification was not f-preserving!
Atomic transition system #306: computing init and goal distances using unit-cost algorithm
Atomic transition system #306: 1 states, 1 arcs 
Atomic transition system #306: init h=0
Composite transition system with 306/480 vars: current size: 4096 (shrink threshold: 1)
Composite transition system with 306/480 vars: not applying abstraction (same number of states)
t=280.871s (after shrinking)
Merging atomic transition system #306 and composite transition system with 306/480 vars
Composite transition system with 307/480 vars: computing init and goal distances using unit-cost algorithm
Composite transition system with 307/480 vars: 4096 states, 393216 arcs 
Composite transition system with 307/480 vars: init h=4
Difference of init h values: 0
t=280.885s (after merging)
Composite transition system with 307/480 vars: not applying abstraction (same number of states)
Current peak memory increase of merge-and-shrink computation: 78848 KB

Next pair of indices: (307, 785)
Atomic transition system #307: 2 states, 6 arcs 
Atomic transition system #307: init h=0
Composite transition system with 307/480 vars: 4096 states, 393216 arcs 
Composite transition system with 307/480 vars: init h=4
t=281.195s (after computation of next merge)
Atomic transition system #307: current size: 2 (shrink threshold: 1)
Atomic transition system #307: applying abstraction (2 to 1 states)
Atomic transition system #307: simplification was not f-preserving!
Atomic transition system #307: computing init and goal distances using unit-cost algorithm
Atomic transition system #307: 1 states, 1 arcs 
Atomic transition system #307: init h=0
Composite transition system with 307/480 vars: current size: 4096 (shrink threshold: 1)
Composite transition system with 307/480 vars: not applying abstraction (same number of states)
t=281.252s (after shrinking)
Merging atomic transition system #307 and composite transition system with 307/480 vars
Composite transition system with 308/480 vars: computing init and goal distances using unit-cost algorithm
Composite transition system with 308/480 vars: 4096 states, 393216 arcs 
Composite transition system with 308/480 vars: init h=4
Difference of init h values: 0
t=281.266s (after merging)
Composite transition system with 308/480 vars: not applying abstraction (same number of states)
Current peak memory increase of merge-and-shrink computation: 78848 KB

Next pair of indices: (308, 786)
Atomic transition system #308: 2 states, 6 arcs 
Atomic transition system #308: init h=0
Composite transition system with 308/480 vars: 4096 states, 393216 arcs 
Composite transition system with 308/480 vars: init h=4
t=281.577s (after computation of next merge)
Atomic transition system #308: current size: 2 (shrink threshold: 1)
Atomic transition system #308: applying abstraction (2 to 1 states)
Atomic transition system #308: simplification was not f-preserving!
Atomic transition system #308: computing init and goal distances using unit-cost algorithm
Atomic transition system #308: 1 states, 1 arcs 
Atomic transition system #308: init h=0
Composite transition system with 308/480 vars: current size: 4096 (shrink threshold: 1)
Composite transition system with 308/480 vars: not applying abstraction (same number of states)
t=281.636s (after shrinking)
Merging atomic transition system #308 and composite transition system with 308/480 vars
Composite transition system with 309/480 vars: computing init and goal distances using unit-cost algorithm
Composite transition system with 309/480 vars: 4096 states, 393216 arcs 
Composite transition system with 309/480 vars: init h=4
Difference of init h values: 0
t=281.651s (after merging)
Composite transition system with 309/480 vars: not applying abstraction (same number of states)
Current peak memory increase of merge-and-shrink computation: 78848 KB

Next pair of indices: (309, 787)
Atomic transition system #309: 2 states, 6 arcs 
Atomic transition system #309: init h=0
Composite transition system with 309/480 vars: 4096 states, 393216 arcs 
Composite transition system with 309/480 vars: init h=4
t=281.964s (after computation of next merge)
Atomic transition system #309: current size: 2 (shrink threshold: 1)
Atomic transition system #309: applying abstraction (2 to 1 states)
Atomic transition system #309: simplification was not f-preserving!
Atomic transition system #309: computing init and goal distances using unit-cost algorithm
Atomic transition system #309: 1 states, 1 arcs 
Atomic transition system #309: init h=0
Composite transition system with 309/480 vars: current size: 4096 (shrink threshold: 1)
Composite transition system with 309/480 vars: not applying abstraction (same number of states)
t=282.025s (after shrinking)
Merging atomic transition system #309 and composite transition system with 309/480 vars
Composite transition system with 310/480 vars: computing init and goal distances using unit-cost algorithm
Composite transition system with 310/480 vars: 4096 states, 393216 arcs 
Composite transition system with 310/480 vars: init h=4
Difference of init h values: 0
t=282.039s (after merging)
Composite transition system with 310/480 vars: not applying abstraction (same number of states)
Current peak memory increase of merge-and-shrink computation: 78848 KB

Next pair of indices: (310, 788)
Atomic transition system #310: 2 states, 6 arcs 
Atomic transition system #310: init h=0
Composite transition system with 310/480 vars: 4096 states, 393216 arcs 
Composite transition system with 310/480 vars: init h=4
t=282.349s (after computation of next merge)
Atomic transition system #310: current size: 2 (shrink threshold: 1)
Atomic transition system #310: applying abstraction (2 to 1 states)
Atomic transition system #310: simplification was not f-preserving!
Atomic transition system #310: computing init and goal distances using unit-cost algorithm
Atomic transition system #310: 1 states, 1 arcs 
Atomic transition system #310: init h=0
Composite transition system with 310/480 vars: current size: 4096 (shrink threshold: 1)
Composite transition system with 310/480 vars: not applying abstraction (same number of states)
t=282.407s (after shrinking)
Merging atomic transition system #310 and composite transition system with 310/480 vars
Composite transition system with 311/480 vars: computing init and goal distances using unit-cost algorithm
Composite transition system with 311/480 vars: 4096 states, 393216 arcs 
Composite transition system with 311/480 vars: init h=4
Difference of init h values: 0
t=282.421s (after merging)
Composite transition system with 311/480 vars: not applying abstraction (same number of states)
Current peak memory increase of merge-and-shrink computation: 78848 KB

Next pair of indices: (311, 789)
Atomic transition system #311: 2 states, 6 arcs 
Atomic transition system #311: init h=1
Composite transition system with 311/480 vars: 4096 states, 393216 arcs 
Composite transition system with 311/480 vars: init h=4
t=282.717s (after computation of next merge)
Atomic transition system #311: current size: 2 (shrink threshold: 1)
Atomic transition system #311: not applying abstraction (same number of states)
Composite transition system with 311/480 vars: current size: 4096 (shrink threshold: 1)
Composite transition system with 311/480 vars: not applying abstraction (same number of states)
Merging atomic transition system #311 and composite transition system with 311/480 vars
Composite transition system with 312/480 vars: computing init and goal distances using unit-cost algorithm
Composite transition system with 312/480 vars: 8192 states, 1179648 arcs 
Composite transition system with 312/480 vars: init h=4
Difference of init h values: 0
t=282.88s (after merging)
Composite transition system with 312/480 vars: not applying abstraction (same number of states)
Current peak memory increase of merge-and-shrink computation: 78848 KB

Next pair of indices: (312, 790)
Atomic transition system #312: 2 states, 6 arcs 
Atomic transition system #312: init h=0
Composite transition system with 312/480 vars: 8192 states, 1179648 arcs 
Composite transition system with 312/480 vars: init h=4
t=283.154s (after computation of next merge)
Atomic transition system #312: current size: 2 (shrink threshold: 1)
Atomic transition system #312: applying abstraction (2 to 1 states)
Atomic transition system #312: simplification was not f-preserving!
Atomic transition system #312: computing init and goal distances using unit-cost algorithm
Atomic transition system #312: 1 states, 1 arcs 
Atomic transition system #312: init h=0
Composite transition system with 312/480 vars: current size: 8192 (shrink threshold: 1)
Composite transition system with 312/480 vars: applying abstraction (8192 to 4608 states)
Composite transition system with 312/480 vars: simplification was not f-preserving!
Composite transition system with 312/480 vars: computing init and goal distances using unit-cost algorithm
Composite transition system with 312/480 vars: 4608 states, 473088 arcs 
Composite transition system with 312/480 vars: init h=4
t=283.411s (after shrinking)
Merging atomic transition system #312 and composite transition system with 312/480 vars
Composite transition system with 313/480 vars: computing init and goal distances using unit-cost algorithm
Composite transition system with 313/480 vars: 4608 states, 473088 arcs 
Composite transition system with 313/480 vars: init h=4
Difference of init h values: 0
t=283.429s (after merging)
Composite transition system with 313/480 vars: not applying abstraction (same number of states)
Current peak memory increase of merge-and-shrink computation: 78848 KB

Next pair of indices: (313, 791)
Atomic transition system #313: 2 states, 6 arcs 
Atomic transition system #313: init h=0
Composite transition system with 313/480 vars: 4608 states, 473088 arcs 
Composite transition system with 313/480 vars: init h=4
t=283.685s (after computation of next merge)
Atomic transition system #313: current size: 2 (shrink threshold: 1)
Atomic transition system #313: applying abstraction (2 to 1 states)
Atomic transition system #313: simplification was not f-preserving!
Atomic transition system #313: computing init and goal distances using unit-cost algorithm
Atomic transition system #313: 1 states, 1 arcs 
Atomic transition system #313: init h=0
Composite transition system with 313/480 vars: current size: 4608 (shrink threshold: 1)
Composite transition system with 313/480 vars: not applying abstraction (same number of states)
t=283.751s (after shrinking)
Merging atomic transition system #313 and composite transition system with 313/480 vars
Composite transition system with 314/480 vars: computing init and goal distances using unit-cost algorithm
Composite transition system with 314/480 vars: 4608 states, 473088 arcs 
Composite transition system with 314/480 vars: init h=4
Difference of init h values: 0
t=283.769s (after merging)
Composite transition system with 314/480 vars: not applying abstraction (same number of states)
Current peak memory increase of merge-and-shrink computation: 78848 KB

Next pair of indices: (314, 792)
Atomic transition system #314: 2 states, 6 arcs 
Atomic transition system #314: init h=0
Composite transition system with 314/480 vars: 4608 states, 473088 arcs 
Composite transition system with 314/480 vars: init h=4
t=284.035s (after computation of next merge)
Atomic transition system #314: current size: 2 (shrink threshold: 1)
Atomic transition system #314: applying abstraction (2 to 1 states)
Atomic transition system #314: simplification was not f-preserving!
Atomic transition system #314: computing init and goal distances using unit-cost algorithm
Atomic transition system #314: 1 states, 1 arcs 
Atomic transition system #314: init h=0
Composite transition system with 314/480 vars: current size: 4608 (shrink threshold: 1)
Composite transition system with 314/480 vars: not applying abstraction (same number of states)
t=284.102s (after shrinking)
Merging atomic transition system #314 and composite transition system with 314/480 vars
Composite transition system with 315/480 vars: computing init and goal distances using unit-cost algorithm
Composite transition system with 315/480 vars: 4608 states, 473088 arcs 
Composite transition system with 315/480 vars: init h=4
Difference of init h values: 0
t=284.124s (after merging)
Composite transition system with 315/480 vars: not applying abstraction (same number of states)
Current peak memory increase of merge-and-shrink computation: 78848 KB

Next pair of indices: (315, 793)
Atomic transition system #315: 2 states, 6 arcs 
Atomic transition system #315: init h=0
Composite transition system with 315/480 vars: 4608 states, 473088 arcs 
Composite transition system with 315/480 vars: init h=4
t=284.384s (after computation of next merge)
Atomic transition system #315: current size: 2 (shrink threshold: 1)
Atomic transition system #315: applying abstraction (2 to 1 states)
Atomic transition system #315: simplification was not f-preserving!
Atomic transition system #315: computing init and goal distances using unit-cost algorithm
Atomic transition system #315: 1 states, 1 arcs 
Atomic transition system #315: init h=0
Composite transition system with 315/480 vars: current size: 4608 (shrink threshold: 1)
Composite transition system with 315/480 vars: not applying abstraction (same number of states)
t=284.45s (after shrinking)
Merging atomic transition system #315 and composite transition system with 315/480 vars
Composite transition system with 316/480 vars: computing init and goal distances using unit-cost algorithm
Composite transition system with 316/480 vars: 4608 states, 473088 arcs 
Composite transition system with 316/480 vars: init h=4
Difference of init h values: 0
t=284.469s (after merging)
Composite transition system with 316/480 vars: not applying abstraction (same number of states)
Current peak memory increase of merge-and-shrink computation: 78848 KB

Next pair of indices: (316, 794)
Atomic transition system #316: 2 states, 6 arcs 
Atomic transition system #316: init h=0
Composite transition system with 316/480 vars: 4608 states, 473088 arcs 
Composite transition system with 316/480 vars: init h=4
t=284.719s (after computation of next merge)
Atomic transition system #316: current size: 2 (shrink threshold: 1)
Atomic transition system #316: applying abstraction (2 to 1 states)
Atomic transition system #316: simplification was not f-preserving!
Atomic transition system #316: computing init and goal distances using unit-cost algorithm
Atomic transition system #316: 1 states, 1 arcs 
Atomic transition system #316: init h=0
Composite transition system with 316/480 vars: current size: 4608 (shrink threshold: 1)
Composite transition system with 316/480 vars: not applying abstraction (same number of states)
t=284.782s (after shrinking)
Merging atomic transition system #316 and composite transition system with 316/480 vars
Composite transition system with 317/480 vars: computing init and goal distances using unit-cost algorithm
Composite transition system with 317/480 vars: 4608 states, 473088 arcs 
Composite transition system with 317/480 vars: init h=4
Difference of init h values: 0
t=284.8s (after merging)
Composite transition system with 317/480 vars: not applying abstraction (same number of states)
Current peak memory increase of merge-and-shrink computation: 78848 KB

Next pair of indices: (317, 795)
Atomic transition system #317: 2 states, 6 arcs 
Atomic transition system #317: init h=0
Composite transition system with 317/480 vars: 4608 states, 473088 arcs 
Composite transition system with 317/480 vars: init h=4
t=285.065s (after computation of next merge)
Atomic transition system #317: current size: 2 (shrink threshold: 1)
Atomic transition system #317: applying abstraction (2 to 1 states)
Atomic transition system #317: simplification was not f-preserving!
Atomic transition system #317: computing init and goal distances using unit-cost algorithm
Atomic transition system #317: 1 states, 1 arcs 
Atomic transition system #317: init h=0
Composite transition system with 317/480 vars: current size: 4608 (shrink threshold: 1)
Composite transition system with 317/480 vars: not applying abstraction (same number of states)
t=285.131s (after shrinking)
Merging atomic transition system #317 and composite transition system with 317/480 vars
Composite transition system with 318/480 vars: computing init and goal distances using unit-cost algorithm
Composite transition system with 318/480 vars: 4608 states, 473088 arcs 
Composite transition system with 318/480 vars: init h=4
Difference of init h values: 0
t=285.151s (after merging)
Composite transition system with 318/480 vars: not applying abstraction (same number of states)
Current peak memory increase of merge-and-shrink computation: 78848 KB

Next pair of indices: (318, 796)
Atomic transition system #318: 2 states, 6 arcs 
Atomic transition system #318: init h=0
Composite transition system with 318/480 vars: 4608 states, 473088 arcs 
Composite transition system with 318/480 vars: init h=4
t=285.41s (after computation of next merge)
Atomic transition system #318: current size: 2 (shrink threshold: 1)
Atomic transition system #318: applying abstraction (2 to 1 states)
Atomic transition system #318: simplification was not f-preserving!
Atomic transition system #318: computing init and goal distances using unit-cost algorithm
Atomic transition system #318: 1 states, 1 arcs 
Atomic transition system #318: init h=0
Composite transition system with 318/480 vars: current size: 4608 (shrink threshold: 1)
Composite transition system with 318/480 vars: not applying abstraction (same number of states)
t=285.477s (after shrinking)
Merging atomic transition system #318 and composite transition system with 318/480 vars
Composite transition system with 319/480 vars: computing init and goal distances using unit-cost algorithm
Composite transition system with 319/480 vars: 4608 states, 473088 arcs 
Composite transition system with 319/480 vars: init h=4
Difference of init h values: 0
t=285.495s (after merging)
Composite transition system with 319/480 vars: not applying abstraction (same number of states)
Current peak memory increase of merge-and-shrink computation: 78848 KB

Next pair of indices: (319, 797)
Atomic transition system #319: 2 states, 6 arcs 
Atomic transition system #319: init h=0
Composite transition system with 319/480 vars: 4608 states, 473088 arcs 
Composite transition system with 319/480 vars: init h=4
t=285.742s (after computation of next merge)
Atomic transition system #319: current size: 2 (shrink threshold: 1)
Atomic transition system #319: applying abstraction (2 to 1 states)
Atomic transition system #319: simplification was not f-preserving!
Atomic transition system #319: computing init and goal distances using unit-cost algorithm
Atomic transition system #319: 1 states, 1 arcs 
Atomic transition system #319: init h=0
Composite transition system with 319/480 vars: current size: 4608 (shrink threshold: 1)
Composite transition system with 319/480 vars: not applying abstraction (same number of states)
t=285.804s (after shrinking)
Merging atomic transition system #319 and composite transition system with 319/480 vars
Composite transition system with 320/480 vars: computing init and goal distances using unit-cost algorithm
Composite transition system with 320/480 vars: 4608 states, 473088 arcs 
Composite transition system with 320/480 vars: init h=4
Difference of init h values: 0
t=285.821s (after merging)
Composite transition system with 320/480 vars: not applying abstraction (same number of states)
Current peak memory increase of merge-and-shrink computation: 78848 KB

Next pair of indices: (320, 798)
Atomic transition system #320: 2 states, 6 arcs 
Atomic transition system #320: init h=0
Composite transition system with 320/480 vars: 4608 states, 473088 arcs 
Composite transition system with 320/480 vars: init h=4
t=286.074s (after computation of next merge)
Atomic transition system #320: current size: 2 (shrink threshold: 1)
Atomic transition system #320: applying abstraction (2 to 1 states)
Atomic transition system #320: simplification was not f-preserving!
Atomic transition system #320: computing init and goal distances using unit-cost algorithm
Atomic transition system #320: 1 states, 1 arcs 
Atomic transition system #320: init h=0
Composite transition system with 320/480 vars: current size: 4608 (shrink threshold: 1)
Composite transition system with 320/480 vars: not applying abstraction (same number of states)
t=286.139s (after shrinking)
Merging atomic transition system #320 and composite transition system with 320/480 vars
Composite transition system with 321/480 vars: computing init and goal distances using unit-cost algorithm
Composite transition system with 321/480 vars: 4608 states, 473088 arcs 
Composite transition system with 321/480 vars: init h=4
Difference of init h values: 0
t=286.156s (after merging)
Composite transition system with 321/480 vars: not applying abstraction (same number of states)
Current peak memory increase of merge-and-shrink computation: 78848 KB

Next pair of indices: (321, 799)
Atomic transition system #321: 2 states, 6 arcs 
Atomic transition system #321: init h=0
Composite transition system with 321/480 vars: 4608 states, 473088 arcs 
Composite transition system with 321/480 vars: init h=4
t=286.407s (after computation of next merge)
Atomic transition system #321: current size: 2 (shrink threshold: 1)
Atomic transition system #321: applying abstraction (2 to 1 states)
Atomic transition system #321: simplification was not f-preserving!
Atomic transition system #321: computing init and goal distances using unit-cost algorithm
Atomic transition system #321: 1 states, 1 arcs 
Atomic transition system #321: init h=0
Composite transition system with 321/480 vars: current size: 4608 (shrink threshold: 1)
Composite transition system with 321/480 vars: not applying abstraction (same number of states)
t=286.478s (after shrinking)
Merging atomic transition system #321 and composite transition system with 321/480 vars
Composite transition system with 322/480 vars: computing init and goal distances using unit-cost algorithm
Composite transition system with 322/480 vars: 4608 states, 473088 arcs 
Composite transition system with 322/480 vars: init h=4
Difference of init h values: 0
t=286.499s (after merging)
Composite transition system with 322/480 vars: not applying abstraction (same number of states)
Current peak memory increase of merge-and-shrink computation: 78848 KB

Next pair of indices: (322, 800)
Atomic transition system #322: 2 states, 6 arcs 
Atomic transition system #322: init h=0
Composite transition system with 322/480 vars: 4608 states, 473088 arcs 
Composite transition system with 322/480 vars: init h=4
t=286.748s (after computation of next merge)
Atomic transition system #322: current size: 2 (shrink threshold: 1)
Atomic transition system #322: applying abstraction (2 to 1 states)
Atomic transition system #322: simplification was not f-preserving!
Atomic transition system #322: computing init and goal distances using unit-cost algorithm
Atomic transition system #322: 1 states, 1 arcs 
Atomic transition system #322: init h=0
Composite transition system with 322/480 vars: current size: 4608 (shrink threshold: 1)
Composite transition system with 322/480 vars: not applying abstraction (same number of states)
t=286.818s (after shrinking)
Merging atomic transition system #322 and composite transition system with 322/480 vars
Composite transition system with 323/480 vars: computing init and goal distances using unit-cost algorithm
Composite transition system with 323/480 vars: 4608 states, 473088 arcs 
Composite transition system with 323/480 vars: init h=4
Difference of init h values: 0
t=286.836s (after merging)
Composite transition system with 323/480 vars: not applying abstraction (same number of states)
Current peak memory increase of merge-and-shrink computation: 78848 KB

Next pair of indices: (323, 801)
Atomic transition system #323: 2 states, 6 arcs 
Atomic transition system #323: init h=0
Composite transition system with 323/480 vars: 4608 states, 473088 arcs 
Composite transition system with 323/480 vars: init h=4
t=287.094s (after computation of next merge)
Atomic transition system #323: current size: 2 (shrink threshold: 1)
Atomic transition system #323: applying abstraction (2 to 1 states)
Atomic transition system #323: simplification was not f-preserving!
Atomic transition system #323: computing init and goal distances using unit-cost algorithm
Atomic transition system #323: 1 states, 1 arcs 
Atomic transition system #323: init h=0
Composite transition system with 323/480 vars: current size: 4608 (shrink threshold: 1)
Composite transition system with 323/480 vars: not applying abstraction (same number of states)
t=287.16s (after shrinking)
Merging atomic transition system #323 and composite transition system with 323/480 vars
Composite transition system with 324/480 vars: computing init and goal distances using unit-cost algorithm
Composite transition system with 324/480 vars: 4608 states, 473088 arcs 
Composite transition system with 324/480 vars: init h=4
Difference of init h values: 0
t=287.178s (after merging)
Composite transition system with 324/480 vars: not applying abstraction (same number of states)
Current peak memory increase of merge-and-shrink computation: 78848 KB

Next pair of indices: (324, 802)
Atomic transition system #324: 2 states, 6 arcs 
Atomic transition system #324: init h=0
Composite transition system with 324/480 vars: 4608 states, 473088 arcs 
Composite transition system with 324/480 vars: init h=4
t=287.421s (after computation of next merge)
Atomic transition system #324: current size: 2 (shrink threshold: 1)
Atomic transition system #324: applying abstraction (2 to 1 states)
Atomic transition system #324: simplification was not f-preserving!
Atomic transition system #324: computing init and goal distances using unit-cost algorithm
Atomic transition system #324: 1 states, 1 arcs 
Atomic transition system #324: init h=0
Composite transition system with 324/480 vars: current size: 4608 (shrink threshold: 1)
Composite transition system with 324/480 vars: not applying abstraction (same number of states)
t=287.487s (after shrinking)
Merging atomic transition system #324 and composite transition system with 324/480 vars
Composite transition system with 325/480 vars: computing init and goal distances using unit-cost algorithm
Composite transition system with 325/480 vars: 4608 states, 473088 arcs 
Composite transition system with 325/480 vars: init h=4
Difference of init h values: 0
t=287.504s (after merging)
Composite transition system with 325/480 vars: not applying abstraction (same number of states)
Current peak memory increase of merge-and-shrink computation: 78848 KB

Next pair of indices: (325, 803)
Atomic transition system #325: 2 states, 6 arcs 
Atomic transition system #325: init h=0
Composite transition system with 325/480 vars: 4608 states, 473088 arcs 
Composite transition system with 325/480 vars: init h=4
t=287.745s (after computation of next merge)
Atomic transition system #325: current size: 2 (shrink threshold: 1)
Atomic transition system #325: applying abstraction (2 to 1 states)
Atomic transition system #325: simplification was not f-preserving!
Atomic transition system #325: computing init and goal distances using unit-cost algorithm
Atomic transition system #325: 1 states, 1 arcs 
Atomic transition system #325: init h=0
Composite transition system with 325/480 vars: current size: 4608 (shrink threshold: 1)
Composite transition system with 325/480 vars: not applying abstraction (same number of states)
t=287.811s (after shrinking)
Merging atomic transition system #325 and composite transition system with 325/480 vars
Composite transition system with 326/480 vars: computing init and goal distances using unit-cost algorithm
Composite transition system with 326/480 vars: 4608 states, 473088 arcs 
Composite transition system with 326/480 vars: init h=4
Difference of init h values: 0
t=287.83s (after merging)
Composite transition system with 326/480 vars: not applying abstraction (same number of states)
Current peak memory increase of merge-and-shrink computation: 78848 KB

Next pair of indices: (326, 804)
Atomic transition system #326: 2 states, 6 arcs 
Atomic transition system #326: init h=0
Composite transition system with 326/480 vars: 4608 states, 473088 arcs 
Composite transition system with 326/480 vars: init h=4
t=288.079s (after computation of next merge)
Atomic transition system #326: current size: 2 (shrink threshold: 1)
Atomic transition system #326: applying abstraction (2 to 1 states)
Atomic transition system #326: simplification was not f-preserving!
Atomic transition system #326: computing init and goal distances using unit-cost algorithm
Atomic transition system #326: 1 states, 1 arcs 
Atomic transition system #326: init h=0
Composite transition system with 326/480 vars: current size: 4608 (shrink threshold: 1)
Composite transition system with 326/480 vars: not applying abstraction (same number of states)
t=288.147s (after shrinking)
Merging atomic transition system #326 and composite transition system with 326/480 vars
Composite transition system with 327/480 vars: computing init and goal distances using unit-cost algorithm
Composite transition system with 327/480 vars: 4608 states, 473088 arcs 
Composite transition system with 327/480 vars: init h=4
Difference of init h values: 0
t=288.165s (after merging)
Composite transition system with 327/480 vars: not applying abstraction (same number of states)
Current peak memory increase of merge-and-shrink computation: 78848 KB

Next pair of indices: (327, 805)
Atomic transition system #327: 2 states, 6 arcs 
Atomic transition system #327: init h=0
Composite transition system with 327/480 vars: 4608 states, 473088 arcs 
Composite transition system with 327/480 vars: init h=4
t=288.401s (after computation of next merge)
Atomic transition system #327: current size: 2 (shrink threshold: 1)
Atomic transition system #327: applying abstraction (2 to 1 states)
Atomic transition system #327: simplification was not f-preserving!
Atomic transition system #327: computing init and goal distances using unit-cost algorithm
Atomic transition system #327: 1 states, 1 arcs 
Atomic transition system #327: init h=0
Composite transition system with 327/480 vars: current size: 4608 (shrink threshold: 1)
Composite transition system with 327/480 vars: not applying abstraction (same number of states)
t=288.462s (after shrinking)
Merging atomic transition system #327 and composite transition system with 327/480 vars
Composite transition system with 328/480 vars: computing init and goal distances using unit-cost algorithm
Composite transition system with 328/480 vars: 4608 states, 473088 arcs 
Composite transition system with 328/480 vars: init h=4
Difference of init h values: 0
t=288.48s (after merging)
Composite transition system with 328/480 vars: not applying abstraction (same number of states)
Current peak memory increase of merge-and-shrink computation: 78848 KB

Next pair of indices: (328, 806)
Atomic transition system #328: 2 states, 6 arcs 
Atomic transition system #328: init h=0
Composite transition system with 328/480 vars: 4608 states, 473088 arcs 
Composite transition system with 328/480 vars: init h=4
t=288.714s (after computation of next merge)
Atomic transition system #328: current size: 2 (shrink threshold: 1)
Atomic transition system #328: applying abstraction (2 to 1 states)
Atomic transition system #328: simplification was not f-preserving!
Atomic transition system #328: computing init and goal distances using unit-cost algorithm
Atomic transition system #328: 1 states, 1 arcs 
Atomic transition system #328: init h=0
Composite transition system with 328/480 vars: current size: 4608 (shrink threshold: 1)
Composite transition system with 328/480 vars: not applying abstraction (same number of states)
t=288.781s (after shrinking)
Merging atomic transition system #328 and composite transition system with 328/480 vars
Composite transition system with 329/480 vars: computing init and goal distances using unit-cost algorithm
Composite transition system with 329/480 vars: 4608 states, 473088 arcs 
Composite transition system with 329/480 vars: init h=4
Difference of init h values: 0
t=288.799s (after merging)
Composite transition system with 329/480 vars: not applying abstraction (same number of states)
Current peak memory increase of merge-and-shrink computation: 78848 KB

Next pair of indices: (329, 807)
Atomic transition system #329: 2 states, 6 arcs 
Atomic transition system #329: init h=0
Composite transition system with 329/480 vars: 4608 states, 473088 arcs 
Composite transition system with 329/480 vars: init h=4
t=289.044s (after computation of next merge)
Atomic transition system #329: current size: 2 (shrink threshold: 1)
Atomic transition system #329: applying abstraction (2 to 1 states)
Atomic transition system #329: simplification was not f-preserving!
Atomic transition system #329: computing init and goal distances using unit-cost algorithm
Atomic transition system #329: 1 states, 1 arcs 
Atomic transition system #329: init h=0
Composite transition system with 329/480 vars: current size: 4608 (shrink threshold: 1)
Composite transition system with 329/480 vars: not applying abstraction (same number of states)
t=289.112s (after shrinking)
Merging atomic transition system #329 and composite transition system with 329/480 vars
Composite transition system with 330/480 vars: computing init and goal distances using unit-cost algorithm
Composite transition system with 330/480 vars: 4608 states, 473088 arcs 
Composite transition system with 330/480 vars: init h=4
Difference of init h values: 0
t=289.131s (after merging)
Composite transition system with 330/480 vars: not applying abstraction (same number of states)
Current peak memory increase of merge-and-shrink computation: 78848 KB

Next pair of indices: (330, 808)
Atomic transition system #330: 2 states, 6 arcs 
Atomic transition system #330: init h=0
Composite transition system with 330/480 vars: 4608 states, 473088 arcs 
Composite transition system with 330/480 vars: init h=4
t=289.379s (after computation of next merge)
Atomic transition system #330: current size: 2 (shrink threshold: 1)
Atomic transition system #330: applying abstraction (2 to 1 states)
Atomic transition system #330: simplification was not f-preserving!
Atomic transition system #330: computing init and goal distances using unit-cost algorithm
Atomic transition system #330: 1 states, 1 arcs 
Atomic transition system #330: init h=0
Composite transition system with 330/480 vars: current size: 4608 (shrink threshold: 1)
Composite transition system with 330/480 vars: not applying abstraction (same number of states)
t=289.444s (after shrinking)
Merging atomic transition system #330 and composite transition system with 330/480 vars
Composite transition system with 331/480 vars: computing init and goal distances using unit-cost algorithm
Composite transition system with 331/480 vars: 4608 states, 473088 arcs 
Composite transition system with 331/480 vars: init h=4
Difference of init h values: 0
t=289.465s (after merging)
Composite transition system with 331/480 vars: not applying abstraction (same number of states)
Current peak memory increase of merge-and-shrink computation: 78848 KB

Next pair of indices: (331, 809)
Atomic transition system #331: 2 states, 6 arcs 
Atomic transition system #331: init h=0
Composite transition system with 331/480 vars: 4608 states, 473088 arcs 
Composite transition system with 331/480 vars: init h=4
t=289.704s (after computation of next merge)
Atomic transition system #331: current size: 2 (shrink threshold: 1)
Atomic transition system #331: applying abstraction (2 to 1 states)
Atomic transition system #331: simplification was not f-preserving!
Atomic transition system #331: computing init and goal distances using unit-cost algorithm
Atomic transition system #331: 1 states, 1 arcs 
Atomic transition system #331: init h=0
Composite transition system with 331/480 vars: current size: 4608 (shrink threshold: 1)
Composite transition system with 331/480 vars: not applying abstraction (same number of states)
t=289.773s (after shrinking)
Merging atomic transition system #331 and composite transition system with 331/480 vars
Composite transition system with 332/480 vars: computing init and goal distances using unit-cost algorithm
Composite transition system with 332/480 vars: 4608 states, 473088 arcs 
Composite transition system with 332/480 vars: init h=4
Difference of init h values: 0
t=289.791s (after merging)
Composite transition system with 332/480 vars: not applying abstraction (same number of states)
Current peak memory increase of merge-and-shrink computation: 78848 KB

Next pair of indices: (332, 810)
Atomic transition system #332: 2 states, 6 arcs 
Atomic transition system #332: init h=0
Composite transition system with 332/480 vars: 4608 states, 473088 arcs 
Composite transition system with 332/480 vars: init h=4
t=290.025s (after computation of next merge)
Atomic transition system #332: current size: 2 (shrink threshold: 1)
Atomic transition system #332: applying abstraction (2 to 1 states)
Atomic transition system #332: simplification was not f-preserving!
Atomic transition system #332: computing init and goal distances using unit-cost algorithm
Atomic transition system #332: 1 states, 1 arcs 
Atomic transition system #332: init h=0
Composite transition system with 332/480 vars: current size: 4608 (shrink threshold: 1)
Composite transition system with 332/480 vars: not applying abstraction (same number of states)
t=290.089s (after shrinking)
Merging atomic transition system #332 and composite transition system with 332/480 vars
Composite transition system with 333/480 vars: computing init and goal distances using unit-cost algorithm
Composite transition system with 333/480 vars: 4608 states, 473088 arcs 
Composite transition system with 333/480 vars: init h=4
Difference of init h values: 0
t=290.106s (after merging)
Composite transition system with 333/480 vars: not applying abstraction (same number of states)
Current peak memory increase of merge-and-shrink computation: 78848 KB

Next pair of indices: (333, 811)
Atomic transition system #333: 2 states, 6 arcs 
Atomic transition system #333: init h=0
Composite transition system with 333/480 vars: 4608 states, 473088 arcs 
Composite transition system with 333/480 vars: init h=4
t=290.333s (after computation of next merge)
Atomic transition system #333: current size: 2 (shrink threshold: 1)
Atomic transition system #333: applying abstraction (2 to 1 states)
Atomic transition system #333: simplification was not f-preserving!
Atomic transition system #333: computing init and goal distances using unit-cost algorithm
Atomic transition system #333: 1 states, 1 arcs 
Atomic transition system #333: init h=0
Composite transition system with 333/480 vars: current size: 4608 (shrink threshold: 1)
Composite transition system with 333/480 vars: not applying abstraction (same number of states)
t=290.398s (after shrinking)
Merging atomic transition system #333 and composite transition system with 333/480 vars
Composite transition system with 334/480 vars: computing init and goal distances using unit-cost algorithm
Composite transition system with 334/480 vars: 4608 states, 473088 arcs 
Composite transition system with 334/480 vars: init h=4
Difference of init h values: 0
t=290.417s (after merging)
Composite transition system with 334/480 vars: not applying abstraction (same number of states)
Current peak memory increase of merge-and-shrink computation: 78848 KB

Next pair of indices: (334, 812)
Atomic transition system #334: 2 states, 6 arcs 
Atomic transition system #334: init h=0
Composite transition system with 334/480 vars: 4608 states, 473088 arcs 
Composite transition system with 334/480 vars: init h=4
t=290.647s (after computation of next merge)
Atomic transition system #334: current size: 2 (shrink threshold: 1)
Atomic transition system #334: applying abstraction (2 to 1 states)
Atomic transition system #334: simplification was not f-preserving!
Atomic transition system #334: computing init and goal distances using unit-cost algorithm
Atomic transition system #334: 1 states, 1 arcs 
Atomic transition system #334: init h=0
Composite transition system with 334/480 vars: current size: 4608 (shrink threshold: 1)
Composite transition system with 334/480 vars: not applying abstraction (same number of states)
t=290.716s (after shrinking)
Merging atomic transition system #334 and composite transition system with 334/480 vars
Composite transition system with 335/480 vars: computing init and goal distances using unit-cost algorithm
Composite transition system with 335/480 vars: 4608 states, 473088 arcs 
Composite transition system with 335/480 vars: init h=4
Difference of init h values: 0
t=290.733s (after merging)
Composite transition system with 335/480 vars: not applying abstraction (same number of states)
Current peak memory increase of merge-and-shrink computation: 78848 KB

Next pair of indices: (335, 813)
Atomic transition system #335: 2 states, 6 arcs 
Atomic transition system #335: init h=1
Composite transition system with 335/480 vars: 4608 states, 473088 arcs 
Composite transition system with 335/480 vars: init h=4
t=290.955s (after computation of next merge)
Atomic transition system #335: current size: 2 (shrink threshold: 1)
Atomic transition system #335: not applying abstraction (same number of states)
Composite transition system with 335/480 vars: current size: 4608 (shrink threshold: 1)
Composite transition system with 335/480 vars: not applying abstraction (same number of states)
Merging atomic transition system #335 and composite transition system with 335/480 vars
Composite transition system with 336/480 vars: computing init and goal distances using unit-cost algorithm
Composite transition system with 336/480 vars: 9216 states, 1409024 arcs 
Composite transition system with 336/480 vars: init h=4
Difference of init h values: 0
t=291.136s (after merging)
Composite transition system with 336/480 vars: not applying abstraction (same number of states)
Current peak memory increase of merge-and-shrink computation: 78848 KB

Next pair of indices: (336, 814)
Atomic transition system #336: 2 states, 6 arcs 
Atomic transition system #336: init h=0
Composite transition system with 336/480 vars: 9216 states, 1409024 arcs 
Composite transition system with 336/480 vars: init h=4
t=291.333s (after computation of next merge)
Atomic transition system #336: current size: 2 (shrink threshold: 1)
Atomic transition system #336: applying abstraction (2 to 1 states)
Atomic transition system #336: simplification was not f-preserving!
Atomic transition system #336: computing init and goal distances using unit-cost algorithm
Atomic transition system #336: 1 states, 1 arcs 
Atomic transition system #336: init h=0
Composite transition system with 336/480 vars: current size: 9216 (shrink threshold: 1)
Composite transition system with 336/480 vars: applying abstraction (9216 to 5184 states)
Composite transition system with 336/480 vars: simplification was not f-preserving!
Composite transition system with 336/480 vars: computing init and goal distances using unit-cost algorithm
Composite transition system with 336/480 vars: 5184 states, 568384 arcs 
Composite transition system with 336/480 vars: init h=4
t=291.623s (after shrinking)
Merging atomic transition system #336 and composite transition system with 336/480 vars
Composite transition system with 337/480 vars: computing init and goal distances using unit-cost algorithm
Composite transition system with 337/480 vars: 5184 states, 568384 arcs 
Composite transition system with 337/480 vars: init h=4
Difference of init h values: 0
t=291.647s (after merging)
Composite transition system with 337/480 vars: not applying abstraction (same number of states)
Current peak memory increase of merge-and-shrink computation: 78848 KB

Next pair of indices: (337, 815)
Atomic transition system #337: 2 states, 6 arcs 
Atomic transition system #337: init h=0
Composite transition system with 337/480 vars: 5184 states, 568384 arcs 
Composite transition system with 337/480 vars: init h=4
t=291.845s (after computation of next merge)
Atomic transition system #337: current size: 2 (shrink threshold: 1)
Atomic transition system #337: applying abstraction (2 to 1 states)
Atomic transition system #337: simplification was not f-preserving!
Atomic transition system #337: computing init and goal distances using unit-cost algorithm
Atomic transition system #337: 1 states, 1 arcs 
Atomic transition system #337: init h=0
Composite transition system with 337/480 vars: current size: 5184 (shrink threshold: 1)
Composite transition system with 337/480 vars: not applying abstraction (same number of states)
t=291.922s (after shrinking)
Merging atomic transition system #337 and composite transition system with 337/480 vars
Composite transition system with 338/480 vars: computing init and goal distances using unit-cost algorithm
Composite transition system with 338/480 vars: 5184 states, 568384 arcs 
Composite transition system with 338/480 vars: init h=4
Difference of init h values: 0
t=291.946s (after merging)
Composite transition system with 338/480 vars: not applying abstraction (same number of states)
Current peak memory increase of merge-and-shrink computation: 78848 KB

Next pair of indices: (338, 816)
Atomic transition system #338: 2 states, 6 arcs 
Atomic transition system #338: init h=0
Composite transition system with 338/480 vars: 5184 states, 568384 arcs 
Composite transition system with 338/480 vars: init h=4
t=292.142s (after computation of next merge)
Atomic transition system #338: current size: 2 (shrink threshold: 1)
Atomic transition system #338: applying abstraction (2 to 1 states)
Atomic transition system #338: simplification was not f-preserving!
Atomic transition system #338: computing init and goal distances using unit-cost algorithm
Atomic transition system #338: 1 states, 1 arcs 
Atomic transition system #338: init h=0
Composite transition system with 338/480 vars: current size: 5184 (shrink threshold: 1)
Composite transition system with 338/480 vars: not applying abstraction (same number of states)
t=292.216s (after shrinking)
Merging atomic transition system #338 and composite transition system with 338/480 vars
Composite transition system with 339/480 vars: computing init and goal distances using unit-cost algorithm
Composite transition system with 339/480 vars: 5184 states, 568384 arcs 
Composite transition system with 339/480 vars: init h=4
Difference of init h values: 0
t=292.239s (after merging)
Composite transition system with 339/480 vars: not applying abstraction (same number of states)
Current peak memory increase of merge-and-shrink computation: 78848 KB

Next pair of indices: (339, 817)
Atomic transition system #339: 2 states, 6 arcs 
Atomic transition system #339: init h=0
Composite transition system with 339/480 vars: 5184 states, 568384 arcs 
Composite transition system with 339/480 vars: init h=4
t=292.433s (after computation of next merge)
Atomic transition system #339: current size: 2 (shrink threshold: 1)
Atomic transition system #339: applying abstraction (2 to 1 states)
Atomic transition system #339: simplification was not f-preserving!
Atomic transition system #339: computing init and goal distances using unit-cost algorithm
Atomic transition system #339: 1 states, 1 arcs 
Atomic transition system #339: init h=0
Composite transition system with 339/480 vars: current size: 5184 (shrink threshold: 1)
Composite transition system with 339/480 vars: not applying abstraction (same number of states)
t=292.512s (after shrinking)
Merging atomic transition system #339 and composite transition system with 339/480 vars
Composite transition system with 340/480 vars: computing init and goal distances using unit-cost algorithm
Composite transition system with 340/480 vars: 5184 states, 568384 arcs 
Composite transition system with 340/480 vars: init h=4
Difference of init h values: 0
t=292.539s (after merging)
Composite transition system with 340/480 vars: not applying abstraction (same number of states)
Current peak memory increase of merge-and-shrink computation: 78848 KB

Next pair of indices: (340, 818)
Atomic transition system #340: 2 states, 6 arcs 
Atomic transition system #340: init h=0
Composite transition system with 340/480 vars: 5184 states, 568384 arcs 
Composite transition system with 340/480 vars: init h=4
t=292.736s (after computation of next merge)
Atomic transition system #340: current size: 2 (shrink threshold: 1)
Atomic transition system #340: applying abstraction (2 to 1 states)
Atomic transition system #340: simplification was not f-preserving!
Atomic transition system #340: computing init and goal distances using unit-cost algorithm
Atomic transition system #340: 1 states, 1 arcs 
Atomic transition system #340: init h=0
Composite transition system with 340/480 vars: current size: 5184 (shrink threshold: 1)
Composite transition system with 340/480 vars: not applying abstraction (same number of states)
t=292.814s (after shrinking)
Merging atomic transition system #340 and composite transition system with 340/480 vars
Composite transition system with 341/480 vars: computing init and goal distances using unit-cost algorithm
Composite transition system with 341/480 vars: 5184 states, 568384 arcs 
Composite transition system with 341/480 vars: init h=4
Difference of init h values: 0
t=292.839s (after merging)
Composite transition system with 341/480 vars: not applying abstraction (same number of states)
Current peak memory increase of merge-and-shrink computation: 78848 KB

Next pair of indices: (341, 819)
Atomic transition system #341: 2 states, 6 arcs 
Atomic transition system #341: init h=0
Composite transition system with 341/480 vars: 5184 states, 568384 arcs 
Composite transition system with 341/480 vars: init h=4
t=293.022s (after computation of next merge)
Atomic transition system #341: current size: 2 (shrink threshold: 1)
Atomic transition system #341: applying abstraction (2 to 1 states)
Atomic transition system #341: simplification was not f-preserving!
Atomic transition system #341: computing init and goal distances using unit-cost algorithm
Atomic transition system #341: 1 states, 1 arcs 
Atomic transition system #341: init h=0
Composite transition system with 341/480 vars: current size: 5184 (shrink threshold: 1)
Composite transition system with 341/480 vars: not applying abstraction (same number of states)
t=293.099s (after shrinking)
Merging atomic transition system #341 and composite transition system with 341/480 vars
Composite transition system with 342/480 vars: computing init and goal distances using unit-cost algorithm
Composite transition system with 342/480 vars: 5184 states, 568384 arcs 
Composite transition system with 342/480 vars: init h=4
Difference of init h values: 0
t=293.121s (after merging)
Composite transition system with 342/480 vars: not applying abstraction (same number of states)
Current peak memory increase of merge-and-shrink computation: 78848 KB

Next pair of indices: (342, 820)
Atomic transition system #342: 2 states, 6 arcs 
Atomic transition system #342: init h=0
Composite transition system with 342/480 vars: 5184 states, 568384 arcs 
Composite transition system with 342/480 vars: init h=4
t=293.302s (after computation of next merge)
Atomic transition system #342: current size: 2 (shrink threshold: 1)
Atomic transition system #342: applying abstraction (2 to 1 states)
Atomic transition system #342: simplification was not f-preserving!
Atomic transition system #342: computing init and goal distances using unit-cost algorithm
Atomic transition system #342: 1 states, 1 arcs 
Atomic transition system #342: init h=0
Composite transition system with 342/480 vars: current size: 5184 (shrink threshold: 1)
Composite transition system with 342/480 vars: not applying abstraction (same number of states)
t=293.378s (after shrinking)
Merging atomic transition system #342 and composite transition system with 342/480 vars
Composite transition system with 343/480 vars: computing init and goal distances using unit-cost algorithm
Composite transition system with 343/480 vars: 5184 states, 568384 arcs 
Composite transition system with 343/480 vars: init h=4
Difference of init h values: 0
t=293.401s (after merging)
Composite transition system with 343/480 vars: not applying abstraction (same number of states)
Current peak memory increase of merge-and-shrink computation: 78848 KB

Next pair of indices: (343, 821)
Atomic transition system #343: 2 states, 6 arcs 
Atomic transition system #343: init h=0
Composite transition system with 343/480 vars: 5184 states, 568384 arcs 
Composite transition system with 343/480 vars: init h=4
t=293.593s (after computation of next merge)
Atomic transition system #343: current size: 2 (shrink threshold: 1)
Atomic transition system #343: applying abstraction (2 to 1 states)
Atomic transition system #343: simplification was not f-preserving!
Atomic transition system #343: computing init and goal distances using unit-cost algorithm
Atomic transition system #343: 1 states, 1 arcs 
Atomic transition system #343: init h=0
Composite transition system with 343/480 vars: current size: 5184 (shrink threshold: 1)
Composite transition system with 343/480 vars: not applying abstraction (same number of states)
t=293.67s (after shrinking)
Merging atomic transition system #343 and composite transition system with 343/480 vars
Composite transition system with 344/480 vars: computing init and goal distances using unit-cost algorithm
Composite transition system with 344/480 vars: 5184 states, 568384 arcs 
Composite transition system with 344/480 vars: init h=4
Difference of init h values: 0
t=293.693s (after merging)
Composite transition system with 344/480 vars: not applying abstraction (same number of states)
Current peak memory increase of merge-and-shrink computation: 78848 KB

Next pair of indices: (344, 822)
Atomic transition system #344: 2 states, 6 arcs 
Atomic transition system #344: init h=0
Composite transition system with 344/480 vars: 5184 states, 568384 arcs 
Composite transition system with 344/480 vars: init h=4
t=293.889s (after computation of next merge)
Atomic transition system #344: current size: 2 (shrink threshold: 1)
Atomic transition system #344: applying abstraction (2 to 1 states)
Atomic transition system #344: simplification was not f-preserving!
Atomic transition system #344: computing init and goal distances using unit-cost algorithm
Atomic transition system #344: 1 states, 1 arcs 
Atomic transition system #344: init h=0
Composite transition system with 344/480 vars: current size: 5184 (shrink threshold: 1)
Composite transition system with 344/480 vars: not applying abstraction (same number of states)
t=293.967s (after shrinking)
Merging atomic transition system #344 and composite transition system with 344/480 vars
Composite transition system with 345/480 vars: computing init and goal distances using unit-cost algorithm
Composite transition system with 345/480 vars: 5184 states, 568384 arcs 
Composite transition system with 345/480 vars: init h=4
Difference of init h values: 0
t=293.989s (after merging)
Composite transition system with 345/480 vars: not applying abstraction (same number of states)
Current peak memory increase of merge-and-shrink computation: 78848 KB

Next pair of indices: (345, 823)
Atomic transition system #345: 2 states, 6 arcs 
Atomic transition system #345: init h=0
Composite transition system with 345/480 vars: 5184 states, 568384 arcs 
Composite transition system with 345/480 vars: init h=4
t=294.182s (after computation of next merge)
Atomic transition system #345: current size: 2 (shrink threshold: 1)
Atomic transition system #345: applying abstraction (2 to 1 states)
Atomic transition system #345: simplification was not f-preserving!
Atomic transition system #345: computing init and goal distances using unit-cost algorithm
Atomic transition system #345: 1 states, 1 arcs 
Atomic transition system #345: init h=0
Composite transition system with 345/480 vars: current size: 5184 (shrink threshold: 1)
Composite transition system with 345/480 vars: not applying abstraction (same number of states)
t=294.263s (after shrinking)
Merging atomic transition system #345 and composite transition system with 345/480 vars
Composite transition system with 346/480 vars: computing init and goal distances using unit-cost algorithm
Composite transition system with 346/480 vars: 5184 states, 568384 arcs 
Composite transition system with 346/480 vars: init h=4
Difference of init h values: 0
t=294.285s (after merging)
Composite transition system with 346/480 vars: not applying abstraction (same number of states)
Current peak memory increase of merge-and-shrink computation: 78848 KB

Next pair of indices: (346, 824)
Atomic transition system #346: 2 states, 6 arcs 
Atomic transition system #346: init h=0
Composite transition system with 346/480 vars: 5184 states, 568384 arcs 
Composite transition system with 346/480 vars: init h=4
t=294.477s (after computation of next merge)
Atomic transition system #346: current size: 2 (shrink threshold: 1)
Atomic transition system #346: applying abstraction (2 to 1 states)
Atomic transition system #346: simplification was not f-preserving!
Atomic transition system #346: computing init and goal distances using unit-cost algorithm
Atomic transition system #346: 1 states, 1 arcs 
Atomic transition system #346: init h=0
Composite transition system with 346/480 vars: current size: 5184 (shrink threshold: 1)
Composite transition system with 346/480 vars: not applying abstraction (same number of states)
t=294.553s (after shrinking)
Merging atomic transition system #346 and composite transition system with 346/480 vars
Composite transition system with 347/480 vars: computing init and goal distances using unit-cost algorithm
Composite transition system with 347/480 vars: 5184 states, 568384 arcs 
Composite transition system with 347/480 vars: init h=4
Difference of init h values: 0
t=294.575s (after merging)
Composite transition system with 347/480 vars: not applying abstraction (same number of states)
Current peak memory increase of merge-and-shrink computation: 78848 KB

Next pair of indices: (347, 825)
Atomic transition system #347: 2 states, 6 arcs 
Atomic transition system #347: init h=0
Composite transition system with 347/480 vars: 5184 states, 568384 arcs 
Composite transition system with 347/480 vars: init h=4
t=294.765s (after computation of next merge)
Atomic transition system #347: current size: 2 (shrink threshold: 1)
Atomic transition system #347: applying abstraction (2 to 1 states)
Atomic transition system #347: simplification was not f-preserving!
Atomic transition system #347: computing init and goal distances using unit-cost algorithm
Atomic transition system #347: 1 states, 1 arcs 
Atomic transition system #347: init h=0
Composite transition system with 347/480 vars: current size: 5184 (shrink threshold: 1)
Composite transition system with 347/480 vars: not applying abstraction (same number of states)
t=294.841s (after shrinking)
Merging atomic transition system #347 and composite transition system with 347/480 vars
Composite transition system with 348/480 vars: computing init and goal distances using unit-cost algorithm
Composite transition system with 348/480 vars: 5184 states, 568384 arcs 
Composite transition system with 348/480 vars: init h=4
Difference of init h values: 0
t=294.865s (after merging)
Composite transition system with 348/480 vars: not applying abstraction (same number of states)
Current peak memory increase of merge-and-shrink computation: 78848 KB

Next pair of indices: (348, 826)
Atomic transition system #348: 2 states, 6 arcs 
Atomic transition system #348: init h=0
Composite transition system with 348/480 vars: 5184 states, 568384 arcs 
Composite transition system with 348/480 vars: init h=4
t=295.056s (after computation of next merge)
Atomic transition system #348: current size: 2 (shrink threshold: 1)
Atomic transition system #348: applying abstraction (2 to 1 states)
Atomic transition system #348: simplification was not f-preserving!
Atomic transition system #348: computing init and goal distances using unit-cost algorithm
Atomic transition system #348: 1 states, 1 arcs 
Atomic transition system #348: init h=0
Composite transition system with 348/480 vars: current size: 5184 (shrink threshold: 1)
Composite transition system with 348/480 vars: not applying abstraction (same number of states)
t=295.133s (after shrinking)
Merging atomic transition system #348 and composite transition system with 348/480 vars
Composite transition system with 349/480 vars: computing init and goal distances using unit-cost algorithm
Composite transition system with 349/480 vars: 5184 states, 568384 arcs 
Composite transition system with 349/480 vars: init h=4
Difference of init h values: 0
t=295.155s (after merging)
Composite transition system with 349/480 vars: not applying abstraction (same number of states)
Current peak memory increase of merge-and-shrink computation: 78848 KB

Next pair of indices: (349, 827)
Atomic transition system #349: 2 states, 6 arcs 
Atomic transition system #349: init h=0
Composite transition system with 349/480 vars: 5184 states, 568384 arcs 
Composite transition system with 349/480 vars: init h=4
t=295.342s (after computation of next merge)
Atomic transition system #349: current size: 2 (shrink threshold: 1)
Atomic transition system #349: applying abstraction (2 to 1 states)
Atomic transition system #349: simplification was not f-preserving!
Atomic transition system #349: computing init and goal distances using unit-cost algorithm
Atomic transition system #349: 1 states, 1 arcs 
Atomic transition system #349: init h=0
Composite transition system with 349/480 vars: current size: 5184 (shrink threshold: 1)
Composite transition system with 349/480 vars: not applying abstraction (same number of states)
t=295.418s (after shrinking)
Merging atomic transition system #349 and composite transition system with 349/480 vars
Composite transition system with 350/480 vars: computing init and goal distances using unit-cost algorithm
Composite transition system with 350/480 vars: 5184 states, 568384 arcs 
Composite transition system with 350/480 vars: init h=4
Difference of init h values: 0
t=295.44s (after merging)
Composite transition system with 350/480 vars: not applying abstraction (same number of states)
Current peak memory increase of merge-and-shrink computation: 78848 KB

Next pair of indices: (350, 828)
Atomic transition system #350: 2 states, 6 arcs 
Atomic transition system #350: init h=0
Composite transition system with 350/480 vars: 5184 states, 568384 arcs 
Composite transition system with 350/480 vars: init h=4
t=295.615s (after computation of next merge)
Atomic transition system #350: current size: 2 (shrink threshold: 1)
Atomic transition system #350: applying abstraction (2 to 1 states)
Atomic transition system #350: simplification was not f-preserving!
Atomic transition system #350: computing init and goal distances using unit-cost algorithm
Atomic transition system #350: 1 states, 1 arcs 
Atomic transition system #350: init h=0
Composite transition system with 350/480 vars: current size: 5184 (shrink threshold: 1)
Composite transition system with 350/480 vars: not applying abstraction (same number of states)
t=295.688s (after shrinking)
Merging atomic transition system #350 and composite transition system with 350/480 vars
Composite transition system with 351/480 vars: computing init and goal distances using unit-cost algorithm
Composite transition system with 351/480 vars: 5184 states, 568384 arcs 
Composite transition system with 351/480 vars: init h=4
Difference of init h values: 0
t=295.709s (after merging)
Composite transition system with 351/480 vars: not applying abstraction (same number of states)
Current peak memory increase of merge-and-shrink computation: 78848 KB

Next pair of indices: (351, 829)
Atomic transition system #351: 2 states, 6 arcs 
Atomic transition system #351: init h=0
Composite transition system with 351/480 vars: 5184 states, 568384 arcs 
Composite transition system with 351/480 vars: init h=4
t=295.885s (after computation of next merge)
Atomic transition system #351: current size: 2 (shrink threshold: 1)
Atomic transition system #351: applying abstraction (2 to 1 states)
Atomic transition system #351: simplification was not f-preserving!
Atomic transition system #351: computing init and goal distances using unit-cost algorithm
Atomic transition system #351: 1 states, 1 arcs 
Atomic transition system #351: init h=0
Composite transition system with 351/480 vars: current size: 5184 (shrink threshold: 1)
Composite transition system with 351/480 vars: not applying abstraction (same number of states)
t=295.963s (after shrinking)
Merging atomic transition system #351 and composite transition system with 351/480 vars
Composite transition system with 352/480 vars: computing init and goal distances using unit-cost algorithm
Composite transition system with 352/480 vars: 5184 states, 568384 arcs 
Composite transition system with 352/480 vars: init h=4
Difference of init h values: 0
t=295.985s (after merging)
Composite transition system with 352/480 vars: not applying abstraction (same number of states)
Current peak memory increase of merge-and-shrink computation: 78848 KB

Next pair of indices: (352, 830)
Atomic transition system #352: 2 states, 6 arcs 
Atomic transition system #352: init h=0
Composite transition system with 352/480 vars: 5184 states, 568384 arcs 
Composite transition system with 352/480 vars: init h=4
t=296.161s (after computation of next merge)
Atomic transition system #352: current size: 2 (shrink threshold: 1)
Atomic transition system #352: applying abstraction (2 to 1 states)
Atomic transition system #352: simplification was not f-preserving!
Atomic transition system #352: computing init and goal distances using unit-cost algorithm
Atomic transition system #352: 1 states, 1 arcs 
Atomic transition system #352: init h=0
Composite transition system with 352/480 vars: current size: 5184 (shrink threshold: 1)
Composite transition system with 352/480 vars: not applying abstraction (same number of states)
t=296.238s (after shrinking)
Merging atomic transition system #352 and composite transition system with 352/480 vars
Composite transition system with 353/480 vars: computing init and goal distances using unit-cost algorithm
Composite transition system with 353/480 vars: 5184 states, 568384 arcs 
Composite transition system with 353/480 vars: init h=4
Difference of init h values: 0
t=296.262s (after merging)
Composite transition system with 353/480 vars: not applying abstraction (same number of states)
Current peak memory increase of merge-and-shrink computation: 78848 KB

Next pair of indices: (353, 831)
Atomic transition system #353: 2 states, 6 arcs 
Atomic transition system #353: init h=0
Composite transition system with 353/480 vars: 5184 states, 568384 arcs 
Composite transition system with 353/480 vars: init h=4
t=296.436s (after computation of next merge)
Atomic transition system #353: current size: 2 (shrink threshold: 1)
Atomic transition system #353: applying abstraction (2 to 1 states)
Atomic transition system #353: simplification was not f-preserving!
Atomic transition system #353: computing init and goal distances using unit-cost algorithm
Atomic transition system #353: 1 states, 1 arcs 
Atomic transition system #353: init h=0
Composite transition system with 353/480 vars: current size: 5184 (shrink threshold: 1)
Composite transition system with 353/480 vars: not applying abstraction (same number of states)
t=296.513s (after shrinking)
Merging atomic transition system #353 and composite transition system with 353/480 vars
Composite transition system with 354/480 vars: computing init and goal distances using unit-cost algorithm
Composite transition system with 354/480 vars: 5184 states, 568384 arcs 
Composite transition system with 354/480 vars: init h=4
Difference of init h values: 0
t=296.535s (after merging)
Composite transition system with 354/480 vars: not applying abstraction (same number of states)
Current peak memory increase of merge-and-shrink computation: 78848 KB

Next pair of indices: (354, 832)
Atomic transition system #354: 2 states, 6 arcs 
Atomic transition system #354: init h=0
Composite transition system with 354/480 vars: 5184 states, 568384 arcs 
Composite transition system with 354/480 vars: init h=4
t=296.705s (after computation of next merge)
Atomic transition system #354: current size: 2 (shrink threshold: 1)
Atomic transition system #354: applying abstraction (2 to 1 states)
Atomic transition system #354: simplification was not f-preserving!
Atomic transition system #354: computing init and goal distances using unit-cost algorithm
Atomic transition system #354: 1 states, 1 arcs 
Atomic transition system #354: init h=0
Composite transition system with 354/480 vars: current size: 5184 (shrink threshold: 1)
Composite transition system with 354/480 vars: not applying abstraction (same number of states)
t=296.778s (after shrinking)
Merging atomic transition system #354 and composite transition system with 354/480 vars
Composite transition system with 355/480 vars: computing init and goal distances using unit-cost algorithm
Composite transition system with 355/480 vars: 5184 states, 568384 arcs 
Composite transition system with 355/480 vars: init h=4
Difference of init h values: 0
t=296.799s (after merging)
Composite transition system with 355/480 vars: not applying abstraction (same number of states)
Current peak memory increase of merge-and-shrink computation: 78848 KB

Next pair of indices: (355, 833)
Atomic transition system #355: 2 states, 6 arcs 
Atomic transition system #355: init h=0
Composite transition system with 355/480 vars: 5184 states, 568384 arcs 
Composite transition system with 355/480 vars: init h=4
t=296.967s (after computation of next merge)
Atomic transition system #355: current size: 2 (shrink threshold: 1)
Atomic transition system #355: applying abstraction (2 to 1 states)
Atomic transition system #355: simplification was not f-preserving!
Atomic transition system #355: computing init and goal distances using unit-cost algorithm
Atomic transition system #355: 1 states, 1 arcs 
Atomic transition system #355: init h=0
Composite transition system with 355/480 vars: current size: 5184 (shrink threshold: 1)
Composite transition system with 355/480 vars: not applying abstraction (same number of states)
t=297.048s (after shrinking)
Merging atomic transition system #355 and composite transition system with 355/480 vars
Composite transition system with 356/480 vars: computing init and goal distances using unit-cost algorithm
Composite transition system with 356/480 vars: 5184 states, 568384 arcs 
Composite transition system with 356/480 vars: init h=4
Difference of init h values: 0
t=297.071s (after merging)
Composite transition system with 356/480 vars: not applying abstraction (same number of states)
Current peak memory increase of merge-and-shrink computation: 78848 KB

Next pair of indices: (356, 834)
Atomic transition system #356: 2 states, 6 arcs 
Atomic transition system #356: init h=0
Composite transition system with 356/480 vars: 5184 states, 568384 arcs 
Composite transition system with 356/480 vars: init h=4
t=297.253s (after computation of next merge)
Atomic transition system #356: current size: 2 (shrink threshold: 1)
Atomic transition system #356: applying abstraction (2 to 1 states)
Atomic transition system #356: simplification was not f-preserving!
Atomic transition system #356: computing init and goal distances using unit-cost algorithm
Atomic transition system #356: 1 states, 1 arcs 
Atomic transition system #356: init h=0
Composite transition system with 356/480 vars: current size: 5184 (shrink threshold: 1)
Composite transition system with 356/480 vars: not applying abstraction (same number of states)
t=297.33s (after shrinking)
Merging atomic transition system #356 and composite transition system with 356/480 vars
Composite transition system with 357/480 vars: computing init and goal distances using unit-cost algorithm
Composite transition system with 357/480 vars: 5184 states, 568384 arcs 
Composite transition system with 357/480 vars: init h=4
Difference of init h values: 0
t=297.353s (after merging)
Composite transition system with 357/480 vars: not applying abstraction (same number of states)
Current peak memory increase of merge-and-shrink computation: 78848 KB

Next pair of indices: (357, 835)
Atomic transition system #357: 2 states, 6 arcs 
Atomic transition system #357: init h=0
Composite transition system with 357/480 vars: 5184 states, 568384 arcs 
Composite transition system with 357/480 vars: init h=4
t=297.53s (after computation of next merge)
Atomic transition system #357: current size: 2 (shrink threshold: 1)
Atomic transition system #357: applying abstraction (2 to 1 states)
Atomic transition system #357: simplification was not f-preserving!
Atomic transition system #357: computing init and goal distances using unit-cost algorithm
Atomic transition system #357: 1 states, 1 arcs 
Atomic transition system #357: init h=0
Composite transition system with 357/480 vars: current size: 5184 (shrink threshold: 1)
Composite transition system with 357/480 vars: not applying abstraction (same number of states)
t=297.604s (after shrinking)
Merging atomic transition system #357 and composite transition system with 357/480 vars
Composite transition system with 358/480 vars: computing init and goal distances using unit-cost algorithm
Composite transition system with 358/480 vars: 5184 states, 568384 arcs 
Composite transition system with 358/480 vars: init h=4
Difference of init h values: 0
t=297.626s (after merging)
Composite transition system with 358/480 vars: not applying abstraction (same number of states)
Current peak memory increase of merge-and-shrink computation: 78848 KB

Next pair of indices: (358, 836)
Atomic transition system #358: 2 states, 6 arcs 
Atomic transition system #358: init h=0
Composite transition system with 358/480 vars: 5184 states, 568384 arcs 
Composite transition system with 358/480 vars: init h=4
t=297.791s (after computation of next merge)
Atomic transition system #358: current size: 2 (shrink threshold: 1)
Atomic transition system #358: applying abstraction (2 to 1 states)
Atomic transition system #358: simplification was not f-preserving!
Atomic transition system #358: computing init and goal distances using unit-cost algorithm
Atomic transition system #358: 1 states, 1 arcs 
Atomic transition system #358: init h=0
Composite transition system with 358/480 vars: current size: 5184 (shrink threshold: 1)
Composite transition system with 358/480 vars: not applying abstraction (same number of states)
t=297.864s (after shrinking)
Merging atomic transition system #358 and composite transition system with 358/480 vars
Composite transition system with 359/480 vars: computing init and goal distances using unit-cost algorithm
Composite transition system with 359/480 vars: 5184 states, 568384 arcs 
Composite transition system with 359/480 vars: init h=4
Difference of init h values: 0
t=297.885s (after merging)
Composite transition system with 359/480 vars: not applying abstraction (same number of states)
Current peak memory increase of merge-and-shrink computation: 78848 KB

Next pair of indices: (359, 837)
Atomic transition system #359: 2 states, 6 arcs 
Atomic transition system #359: init h=1
Composite transition system with 359/480 vars: 5184 states, 568384 arcs 
Composite transition system with 359/480 vars: init h=4
t=298.044s (after computation of next merge)
Atomic transition system #359: current size: 2 (shrink threshold: 1)
Atomic transition system #359: not applying abstraction (same number of states)
Composite transition system with 359/480 vars: current size: 5184 (shrink threshold: 1)
Composite transition system with 359/480 vars: not applying abstraction (same number of states)
Merging atomic transition system #359 and composite transition system with 359/480 vars
Composite transition system with 360/480 vars: computing init and goal distances using unit-cost algorithm
Composite transition system with 360/480 vars: 10368 states, 1729792 arcs 
Composite transition system with 360/480 vars: init h=4
Difference of init h values: 0
t=298.273s (after merging)
Composite transition system with 360/480 vars: not applying abstraction (same number of states)
Current peak memory increase of merge-and-shrink computation: 78848 KB

Next pair of indices: (360, 838)
Atomic transition system #360: 2 states, 6 arcs 
Atomic transition system #360: init h=0
Composite transition system with 360/480 vars: 10368 states, 1729792 arcs 
Composite transition system with 360/480 vars: init h=4
t=298.408s (after computation of next merge)
Atomic transition system #360: current size: 2 (shrink threshold: 1)
Atomic transition system #360: applying abstraction (2 to 1 states)
Atomic transition system #360: simplification was not f-preserving!
Atomic transition system #360: computing init and goal distances using unit-cost algorithm
Atomic transition system #360: 1 states, 1 arcs 
Atomic transition system #360: init h=0
Composite transition system with 360/480 vars: current size: 10368 (shrink threshold: 1)
Composite transition system with 360/480 vars: applying abstraction (10368 to 5984 states)
Composite transition system with 360/480 vars: simplification was not f-preserving!
Composite transition system with 360/480 vars: computing init and goal distances using unit-cost algorithm
Composite transition system with 360/480 vars: 5984 states, 719648 arcs 
Composite transition system with 360/480 vars: init h=4
t=298.774s (after shrinking)
Merging atomic transition system #360 and composite transition system with 360/480 vars
Composite transition system with 361/480 vars: computing init and goal distances using unit-cost algorithm
Composite transition system with 361/480 vars: 5984 states, 719648 arcs 
Composite transition system with 361/480 vars: init h=4
Difference of init h values: 0
t=298.8s (after merging)
Composite transition system with 361/480 vars: not applying abstraction (same number of states)
Current peak memory increase of merge-and-shrink computation: 78848 KB

Next pair of indices: (361, 839)
Atomic transition system #361: 2 states, 6 arcs 
Atomic transition system #361: init h=0
Composite transition system with 361/480 vars: 5984 states, 719648 arcs 
Composite transition system with 361/480 vars: init h=4
t=298.934s (after computation of next merge)
Atomic transition system #361: current size: 2 (shrink threshold: 1)
Atomic transition system #361: applying abstraction (2 to 1 states)
Atomic transition system #361: simplification was not f-preserving!
Atomic transition system #361: computing init and goal distances using unit-cost algorithm
Atomic transition system #361: 1 states, 1 arcs 
Atomic transition system #361: init h=0
Composite transition system with 361/480 vars: current size: 5984 (shrink threshold: 1)
Composite transition system with 361/480 vars: not applying abstraction (same number of states)
t=299.022s (after shrinking)
Merging atomic transition system #361 and composite transition system with 361/480 vars
Composite transition system with 362/480 vars: computing init and goal distances using unit-cost algorithm
Composite transition system with 362/480 vars: 5984 states, 719648 arcs 
Composite transition system with 362/480 vars: init h=4
Difference of init h values: 0
t=299.048s (after merging)
Composite transition system with 362/480 vars: not applying abstraction (same number of states)
Current peak memory increase of merge-and-shrink computation: 78848 KB

Next pair of indices: (362, 840)
Atomic transition system #362: 2 states, 6 arcs 
Atomic transition system #362: init h=0
Composite transition system with 362/480 vars: 5984 states, 719648 arcs 
Composite transition system with 362/480 vars: init h=4
t=299.183s (after computation of next merge)
Atomic transition system #362: current size: 2 (shrink threshold: 1)
Atomic transition system #362: applying abstraction (2 to 1 states)
Atomic transition system #362: simplification was not f-preserving!
Atomic transition system #362: computing init and goal distances using unit-cost algorithm
Atomic transition system #362: 1 states, 1 arcs 
Atomic transition system #362: init h=0
Composite transition system with 362/480 vars: current size: 5984 (shrink threshold: 1)
Composite transition system with 362/480 vars: not applying abstraction (same number of states)
t=299.277s (after shrinking)
Merging atomic transition system #362 and composite transition system with 362/480 vars
Composite transition system with 363/480 vars: computing init and goal distances using unit-cost algorithm
Composite transition system with 363/480 vars: 5984 states, 719648 arcs 
Composite transition system with 363/480 vars: init h=4
Difference of init h values: 0
t=299.305s (after merging)
Composite transition system with 363/480 vars: not applying abstraction (same number of states)
Current peak memory increase of merge-and-shrink computation: 78848 KB

Next pair of indices: (363, 841)
Atomic transition system #363: 2 states, 6 arcs 
Atomic transition system #363: init h=0
Composite transition system with 363/480 vars: 5984 states, 719648 arcs 
Composite transition system with 363/480 vars: init h=4
t=299.442s (after computation of next merge)
Atomic transition system #363: current size: 2 (shrink threshold: 1)
Atomic transition system #363: applying abstraction (2 to 1 states)
Atomic transition system #363: simplification was not f-preserving!
Atomic transition system #363: computing init and goal distances using unit-cost algorithm
Atomic transition system #363: 1 states, 1 arcs 
Atomic transition system #363: init h=0
Composite transition system with 363/480 vars: current size: 5984 (shrink threshold: 1)
Composite transition system with 363/480 vars: not applying abstraction (same number of states)
t=299.537s (after shrinking)
Merging atomic transition system #363 and composite transition system with 363/480 vars
Composite transition system with 364/480 vars: computing init and goal distances using unit-cost algorithm
Composite transition system with 364/480 vars: 5984 states, 719648 arcs 
Composite transition system with 364/480 vars: init h=4
Difference of init h values: 0
t=299.565s (after merging)
Composite transition system with 364/480 vars: not applying abstraction (same number of states)
Current peak memory increase of merge-and-shrink computation: 78848 KB

Next pair of indices: (364, 842)
Atomic transition system #364: 2 states, 6 arcs 
Atomic transition system #364: init h=0
Composite transition system with 364/480 vars: 5984 states, 719648 arcs 
Composite transition system with 364/480 vars: init h=4
t=299.704s (after computation of next merge)
Atomic transition system #364: current size: 2 (shrink threshold: 1)
Atomic transition system #364: applying abstraction (2 to 1 states)
Atomic transition system #364: simplification was not f-preserving!
Atomic transition system #364: computing init and goal distances using unit-cost algorithm
Atomic transition system #364: 1 states, 1 arcs 
Atomic transition system #364: init h=0
Composite transition system with 364/480 vars: current size: 5984 (shrink threshold: 1)
Composite transition system with 364/480 vars: not applying abstraction (same number of states)
t=299.793s (after shrinking)
Merging atomic transition system #364 and composite transition system with 364/480 vars
Composite transition system with 365/480 vars: computing init and goal distances using unit-cost algorithm
Composite transition system with 365/480 vars: 5984 states, 719648 arcs 
Composite transition system with 365/480 vars: init h=4
Difference of init h values: 0
t=299.826s (after merging)
Composite transition system with 365/480 vars: not applying abstraction (same number of states)
Current peak memory increase of merge-and-shrink computation: 78848 KB

Next pair of indices: (365, 843)
Atomic transition system #365: 2 states, 6 arcs 
Atomic transition system #365: init h=0
Composite transition system with 365/480 vars: 5984 states, 719648 arcs 
Composite transition system with 365/480 vars: init h=4
t=299.971s (after computation of next merge)
Atomic transition system #365: current size: 2 (shrink threshold: 1)
Atomic transition system #365: applying abstraction (2 to 1 states)
Atomic transition system #365: simplification was not f-preserving!
Atomic transition system #365: computing init and goal distances using unit-cost algorithm
Atomic transition system #365: 1 states, 1 arcs 
Atomic transition system #365: init h=0
Composite transition system with 365/480 vars: current size: 5984 (shrink threshold: 1)
Composite transition system with 365/480 vars: not applying abstraction (same number of states)
t=300.071s (after shrinking)
Merging atomic transition system #365 and composite transition system with 365/480 vars
Composite transition system with 366/480 vars: computing init and goal distances using unit-cost algorithm
Composite transition system with 366/480 vars: 5984 states, 719648 arcs 
Composite transition system with 366/480 vars: init h=4
Difference of init h values: 0
t=300.1s (after merging)
Composite transition system with 366/480 vars: not applying abstraction (same number of states)
Current peak memory increase of merge-and-shrink computation: 78848 KB

Next pair of indices: (366, 844)
Atomic transition system #366: 2 states, 6 arcs 
Atomic transition system #366: init h=0
Composite transition system with 366/480 vars: 5984 states, 719648 arcs 
Composite transition system with 366/480 vars: init h=4
t=300.237s (after computation of next merge)
Atomic transition system #366: current size: 2 (shrink threshold: 1)
Atomic transition system #366: applying abstraction (2 to 1 states)
Atomic transition system #366: simplification was not f-preserving!
Atomic transition system #366: computing init and goal distances using unit-cost algorithm
Atomic transition system #366: 1 states, 1 arcs 
Atomic transition system #366: init h=0
Composite transition system with 366/480 vars: current size: 5984 (shrink threshold: 1)
Composite transition system with 366/480 vars: not applying abstraction (same number of states)
t=300.332s (after shrinking)
Merging atomic transition system #366 and composite transition system with 366/480 vars
Composite transition system with 367/480 vars: computing init and goal distances using unit-cost algorithm
Composite transition system with 367/480 vars: 5984 states, 719648 arcs 
Composite transition system with 367/480 vars: init h=4
Difference of init h values: 0
t=300.36s (after merging)
Composite transition system with 367/480 vars: not applying abstraction (same number of states)
Current peak memory increase of merge-and-shrink computation: 78848 KB

Next pair of indices: (367, 845)
Atomic transition system #367: 2 states, 6 arcs 
Atomic transition system #367: init h=0
Composite transition system with 367/480 vars: 5984 states, 719648 arcs 
Composite transition system with 367/480 vars: init h=4
t=300.497s (after computation of next merge)
Atomic transition system #367: current size: 2 (shrink threshold: 1)
Atomic transition system #367: applying abstraction (2 to 1 states)
Atomic transition system #367: simplification was not f-preserving!
Atomic transition system #367: computing init and goal distances using unit-cost algorithm
Atomic transition system #367: 1 states, 1 arcs 
Atomic transition system #367: init h=0
Composite transition system with 367/480 vars: current size: 5984 (shrink threshold: 1)
Composite transition system with 367/480 vars: not applying abstraction (same number of states)
t=300.587s (after shrinking)
Merging atomic transition system #367 and composite transition system with 367/480 vars
Composite transition system with 368/480 vars: computing init and goal distances using unit-cost algorithm
Composite transition system with 368/480 vars: 5984 states, 719648 arcs 
Composite transition system with 368/480 vars: init h=4
Difference of init h values: 0
t=300.616s (after merging)
Composite transition system with 368/480 vars: not applying abstraction (same number of states)
Current peak memory increase of merge-and-shrink computation: 78848 KB

Next pair of indices: (368, 846)
Atomic transition system #368: 2 states, 6 arcs 
Atomic transition system #368: init h=0
Composite transition system with 368/480 vars: 5984 states, 719648 arcs 
Composite transition system with 368/480 vars: init h=4
t=300.753s (after computation of next merge)
Atomic transition system #368: current size: 2 (shrink threshold: 1)
Atomic transition system #368: applying abstraction (2 to 1 states)
Atomic transition system #368: simplification was not f-preserving!
Atomic transition system #368: computing init and goal distances using unit-cost algorithm
Atomic transition system #368: 1 states, 1 arcs 
Atomic transition system #368: init h=0
Composite transition system with 368/480 vars: current size: 5984 (shrink threshold: 1)
Composite transition system with 368/480 vars: not applying abstraction (same number of states)
t=300.847s (after shrinking)
Merging atomic transition system #368 and composite transition system with 368/480 vars
Composite transition system with 369/480 vars: computing init and goal distances using unit-cost algorithm
Composite transition system with 369/480 vars: 5984 states, 719648 arcs 
Composite transition system with 369/480 vars: init h=4
Difference of init h values: 0
t=300.881s (after merging)
Composite transition system with 369/480 vars: not applying abstraction (same number of states)
Current peak memory increase of merge-and-shrink computation: 78848 KB

Next pair of indices: (369, 847)
Atomic transition system #369: 2 states, 6 arcs 
Atomic transition system #369: init h=0
Composite transition system with 369/480 vars: 5984 states, 719648 arcs 
Composite transition system with 369/480 vars: init h=4
t=301.011s (after computation of next merge)
Atomic transition system #369: current size: 2 (shrink threshold: 1)
Atomic transition system #369: applying abstraction (2 to 1 states)
Atomic transition system #369: simplification was not f-preserving!
Atomic transition system #369: computing init and goal distances using unit-cost algorithm
Atomic transition system #369: 1 states, 1 arcs 
Atomic transition system #369: init h=0
Composite transition system with 369/480 vars: current size: 5984 (shrink threshold: 1)
Composite transition system with 369/480 vars: not applying abstraction (same number of states)
t=301.105s (after shrinking)
Merging atomic transition system #369 and composite transition system with 369/480 vars
Composite transition system with 370/480 vars: computing init and goal distances using unit-cost algorithm
Composite transition system with 370/480 vars: 5984 states, 719648 arcs 
Composite transition system with 370/480 vars: init h=4
Difference of init h values: 0
t=301.138s (after merging)
Composite transition system with 370/480 vars: not applying abstraction (same number of states)
Current peak memory increase of merge-and-shrink computation: 78848 KB

Next pair of indices: (370, 848)
Atomic transition system #370: 2 states, 6 arcs 
Atomic transition system #370: init h=0
Composite transition system with 370/480 vars: 5984 states, 719648 arcs 
Composite transition system with 370/480 vars: init h=4
t=301.272s (after computation of next merge)
Atomic transition system #370: current size: 2 (shrink threshold: 1)
Atomic transition system #370: applying abstraction (2 to 1 states)
Atomic transition system #370: simplification was not f-preserving!
Atomic transition system #370: computing init and goal distances using unit-cost algorithm
Atomic transition system #370: 1 states, 1 arcs 
Atomic transition system #370: init h=0
Composite transition system with 370/480 vars: current size: 5984 (shrink threshold: 1)
Composite transition system with 370/480 vars: not applying abstraction (same number of states)
t=301.363s (after shrinking)
Merging atomic transition system #370 and composite transition system with 370/480 vars
Composite transition system with 371/480 vars: computing init and goal distances using unit-cost algorithm
Composite transition system with 371/480 vars: 5984 states, 719648 arcs 
Composite transition system with 371/480 vars: init h=4
Difference of init h values: 0
t=301.392s (after merging)
Composite transition system with 371/480 vars: not applying abstraction (same number of states)
Current peak memory increase of merge-and-shrink computation: 78848 KB

Next pair of indices: (371, 849)
Atomic transition system #371: 2 states, 6 arcs 
Atomic transition system #371: init h=0
Composite transition system with 371/480 vars: 5984 states, 719648 arcs 
Composite transition system with 371/480 vars: init h=4
t=301.526s (after computation of next merge)
Atomic transition system #371: current size: 2 (shrink threshold: 1)
Atomic transition system #371: applying abstraction (2 to 1 states)
Atomic transition system #371: simplification was not f-preserving!
Atomic transition system #371: computing init and goal distances using unit-cost algorithm
Atomic transition system #371: 1 states, 1 arcs 
Atomic transition system #371: init h=0
Composite transition system with 371/480 vars: current size: 5984 (shrink threshold: 1)
Composite transition system with 371/480 vars: not applying abstraction (same number of states)
t=301.617s (after shrinking)
Merging atomic transition system #371 and composite transition system with 371/480 vars
Composite transition system with 372/480 vars: computing init and goal distances using unit-cost algorithm
Composite transition system with 372/480 vars: 5984 states, 719648 arcs 
Composite transition system with 372/480 vars: init h=4
Difference of init h values: 0
t=301.65s (after merging)
Composite transition system with 372/480 vars: not applying abstraction (same number of states)
Current peak memory increase of merge-and-shrink computation: 78848 KB

Next pair of indices: (372, 850)
Atomic transition system #372: 2 states, 6 arcs 
Atomic transition system #372: init h=0
Composite transition system with 372/480 vars: 5984 states, 719648 arcs 
Composite transition system with 372/480 vars: init h=4
t=301.782s (after computation of next merge)
Atomic transition system #372: current size: 2 (shrink threshold: 1)
Atomic transition system #372: applying abstraction (2 to 1 states)
Atomic transition system #372: simplification was not f-preserving!
Atomic transition system #372: computing init and goal distances using unit-cost algorithm
Atomic transition system #372: 1 states, 1 arcs 
Atomic transition system #372: init h=0
Composite transition system with 372/480 vars: current size: 5984 (shrink threshold: 1)
Composite transition system with 372/480 vars: not applying abstraction (same number of states)
t=301.881s (after shrinking)
Merging atomic transition system #372 and composite transition system with 372/480 vars
Composite transition system with 373/480 vars: computing init and goal distances using unit-cost algorithm
Composite transition system with 373/480 vars: 5984 states, 719648 arcs 
Composite transition system with 373/480 vars: init h=4
Difference of init h values: 0
t=301.912s (after merging)
Composite transition system with 373/480 vars: not applying abstraction (same number of states)
Current peak memory increase of merge-and-shrink computation: 78848 KB

Next pair of indices: (373, 851)
Atomic transition system #373: 2 states, 6 arcs 
Atomic transition system #373: init h=0
Composite transition system with 373/480 vars: 5984 states, 719648 arcs 
Composite transition system with 373/480 vars: init h=4
t=302.043s (after computation of next merge)
Atomic transition system #373: current size: 2 (shrink threshold: 1)
Atomic transition system #373: applying abstraction (2 to 1 states)
Atomic transition system #373: simplification was not f-preserving!
Atomic transition system #373: computing init and goal distances using unit-cost algorithm
Atomic transition system #373: 1 states, 1 arcs 
Atomic transition system #373: init h=0
Composite transition system with 373/480 vars: current size: 5984 (shrink threshold: 1)
Composite transition system with 373/480 vars: not applying abstraction (same number of states)
t=302.142s (after shrinking)
Merging atomic transition system #373 and composite transition system with 373/480 vars
Composite transition system with 374/480 vars: computing init and goal distances using unit-cost algorithm
Composite transition system with 374/480 vars: 5984 states, 719648 arcs 
Composite transition system with 374/480 vars: init h=4
Difference of init h values: 0
t=302.17s (after merging)
Composite transition system with 374/480 vars: not applying abstraction (same number of states)
Current peak memory increase of merge-and-shrink computation: 78848 KB

Next pair of indices: (374, 852)
Atomic transition system #374: 2 states, 6 arcs 
Atomic transition system #374: init h=0
Composite transition system with 374/480 vars: 5984 states, 719648 arcs 
Composite transition system with 374/480 vars: init h=4
t=302.293s (after computation of next merge)
Atomic transition system #374: current size: 2 (shrink threshold: 1)
Atomic transition system #374: applying abstraction (2 to 1 states)
Atomic transition system #374: simplification was not f-preserving!
Atomic transition system #374: computing init and goal distances using unit-cost algorithm
Atomic transition system #374: 1 states, 1 arcs 
Atomic transition system #374: init h=0
Composite transition system with 374/480 vars: current size: 5984 (shrink threshold: 1)
Composite transition system with 374/480 vars: not applying abstraction (same number of states)
t=302.381s (after shrinking)
Merging atomic transition system #374 and composite transition system with 374/480 vars
Composite transition system with 375/480 vars: computing init and goal distances using unit-cost algorithm
Composite transition system with 375/480 vars: 5984 states, 719648 arcs 
Composite transition system with 375/480 vars: init h=4
Difference of init h values: 0
t=302.41s (after merging)
Composite transition system with 375/480 vars: not applying abstraction (same number of states)
Current peak memory increase of merge-and-shrink computation: 78848 KB

Next pair of indices: (375, 853)
Atomic transition system #375: 2 states, 6 arcs 
Atomic transition system #375: init h=0
Composite transition system with 375/480 vars: 5984 states, 719648 arcs 
Composite transition system with 375/480 vars: init h=4
t=302.535s (after computation of next merge)
Atomic transition system #375: current size: 2 (shrink threshold: 1)
Atomic transition system #375: applying abstraction (2 to 1 states)
Atomic transition system #375: simplification was not f-preserving!
Atomic transition system #375: computing init and goal distances using unit-cost algorithm
Atomic transition system #375: 1 states, 1 arcs 
Atomic transition system #375: init h=0
Composite transition system with 375/480 vars: current size: 5984 (shrink threshold: 1)
Composite transition system with 375/480 vars: not applying abstraction (same number of states)
t=302.63s (after shrinking)
Merging atomic transition system #375 and composite transition system with 375/480 vars
Composite transition system with 376/480 vars: computing init and goal distances using unit-cost algorithm
Composite transition system with 376/480 vars: 5984 states, 719648 arcs 
Composite transition system with 376/480 vars: init h=4
Difference of init h values: 0
t=302.659s (after merging)
Composite transition system with 376/480 vars: not applying abstraction (same number of states)
Current peak memory increase of merge-and-shrink computation: 78848 KB

Next pair of indices: (376, 854)
Atomic transition system #376: 2 states, 6 arcs 
Atomic transition system #376: init h=0
Composite transition system with 376/480 vars: 5984 states, 719648 arcs 
Composite transition system with 376/480 vars: init h=4
t=302.786s (after computation of next merge)
Atomic transition system #376: current size: 2 (shrink threshold: 1)
Atomic transition system #376: applying abstraction (2 to 1 states)
Atomic transition system #376: simplification was not f-preserving!
Atomic transition system #376: computing init and goal distances using unit-cost algorithm
Atomic transition system #376: 1 states, 1 arcs 
Atomic transition system #376: init h=0
Composite transition system with 376/480 vars: current size: 5984 (shrink threshold: 1)
Composite transition system with 376/480 vars: not applying abstraction (same number of states)
t=302.887s (after shrinking)
Merging atomic transition system #376 and composite transition system with 376/480 vars
Composite transition system with 377/480 vars: computing init and goal distances using unit-cost algorithm
Composite transition system with 377/480 vars: 5984 states, 719648 arcs 
Composite transition system with 377/480 vars: init h=4
Difference of init h values: 0
t=302.914s (after merging)
Composite transition system with 377/480 vars: not applying abstraction (same number of states)
Current peak memory increase of merge-and-shrink computation: 78848 KB

Next pair of indices: (377, 855)
Atomic transition system #377: 2 states, 6 arcs 
Atomic transition system #377: init h=0
Composite transition system with 377/480 vars: 5984 states, 719648 arcs 
Composite transition system with 377/480 vars: init h=4
t=303.031s (after computation of next merge)
Atomic transition system #377: current size: 2 (shrink threshold: 1)
Atomic transition system #377: applying abstraction (2 to 1 states)
Atomic transition system #377: simplification was not f-preserving!
Atomic transition system #377: computing init and goal distances using unit-cost algorithm
Atomic transition system #377: 1 states, 1 arcs 
Atomic transition system #377: init h=0
Composite transition system with 377/480 vars: current size: 5984 (shrink threshold: 1)
Composite transition system with 377/480 vars: not applying abstraction (same number of states)
t=303.121s (after shrinking)
Merging atomic transition system #377 and composite transition system with 377/480 vars
Composite transition system with 378/480 vars: computing init and goal distances using unit-cost algorithm
Composite transition system with 378/480 vars: 5984 states, 719648 arcs 
Composite transition system with 378/480 vars: init h=4
Difference of init h values: 0
t=303.148s (after merging)
Composite transition system with 378/480 vars: not applying abstraction (same number of states)
Current peak memory increase of merge-and-shrink computation: 78848 KB

Next pair of indices: (378, 856)
Atomic transition system #378: 2 states, 6 arcs 
Atomic transition system #378: init h=0
Composite transition system with 378/480 vars: 5984 states, 719648 arcs 
Composite transition system with 378/480 vars: init h=4
t=303.261s (after computation of next merge)
Atomic transition system #378: current size: 2 (shrink threshold: 1)
Atomic transition system #378: applying abstraction (2 to 1 states)
Atomic transition system #378: simplification was not f-preserving!
Atomic transition system #378: computing init and goal distances using unit-cost algorithm
Atomic transition system #378: 1 states, 1 arcs 
Atomic transition system #378: init h=0
Composite transition system with 378/480 vars: current size: 5984 (shrink threshold: 1)
Composite transition system with 378/480 vars: not applying abstraction (same number of states)
t=303.351s (after shrinking)
Merging atomic transition system #378 and composite transition system with 378/480 vars
Composite transition system with 379/480 vars: computing init and goal distances using unit-cost algorithm
Composite transition system with 379/480 vars: 5984 states, 719648 arcs 
Composite transition system with 379/480 vars: init h=4
Difference of init h values: 0
t=303.382s (after merging)
Composite transition system with 379/480 vars: not applying abstraction (same number of states)
Current peak memory increase of merge-and-shrink computation: 78848 KB

Next pair of indices: (379, 857)
Atomic transition system #379: 2 states, 6 arcs 
Atomic transition system #379: init h=0
Composite transition system with 379/480 vars: 5984 states, 719648 arcs 
Composite transition system with 379/480 vars: init h=4
t=303.497s (after computation of next merge)
Atomic transition system #379: current size: 2 (shrink threshold: 1)
Atomic transition system #379: applying abstraction (2 to 1 states)
Atomic transition system #379: simplification was not f-preserving!
Atomic transition system #379: computing init and goal distances using unit-cost algorithm
Atomic transition system #379: 1 states, 1 arcs 
Atomic transition system #379: init h=0
Composite transition system with 379/480 vars: current size: 5984 (shrink threshold: 1)
Composite transition system with 379/480 vars: not applying abstraction (same number of states)
t=303.591s (after shrinking)
Merging atomic transition system #379 and composite transition system with 379/480 vars
Composite transition system with 380/480 vars: computing init and goal distances using unit-cost algorithm
Composite transition system with 380/480 vars: 5984 states, 719648 arcs 
Composite transition system with 380/480 vars: init h=4
Difference of init h values: 0
t=303.619s (after merging)
Composite transition system with 380/480 vars: not applying abstraction (same number of states)
Current peak memory increase of merge-and-shrink computation: 78848 KB

Next pair of indices: (380, 858)
Atomic transition system #380: 2 states, 6 arcs 
Atomic transition system #380: init h=0
Composite transition system with 380/480 vars: 5984 states, 719648 arcs 
Composite transition system with 380/480 vars: init h=4
t=303.734s (after computation of next merge)
Atomic transition system #380: current size: 2 (shrink threshold: 1)
Atomic transition system #380: applying abstraction (2 to 1 states)
Atomic transition system #380: simplification was not f-preserving!
Atomic transition system #380: computing init and goal distances using unit-cost algorithm
Atomic transition system #380: 1 states, 1 arcs 
Atomic transition system #380: init h=0
Composite transition system with 380/480 vars: current size: 5984 (shrink threshold: 1)
Composite transition system with 380/480 vars: not applying abstraction (same number of states)
t=303.823s (after shrinking)
Merging atomic transition system #380 and composite transition system with 380/480 vars
Composite transition system with 381/480 vars: computing init and goal distances using unit-cost algorithm
Composite transition system with 381/480 vars: 5984 states, 719648 arcs 
Composite transition system with 381/480 vars: init h=4
Difference of init h values: 0
t=303.852s (after merging)
Composite transition system with 381/480 vars: not applying abstraction (same number of states)
Current peak memory increase of merge-and-shrink computation: 78848 KB

Next pair of indices: (381, 859)
Atomic transition system #381: 2 states, 6 arcs 
Atomic transition system #381: init h=0
Composite transition system with 381/480 vars: 5984 states, 719648 arcs 
Composite transition system with 381/480 vars: init h=4
t=303.973s (after computation of next merge)
Atomic transition system #381: current size: 2 (shrink threshold: 1)
Atomic transition system #381: applying abstraction (2 to 1 states)
Atomic transition system #381: simplification was not f-preserving!
Atomic transition system #381: computing init and goal distances using unit-cost algorithm
Atomic transition system #381: 1 states, 1 arcs 
Atomic transition system #381: init h=0
Composite transition system with 381/480 vars: current size: 5984 (shrink threshold: 1)
Composite transition system with 381/480 vars: not applying abstraction (same number of states)
t=304.07s (after shrinking)
Merging atomic transition system #381 and composite transition system with 381/480 vars
Composite transition system with 382/480 vars: computing init and goal distances using unit-cost algorithm
Composite transition system with 382/480 vars: 5984 states, 719648 arcs 
Composite transition system with 382/480 vars: init h=4
Difference of init h values: 0
t=304.1s (after merging)
Composite transition system with 382/480 vars: not applying abstraction (same number of states)
Current peak memory increase of merge-and-shrink computation: 78848 KB

Next pair of indices: (382, 860)
Atomic transition system #382: 2 states, 6 arcs 
Atomic transition system #382: init h=0
Composite transition system with 382/480 vars: 5984 states, 719648 arcs 
Composite transition system with 382/480 vars: init h=4
t=304.222s (after computation of next merge)
Atomic transition system #382: current size: 2 (shrink threshold: 1)
Atomic transition system #382: applying abstraction (2 to 1 states)
Atomic transition system #382: simplification was not f-preserving!
Atomic transition system #382: computing init and goal distances using unit-cost algorithm
Atomic transition system #382: 1 states, 1 arcs 
Atomic transition system #382: init h=0
Composite transition system with 382/480 vars: current size: 5984 (shrink threshold: 1)
Composite transition system with 382/480 vars: not applying abstraction (same number of states)
t=304.316s (after shrinking)
Merging atomic transition system #382 and composite transition system with 382/480 vars
Composite transition system with 383/480 vars: computing init and goal distances using unit-cost algorithm
Composite transition system with 383/480 vars: 5984 states, 719648 arcs 
Composite transition system with 383/480 vars: init h=4
Difference of init h values: 0
t=304.35s (after merging)
Composite transition system with 383/480 vars: not applying abstraction (same number of states)
Current peak memory increase of merge-and-shrink computation: 78848 KB

Next pair of indices: (383, 861)
Atomic transition system #383: 2 states, 6 arcs 
Atomic transition system #383: init h=1
Composite transition system with 383/480 vars: 5984 states, 719648 arcs 
Composite transition system with 383/480 vars: init h=4
t=304.466s (after computation of next merge)
Atomic transition system #383: current size: 2 (shrink threshold: 1)
Atomic transition system #383: not applying abstraction (same number of states)
Composite transition system with 383/480 vars: current size: 5984 (shrink threshold: 1)
Composite transition system with 383/480 vars: not applying abstraction (same number of states)
Merging atomic transition system #383 and composite transition system with 383/480 vars
Composite transition system with 384/480 vars: computing init and goal distances using unit-cost algorithm
Composite transition system with 384/480 vars: 11968 states, 2174848 arcs 
Composite transition system with 384/480 vars: init h=4
Difference of init h values: 0
t=304.766s (after merging)
Composite transition system with 384/480 vars: not applying abstraction (same number of states)
Current peak memory increase of merge-and-shrink computation: 78848 KB

Next pair of indices: (384, 862)
Atomic transition system #384: 2 states, 6 arcs 
Atomic transition system #384: init h=0
Composite transition system with 384/480 vars: 11968 states, 2174848 arcs 
Composite transition system with 384/480 vars: init h=4
t=304.857s (after computation of next merge)
Atomic transition system #384: current size: 2 (shrink threshold: 1)
Atomic transition system #384: applying abstraction (2 to 1 states)
Atomic transition system #384: simplification was not f-preserving!
Atomic transition system #384: computing init and goal distances using unit-cost algorithm
Atomic transition system #384: 1 states, 1 arcs 
Atomic transition system #384: init h=0
Composite transition system with 384/480 vars: current size: 11968 (shrink threshold: 1)
Composite transition system with 384/480 vars: applying abstraction (11968 to 6928 states)
Composite transition system with 384/480 vars: simplification was not f-preserving!
Composite transition system with 384/480 vars: computing init and goal distances using unit-cost algorithm
Composite transition system with 384/480 vars: 6928 states, 915888 arcs 
Composite transition system with 384/480 vars: init h=4
t=305.288s (after shrinking)
Merging atomic transition system #384 and composite transition system with 384/480 vars
Composite transition system with 385/480 vars: computing init and goal distances using unit-cost algorithm
Composite transition system with 385/480 vars: 6928 states, 915888 arcs 
Composite transition system with 385/480 vars: init h=4
Difference of init h values: 0
t=305.329s (after merging)
Composite transition system with 385/480 vars: not applying abstraction (same number of states)
Current peak memory increase of merge-and-shrink computation: 78848 KB

Next pair of indices: (385, 863)
Atomic transition system #385: 2 states, 6 arcs 
Atomic transition system #385: init h=0
Composite transition system with 385/480 vars: 6928 states, 915888 arcs 
Composite transition system with 385/480 vars: init h=4
t=305.415s (after computation of next merge)
Atomic transition system #385: current size: 2 (shrink threshold: 1)
Atomic transition system #385: applying abstraction (2 to 1 states)
Atomic transition system #385: simplification was not f-preserving!
Atomic transition system #385: computing init and goal distances using unit-cost algorithm
Atomic transition system #385: 1 states, 1 arcs 
Atomic transition system #385: init h=0
Composite transition system with 385/480 vars: current size: 6928 (shrink threshold: 1)
Composite transition system with 385/480 vars: not applying abstraction (same number of states)
t=305.536s (after shrinking)
Merging atomic transition system #385 and composite transition system with 385/480 vars
Composite transition system with 386/480 vars: computing init and goal distances using unit-cost algorithm
Composite transition system with 386/480 vars: 6928 states, 915888 arcs 
Composite transition system with 386/480 vars: init h=4
Difference of init h values: 0
t=305.578s (after merging)
Composite transition system with 386/480 vars: not applying abstraction (same number of states)
Current peak memory increase of merge-and-shrink computation: 78848 KB

Next pair of indices: (386, 864)
Atomic transition system #386: 2 states, 6 arcs 
Atomic transition system #386: init h=0
Composite transition system with 386/480 vars: 6928 states, 915888 arcs 
Composite transition system with 386/480 vars: init h=4
t=305.665s (after computation of next merge)
Atomic transition system #386: current size: 2 (shrink threshold: 1)
Atomic transition system #386: applying abstraction (2 to 1 states)
Atomic transition system #386: simplification was not f-preserving!
Atomic transition system #386: computing init and goal distances using unit-cost algorithm
Atomic transition system #386: 1 states, 1 arcs 
Atomic transition system #386: init h=0
Composite transition system with 386/480 vars: current size: 6928 (shrink threshold: 1)
Composite transition system with 386/480 vars: not applying abstraction (same number of states)
t=305.789s (after shrinking)
Merging atomic transition system #386 and composite transition system with 386/480 vars
Composite transition system with 387/480 vars: computing init and goal distances using unit-cost algorithm
Composite transition system with 387/480 vars: 6928 states, 915888 arcs 
Composite transition system with 387/480 vars: init h=4
Difference of init h values: 0
t=305.829s (after merging)
Composite transition system with 387/480 vars: not applying abstraction (same number of states)
Current peak memory increase of merge-and-shrink computation: 78848 KB

Next pair of indices: (387, 865)
Atomic transition system #387: 2 states, 6 arcs 
Atomic transition system #387: init h=0
Composite transition system with 387/480 vars: 6928 states, 915888 arcs 
Composite transition system with 387/480 vars: init h=4
t=305.917s (after computation of next merge)
Atomic transition system #387: current size: 2 (shrink threshold: 1)
Atomic transition system #387: applying abstraction (2 to 1 states)
Atomic transition system #387: simplification was not f-preserving!
Atomic transition system #387: computing init and goal distances using unit-cost algorithm
Atomic transition system #387: 1 states, 1 arcs 
Atomic transition system #387: init h=0
Composite transition system with 387/480 vars: current size: 6928 (shrink threshold: 1)
Composite transition system with 387/480 vars: not applying abstraction (same number of states)
t=306.045s (after shrinking)
Merging atomic transition system #387 and composite transition system with 387/480 vars
Composite transition system with 388/480 vars: computing init and goal distances using unit-cost algorithm
Composite transition system with 388/480 vars: 6928 states, 915888 arcs 
Composite transition system with 388/480 vars: init h=4
Difference of init h values: 0
t=306.083s (after merging)
Composite transition system with 388/480 vars: not applying abstraction (same number of states)
Current peak memory increase of merge-and-shrink computation: 78848 KB

Next pair of indices: (388, 866)
Atomic transition system #388: 2 states, 6 arcs 
Atomic transition system #388: init h=0
Composite transition system with 388/480 vars: 6928 states, 915888 arcs 
Composite transition system with 388/480 vars: init h=4
t=306.169s (after computation of next merge)
Atomic transition system #388: current size: 2 (shrink threshold: 1)
Atomic transition system #388: applying abstraction (2 to 1 states)
Atomic transition system #388: simplification was not f-preserving!
Atomic transition system #388: computing init and goal distances using unit-cost algorithm
Atomic transition system #388: 1 states, 1 arcs 
Atomic transition system #388: init h=0
Composite transition system with 388/480 vars: current size: 6928 (shrink threshold: 1)
Composite transition system with 388/480 vars: not applying abstraction (same number of states)
t=306.287s (after shrinking)
Merging atomic transition system #388 and composite transition system with 388/480 vars
Composite transition system with 389/480 vars: computing init and goal distances using unit-cost algorithm
Composite transition system with 389/480 vars: 6928 states, 915888 arcs 
Composite transition system with 389/480 vars: init h=4
Difference of init h values: 0
t=306.327s (after merging)
Composite transition system with 389/480 vars: not applying abstraction (same number of states)
Current peak memory increase of merge-and-shrink computation: 78848 KB

Next pair of indices: (389, 867)
Atomic transition system #389: 2 states, 6 arcs 
Atomic transition system #389: init h=0
Composite transition system with 389/480 vars: 6928 states, 915888 arcs 
Composite transition system with 389/480 vars: init h=4
t=306.417s (after computation of next merge)
Atomic transition system #389: current size: 2 (shrink threshold: 1)
Atomic transition system #389: applying abstraction (2 to 1 states)
Atomic transition system #389: simplification was not f-preserving!
Atomic transition system #389: computing init and goal distances using unit-cost algorithm
Atomic transition system #389: 1 states, 1 arcs 
Atomic transition system #389: init h=0
Composite transition system with 389/480 vars: current size: 6928 (shrink threshold: 1)
Composite transition system with 389/480 vars: not applying abstraction (same number of states)
t=306.541s (after shrinking)
Merging atomic transition system #389 and composite transition system with 389/480 vars
Composite transition system with 390/480 vars: computing init and goal distances using unit-cost algorithm
Composite transition system with 390/480 vars: 6928 states, 915888 arcs 
Composite transition system with 390/480 vars: init h=4
Difference of init h values: 0
t=306.578s (after merging)
Composite transition system with 390/480 vars: not applying abstraction (same number of states)
Current peak memory increase of merge-and-shrink computation: 78848 KB

Next pair of indices: (390, 868)
Atomic transition system #390: 2 states, 6 arcs 
Atomic transition system #390: init h=0
Composite transition system with 390/480 vars: 6928 states, 915888 arcs 
Composite transition system with 390/480 vars: init h=4
t=306.667s (after computation of next merge)
Atomic transition system #390: current size: 2 (shrink threshold: 1)
Atomic transition system #390: applying abstraction (2 to 1 states)
Atomic transition system #390: simplification was not f-preserving!
Atomic transition system #390: computing init and goal distances using unit-cost algorithm
Atomic transition system #390: 1 states, 1 arcs 
Atomic transition system #390: init h=0
Composite transition system with 390/480 vars: current size: 6928 (shrink threshold: 1)
Composite transition system with 390/480 vars: not applying abstraction (same number of states)
t=306.794s (after shrinking)
Merging atomic transition system #390 and composite transition system with 390/480 vars
Composite transition system with 391/480 vars: computing init and goal distances using unit-cost algorithm
Composite transition system with 391/480 vars: 6928 states, 915888 arcs 
Composite transition system with 391/480 vars: init h=4
Difference of init h values: 0
t=306.832s (after merging)
Composite transition system with 391/480 vars: not applying abstraction (same number of states)
Current peak memory increase of merge-and-shrink computation: 78848 KB

Next pair of indices: (391, 869)
Atomic transition system #391: 2 states, 6 arcs 
Atomic transition system #391: init h=0
Composite transition system with 391/480 vars: 6928 states, 915888 arcs 
Composite transition system with 391/480 vars: init h=4
t=306.921s (after computation of next merge)
Atomic transition system #391: current size: 2 (shrink threshold: 1)
Atomic transition system #391: applying abstraction (2 to 1 states)
Atomic transition system #391: simplification was not f-preserving!
Atomic transition system #391: computing init and goal distances using unit-cost algorithm
Atomic transition system #391: 1 states, 1 arcs 
Atomic transition system #391: init h=0
Composite transition system with 391/480 vars: current size: 6928 (shrink threshold: 1)
Composite transition system with 391/480 vars: not applying abstraction (same number of states)
t=307.038s (after shrinking)
Merging atomic transition system #391 and composite transition system with 391/480 vars
Composite transition system with 392/480 vars: computing init and goal distances using unit-cost algorithm
Composite transition system with 392/480 vars: 6928 states, 915888 arcs 
Composite transition system with 392/480 vars: init h=4
Difference of init h values: 0
t=307.077s (after merging)
Composite transition system with 392/480 vars: not applying abstraction (same number of states)
Current peak memory increase of merge-and-shrink computation: 78848 KB

Next pair of indices: (392, 870)
Atomic transition system #392: 2 states, 6 arcs 
Atomic transition system #392: init h=0
Composite transition system with 392/480 vars: 6928 states, 915888 arcs 
Composite transition system with 392/480 vars: init h=4
t=307.171s (after computation of next merge)
Atomic transition system #392: current size: 2 (shrink threshold: 1)
Atomic transition system #392: applying abstraction (2 to 1 states)
Atomic transition system #392: simplification was not f-preserving!
Atomic transition system #392: computing init and goal distances using unit-cost algorithm
Atomic transition system #392: 1 states, 1 arcs 
Atomic transition system #392: init h=0
Composite transition system with 392/480 vars: current size: 6928 (shrink threshold: 1)
Composite transition system with 392/480 vars: not applying abstraction (same number of states)
t=307.289s (after shrinking)
Merging atomic transition system #392 and composite transition system with 392/480 vars
Composite transition system with 393/480 vars: computing init and goal distances using unit-cost algorithm
Composite transition system with 393/480 vars: 6928 states, 915888 arcs 
Composite transition system with 393/480 vars: init h=4
Difference of init h values: 0
t=307.331s (after merging)
Composite transition system with 393/480 vars: not applying abstraction (same number of states)
Current peak memory increase of merge-and-shrink computation: 78848 KB

Next pair of indices: (393, 871)
Atomic transition system #393: 2 states, 6 arcs 
Atomic transition system #393: init h=0
Composite transition system with 393/480 vars: 6928 states, 915888 arcs 
Composite transition system with 393/480 vars: init h=4
t=307.416s (after computation of next merge)
Atomic transition system #393: current size: 2 (shrink threshold: 1)
Atomic transition system #393: applying abstraction (2 to 1 states)
Atomic transition system #393: simplification was not f-preserving!
Atomic transition system #393: computing init and goal distances using unit-cost algorithm
Atomic transition system #393: 1 states, 1 arcs 
Atomic transition system #393: init h=0
Composite transition system with 393/480 vars: current size: 6928 (shrink threshold: 1)
Composite transition system with 393/480 vars: not applying abstraction (same number of states)
t=307.533s (after shrinking)
Merging atomic transition system #393 and composite transition system with 393/480 vars
Composite transition system with 394/480 vars: computing init and goal distances using unit-cost algorithm
Composite transition system with 394/480 vars: 6928 states, 915888 arcs 
Composite transition system with 394/480 vars: init h=4
Difference of init h values: 0
t=307.576s (after merging)
Composite transition system with 394/480 vars: not applying abstraction (same number of states)
Current peak memory increase of merge-and-shrink computation: 78848 KB

Next pair of indices: (394, 872)
Atomic transition system #394: 2 states, 6 arcs 
Atomic transition system #394: init h=0
Composite transition system with 394/480 vars: 6928 states, 915888 arcs 
Composite transition system with 394/480 vars: init h=4
t=307.657s (after computation of next merge)
Atomic transition system #394: current size: 2 (shrink threshold: 1)
Atomic transition system #394: applying abstraction (2 to 1 states)
Atomic transition system #394: simplification was not f-preserving!
Atomic transition system #394: computing init and goal distances using unit-cost algorithm
Atomic transition system #394: 1 states, 1 arcs 
Atomic transition system #394: init h=0
Composite transition system with 394/480 vars: current size: 6928 (shrink threshold: 1)
Composite transition system with 394/480 vars: not applying abstraction (same number of states)
t=307.775s (after shrinking)
Merging atomic transition system #394 and composite transition system with 394/480 vars
Composite transition system with 395/480 vars: computing init and goal distances using unit-cost algorithm
Composite transition system with 395/480 vars: 6928 states, 915888 arcs 
Composite transition system with 395/480 vars: init h=4
Difference of init h values: 0
t=307.816s (after merging)
Composite transition system with 395/480 vars: not applying abstraction (same number of states)
Current peak memory increase of merge-and-shrink computation: 78848 KB

Next pair of indices: (395, 873)
Atomic transition system #395: 2 states, 6 arcs 
Atomic transition system #395: init h=0
Composite transition system with 395/480 vars: 6928 states, 915888 arcs 
Composite transition system with 395/480 vars: init h=4
t=307.896s (after computation of next merge)
Atomic transition system #395: current size: 2 (shrink threshold: 1)
Atomic transition system #395: applying abstraction (2 to 1 states)
Atomic transition system #395: simplification was not f-preserving!
Atomic transition system #395: computing init and goal distances using unit-cost algorithm
Atomic transition system #395: 1 states, 1 arcs 
Atomic transition system #395: init h=0
Composite transition system with 395/480 vars: current size: 6928 (shrink threshold: 1)
Composite transition system with 395/480 vars: not applying abstraction (same number of states)
t=308.016s (after shrinking)
Merging atomic transition system #395 and composite transition system with 395/480 vars
Composite transition system with 396/480 vars: computing init and goal distances using unit-cost algorithm
Composite transition system with 396/480 vars: 6928 states, 915888 arcs 
Composite transition system with 396/480 vars: init h=4
Difference of init h values: 0
t=308.055s (after merging)
Composite transition system with 396/480 vars: not applying abstraction (same number of states)
Current peak memory increase of merge-and-shrink computation: 78848 KB

Next pair of indices: (396, 874)
Atomic transition system #396: 2 states, 6 arcs 
Atomic transition system #396: init h=0
Composite transition system with 396/480 vars: 6928 states, 915888 arcs 
Composite transition system with 396/480 vars: init h=4
t=308.134s (after computation of next merge)
Atomic transition system #396: current size: 2 (shrink threshold: 1)
Atomic transition system #396: applying abstraction (2 to 1 states)
Atomic transition system #396: simplification was not f-preserving!
Atomic transition system #396: computing init and goal distances using unit-cost algorithm
Atomic transition system #396: 1 states, 1 arcs 
Atomic transition system #396: init h=0
Composite transition system with 396/480 vars: current size: 6928 (shrink threshold: 1)
Composite transition system with 396/480 vars: not applying abstraction (same number of states)
t=308.258s (after shrinking)
Merging atomic transition system #396 and composite transition system with 396/480 vars
Composite transition system with 397/480 vars: computing init and goal distances using unit-cost algorithm
Composite transition system with 397/480 vars: 6928 states, 915888 arcs 
Composite transition system with 397/480 vars: init h=4
Difference of init h values: 0
t=308.297s (after merging)
Composite transition system with 397/480 vars: not applying abstraction (same number of states)
Current peak memory increase of merge-and-shrink computation: 78848 KB

Next pair of indices: (397, 875)
Atomic transition system #397: 2 states, 6 arcs 
Atomic transition system #397: init h=0
Composite transition system with 397/480 vars: 6928 states, 915888 arcs 
Composite transition system with 397/480 vars: init h=4
t=308.375s (after computation of next merge)
Atomic transition system #397: current size: 2 (shrink threshold: 1)
Atomic transition system #397: applying abstraction (2 to 1 states)
Atomic transition system #397: simplification was not f-preserving!
Atomic transition system #397: computing init and goal distances using unit-cost algorithm
Atomic transition system #397: 1 states, 1 arcs 
Atomic transition system #397: init h=0
Composite transition system with 397/480 vars: current size: 6928 (shrink threshold: 1)
Composite transition system with 397/480 vars: not applying abstraction (same number of states)
t=308.502s (after shrinking)
Merging atomic transition system #397 and composite transition system with 397/480 vars
Composite transition system with 398/480 vars: computing init and goal distances using unit-cost algorithm
Composite transition system with 398/480 vars: 6928 states, 915888 arcs 
Composite transition system with 398/480 vars: init h=4
Difference of init h values: 0
t=308.54s (after merging)
Composite transition system with 398/480 vars: not applying abstraction (same number of states)
Current peak memory increase of merge-and-shrink computation: 78848 KB

Next pair of indices: (398, 876)
Atomic transition system #398: 2 states, 6 arcs 
Atomic transition system #398: init h=0
Composite transition system with 398/480 vars: 6928 states, 915888 arcs 
Composite transition system with 398/480 vars: init h=4
t=308.615s (after computation of next merge)
Atomic transition system #398: current size: 2 (shrink threshold: 1)
Atomic transition system #398: applying abstraction (2 to 1 states)
Atomic transition system #398: simplification was not f-preserving!
Atomic transition system #398: computing init and goal distances using unit-cost algorithm
Atomic transition system #398: 1 states, 1 arcs 
Atomic transition system #398: init h=0
Composite transition system with 398/480 vars: current size: 6928 (shrink threshold: 1)
Composite transition system with 398/480 vars: not applying abstraction (same number of states)
t=308.725s (after shrinking)
Merging atomic transition system #398 and composite transition system with 398/480 vars
Composite transition system with 399/480 vars: computing init and goal distances using unit-cost algorithm
Composite transition system with 399/480 vars: 6928 states, 915888 arcs 
Composite transition system with 399/480 vars: init h=4
Difference of init h values: 0
t=308.761s (after merging)
Composite transition system with 399/480 vars: not applying abstraction (same number of states)
Current peak memory increase of merge-and-shrink computation: 78848 KB

Next pair of indices: (399, 877)
Atomic transition system #399: 2 states, 6 arcs 
Atomic transition system #399: init h=0
Composite transition system with 399/480 vars: 6928 states, 915888 arcs 
Composite transition system with 399/480 vars: init h=4
t=308.834s (after computation of next merge)
Atomic transition system #399: current size: 2 (shrink threshold: 1)
Atomic transition system #399: applying abstraction (2 to 1 states)
Atomic transition system #399: simplification was not f-preserving!
Atomic transition system #399: computing init and goal distances using unit-cost algorithm
Atomic transition system #399: 1 states, 1 arcs 
Atomic transition system #399: init h=0
Composite transition system with 399/480 vars: current size: 6928 (shrink threshold: 1)
Composite transition system with 399/480 vars: not applying abstraction (same number of states)
t=308.944s (after shrinking)
Merging atomic transition system #399 and composite transition system with 399/480 vars
Composite transition system with 400/480 vars: computing init and goal distances using unit-cost algorithm
Composite transition system with 400/480 vars: 6928 states, 915888 arcs 
Composite transition system with 400/480 vars: init h=4
Difference of init h values: 0
t=308.984s (after merging)
Composite transition system with 400/480 vars: not applying abstraction (same number of states)
Current peak memory increase of merge-and-shrink computation: 78848 KB

Next pair of indices: (400, 878)
Atomic transition system #400: 2 states, 6 arcs 
Atomic transition system #400: init h=0
Composite transition system with 400/480 vars: 6928 states, 915888 arcs 
Composite transition system with 400/480 vars: init h=4
t=309.064s (after computation of next merge)
Atomic transition system #400: current size: 2 (shrink threshold: 1)
Atomic transition system #400: applying abstraction (2 to 1 states)
Atomic transition system #400: simplification was not f-preserving!
Atomic transition system #400: computing init and goal distances using unit-cost algorithm
Atomic transition system #400: 1 states, 1 arcs 
Atomic transition system #400: init h=0
Composite transition system with 400/480 vars: current size: 6928 (shrink threshold: 1)
Composite transition system with 400/480 vars: not applying abstraction (same number of states)
t=309.192s (after shrinking)
Merging atomic transition system #400 and composite transition system with 400/480 vars
Composite transition system with 401/480 vars: computing init and goal distances using unit-cost algorithm
Composite transition system with 401/480 vars: 6928 states, 915888 arcs 
Composite transition system with 401/480 vars: init h=4
Difference of init h values: 0
t=309.23s (after merging)
Composite transition system with 401/480 vars: not applying abstraction (same number of states)
Current peak memory increase of merge-and-shrink computation: 78848 KB

Next pair of indices: (401, 879)
Atomic transition system #401: 2 states, 6 arcs 
Atomic transition system #401: init h=0
Composite transition system with 401/480 vars: 6928 states, 915888 arcs 
Composite transition system with 401/480 vars: init h=4
t=309.313s (after computation of next merge)
Atomic transition system #401: current size: 2 (shrink threshold: 1)
Atomic transition system #401: applying abstraction (2 to 1 states)
Atomic transition system #401: simplification was not f-preserving!
Atomic transition system #401: computing init and goal distances using unit-cost algorithm
Atomic transition system #401: 1 states, 1 arcs 
Atomic transition system #401: init h=0
Composite transition system with 401/480 vars: current size: 6928 (shrink threshold: 1)
Composite transition system with 401/480 vars: not applying abstraction (same number of states)
t=309.436s (after shrinking)
Merging atomic transition system #401 and composite transition system with 401/480 vars
Composite transition system with 402/480 vars: computing init and goal distances using unit-cost algorithm
Composite transition system with 402/480 vars: 6928 states, 915888 arcs 
Composite transition system with 402/480 vars: init h=4
Difference of init h values: 0
t=309.475s (after merging)
Composite transition system with 402/480 vars: not applying abstraction (same number of states)
Current peak memory increase of merge-and-shrink computation: 78848 KB

Next pair of indices: (402, 880)
Atomic transition system #402: 2 states, 6 arcs 
Atomic transition system #402: init h=0
Composite transition system with 402/480 vars: 6928 states, 915888 arcs 
Composite transition system with 402/480 vars: init h=4
t=309.546s (after computation of next merge)
Atomic transition system #402: current size: 2 (shrink threshold: 1)
Atomic transition system #402: applying abstraction (2 to 1 states)
Atomic transition system #402: simplification was not f-preserving!
Atomic transition system #402: computing init and goal distances using unit-cost algorithm
Atomic transition system #402: 1 states, 1 arcs 
Atomic transition system #402: init h=0
Composite transition system with 402/480 vars: current size: 6928 (shrink threshold: 1)
Composite transition system with 402/480 vars: not applying abstraction (same number of states)
t=309.66s (after shrinking)
Merging atomic transition system #402 and composite transition system with 402/480 vars
Composite transition system with 403/480 vars: computing init and goal distances using unit-cost algorithm
Composite transition system with 403/480 vars: 6928 states, 915888 arcs 
Composite transition system with 403/480 vars: init h=4
Difference of init h values: 0
t=309.697s (after merging)
Composite transition system with 403/480 vars: not applying abstraction (same number of states)
Current peak memory increase of merge-and-shrink computation: 78848 KB

Next pair of indices: (403, 881)
Atomic transition system #403: 2 states, 6 arcs 
Atomic transition system #403: init h=0
Composite transition system with 403/480 vars: 6928 states, 915888 arcs 
Composite transition system with 403/480 vars: init h=4
t=309.767s (after computation of next merge)
Atomic transition system #403: current size: 2 (shrink threshold: 1)
Atomic transition system #403: applying abstraction (2 to 1 states)
Atomic transition system #403: simplification was not f-preserving!
Atomic transition system #403: computing init and goal distances using unit-cost algorithm
Atomic transition system #403: 1 states, 1 arcs 
Atomic transition system #403: init h=0
Composite transition system with 403/480 vars: current size: 6928 (shrink threshold: 1)
Composite transition system with 403/480 vars: not applying abstraction (same number of states)
t=309.882s (after shrinking)
Merging atomic transition system #403 and composite transition system with 403/480 vars
Composite transition system with 404/480 vars: computing init and goal distances using unit-cost algorithm
Composite transition system with 404/480 vars: 6928 states, 915888 arcs 
Composite transition system with 404/480 vars: init h=4
Difference of init h values: 0
t=309.924s (after merging)
Composite transition system with 404/480 vars: not applying abstraction (same number of states)
Current peak memory increase of merge-and-shrink computation: 78848 KB

Next pair of indices: (404, 882)
Atomic transition system #404: 2 states, 6 arcs 
Atomic transition system #404: init h=0
Composite transition system with 404/480 vars: 6928 states, 915888 arcs 
Composite transition system with 404/480 vars: init h=4
t=310.008s (after computation of next merge)
Atomic transition system #404: current size: 2 (shrink threshold: 1)
Atomic transition system #404: applying abstraction (2 to 1 states)
Atomic transition system #404: simplification was not f-preserving!
Atomic transition system #404: computing init and goal distances using unit-cost algorithm
Atomic transition system #404: 1 states, 1 arcs 
Atomic transition system #404: init h=0
Composite transition system with 404/480 vars: current size: 6928 (shrink threshold: 1)
Composite transition system with 404/480 vars: not applying abstraction (same number of states)
t=310.145s (after shrinking)
Merging atomic transition system #404 and composite transition system with 404/480 vars
Composite transition system with 405/480 vars: computing init and goal distances using unit-cost algorithm
Composite transition system with 405/480 vars: 6928 states, 915888 arcs 
Composite transition system with 405/480 vars: init h=4
Difference of init h values: 0
t=310.186s (after merging)
Composite transition system with 405/480 vars: not applying abstraction (same number of states)
Current peak memory increase of merge-and-shrink computation: 78848 KB

Next pair of indices: (405, 883)
Atomic transition system #405: 2 states, 6 arcs 
Atomic transition system #405: init h=0
Composite transition system with 405/480 vars: 6928 states, 915888 arcs 
Composite transition system with 405/480 vars: init h=4
t=310.265s (after computation of next merge)
Atomic transition system #405: current size: 2 (shrink threshold: 1)
Atomic transition system #405: applying abstraction (2 to 1 states)
Atomic transition system #405: simplification was not f-preserving!
Atomic transition system #405: computing init and goal distances using unit-cost algorithm
Atomic transition system #405: 1 states, 1 arcs 
Atomic transition system #405: init h=0
Composite transition system with 405/480 vars: current size: 6928 (shrink threshold: 1)
Composite transition system with 405/480 vars: not applying abstraction (same number of states)
t=310.394s (after shrinking)
Merging atomic transition system #405 and composite transition system with 405/480 vars
Composite transition system with 406/480 vars: computing init and goal distances using unit-cost algorithm
Composite transition system with 406/480 vars: 6928 states, 915888 arcs 
Composite transition system with 406/480 vars: init h=4
Difference of init h values: 0
t=310.438s (after merging)
Composite transition system with 406/480 vars: not applying abstraction (same number of states)
Current peak memory increase of merge-and-shrink computation: 78848 KB

Next pair of indices: (406, 884)
Atomic transition system #406: 2 states, 6 arcs 
Atomic transition system #406: init h=0
Composite transition system with 406/480 vars: 6928 states, 915888 arcs 
Composite transition system with 406/480 vars: init h=4
t=310.51s (after computation of next merge)
Atomic transition system #406: current size: 2 (shrink threshold: 1)
Atomic transition system #406: applying abstraction (2 to 1 states)
Atomic transition system #406: simplification was not f-preserving!
Atomic transition system #406: computing init and goal distances using unit-cost algorithm
Atomic transition system #406: 1 states, 1 arcs 
Atomic transition system #406: init h=0
Composite transition system with 406/480 vars: current size: 6928 (shrink threshold: 1)
Composite transition system with 406/480 vars: not applying abstraction (same number of states)
t=310.627s (after shrinking)
Merging atomic transition system #406 and composite transition system with 406/480 vars
Composite transition system with 407/480 vars: computing init and goal distances using unit-cost algorithm
Composite transition system with 407/480 vars: 6928 states, 915888 arcs 
Composite transition system with 407/480 vars: init h=4
Difference of init h values: 0
t=310.665s (after merging)
Composite transition system with 407/480 vars: not applying abstraction (same number of states)
Current peak memory increase of merge-and-shrink computation: 78848 KB

Next pair of indices: (407, 885)
Atomic transition system #407: 2 states, 6 arcs 
Atomic transition system #407: init h=1
Composite transition system with 407/480 vars: 6928 states, 915888 arcs 
Composite transition system with 407/480 vars: init h=4
t=310.739s (after computation of next merge)
Atomic transition system #407: current size: 2 (shrink threshold: 1)
Atomic transition system #407: not applying abstraction (same number of states)
Composite transition system with 407/480 vars: current size: 6928 (shrink threshold: 1)
Composite transition system with 407/480 vars: not applying abstraction (same number of states)
Merging atomic transition system #407 and composite transition system with 407/480 vars
Composite transition system with 408/480 vars: computing init and goal distances using unit-cost algorithm
Composite transition system with 408/480 vars: 13856 states, 2656224 arcs 
Composite transition system with 408/480 vars: init h=4
Difference of init h values: 0
t=311.136s (after merging)
Composite transition system with 408/480 vars: not applying abstraction (same number of states)
Current peak memory increase of merge-and-shrink computation: 78848 KB

Next pair of indices: (408, 886)
Atomic transition system #408: 2 states, 6 arcs 
Atomic transition system #408: init h=0
Composite transition system with 408/480 vars: 13856 states, 2656224 arcs 
Composite transition system with 408/480 vars: init h=4
t=311.202s (after computation of next merge)
Atomic transition system #408: current size: 2 (shrink threshold: 1)
Atomic transition system #408: applying abstraction (2 to 1 states)
Atomic transition system #408: simplification was not f-preserving!
Atomic transition system #408: computing init and goal distances using unit-cost algorithm
Atomic transition system #408: 1 states, 1 arcs 
Atomic transition system #408: init h=0
Composite transition system with 408/480 vars: current size: 13856 (shrink threshold: 1)
Composite transition system with 408/480 vars: applying abstraction (13856 to 7912 states)
Composite transition system with 408/480 vars: simplification was not f-preserving!
Composite transition system with 408/480 vars: computing init and goal distances using unit-cost algorithm
Composite transition system with 408/480 vars: 7912 states, 1126072 arcs 
Composite transition system with 408/480 vars: init h=4
t=311.726s (after shrinking)
Merging atomic transition system #408 and composite transition system with 408/480 vars
Composite transition system with 409/480 vars: computing init and goal distances using unit-cost algorithm
Composite transition system with 409/480 vars: 7912 states, 1126072 arcs 
Composite transition system with 409/480 vars: init h=4
Difference of init h values: 0
t=311.777s (after merging)
Composite transition system with 409/480 vars: not applying abstraction (same number of states)
Current peak memory increase of merge-and-shrink computation: 78848 KB

Next pair of indices: (409, 887)
Atomic transition system #409: 2 states, 6 arcs 
Atomic transition system #409: init h=0
Composite transition system with 409/480 vars: 7912 states, 1126072 arcs 
Composite transition system with 409/480 vars: init h=4
t=311.844s (after computation of next merge)
Atomic transition system #409: current size: 2 (shrink threshold: 1)
Atomic transition system #409: applying abstraction (2 to 1 states)
Atomic transition system #409: simplification was not f-preserving!
Atomic transition system #409: computing init and goal distances using unit-cost algorithm
Atomic transition system #409: 1 states, 1 arcs 
Atomic transition system #409: init h=0
Composite transition system with 409/480 vars: current size: 7912 (shrink threshold: 1)
Composite transition system with 409/480 vars: not applying abstraction (same number of states)
t=312.004s (after shrinking)
Merging atomic transition system #409 and composite transition system with 409/480 vars
Composite transition system with 410/480 vars: computing init and goal distances using unit-cost algorithm
Composite transition system with 410/480 vars: 7912 states, 1126072 arcs 
Composite transition system with 410/480 vars: init h=4
Difference of init h values: 0
t=312.058s (after merging)
Composite transition system with 410/480 vars: not applying abstraction (same number of states)
Current peak memory increase of merge-and-shrink computation: 78848 KB

Next pair of indices: (410, 888)
Atomic transition system #410: 2 states, 6 arcs 
Atomic transition system #410: init h=0
Composite transition system with 410/480 vars: 7912 states, 1126072 arcs 
Composite transition system with 410/480 vars: init h=4
t=312.115s (after computation of next merge)
Atomic transition system #410: current size: 2 (shrink threshold: 1)
Atomic transition system #410: applying abstraction (2 to 1 states)
Atomic transition system #410: simplification was not f-preserving!
Atomic transition system #410: computing init and goal distances using unit-cost algorithm
Atomic transition system #410: 1 states, 1 arcs 
Atomic transition system #410: init h=0
Composite transition system with 410/480 vars: current size: 7912 (shrink threshold: 1)
Composite transition system with 410/480 vars: not applying abstraction (same number of states)
t=312.275s (after shrinking)
Merging atomic transition system #410 and composite transition system with 410/480 vars
Composite transition system with 411/480 vars: computing init and goal distances using unit-cost algorithm
Composite transition system with 411/480 vars: 7912 states, 1126072 arcs 
Composite transition system with 411/480 vars: init h=4
Difference of init h values: 0
t=312.334s (after merging)
Composite transition system with 411/480 vars: not applying abstraction (same number of states)
Current peak memory increase of merge-and-shrink computation: 78848 KB

Next pair of indices: (411, 889)
Atomic transition system #411: 2 states, 6 arcs 
Atomic transition system #411: init h=0
Composite transition system with 411/480 vars: 7912 states, 1126072 arcs 
Composite transition system with 411/480 vars: init h=4
t=312.394s (after computation of next merge)
Atomic transition system #411: current size: 2 (shrink threshold: 1)
Atomic transition system #411: applying abstraction (2 to 1 states)
Atomic transition system #411: simplification was not f-preserving!
Atomic transition system #411: computing init and goal distances using unit-cost algorithm
Atomic transition system #411: 1 states, 1 arcs 
Atomic transition system #411: init h=0
Composite transition system with 411/480 vars: current size: 7912 (shrink threshold: 1)
Composite transition system with 411/480 vars: not applying abstraction (same number of states)
t=312.568s (after shrinking)
Merging atomic transition system #411 and composite transition system with 411/480 vars
Composite transition system with 412/480 vars: computing init and goal distances using unit-cost algorithm
Composite transition system with 412/480 vars: 7912 states, 1126072 arcs 
Composite transition system with 412/480 vars: init h=4
Difference of init h values: 0
t=312.62s (after merging)
Composite transition system with 412/480 vars: not applying abstraction (same number of states)
Current peak memory increase of merge-and-shrink computation: 78848 KB

Next pair of indices: (412, 890)
Atomic transition system #412: 2 states, 6 arcs 
Atomic transition system #412: init h=0
Composite transition system with 412/480 vars: 7912 states, 1126072 arcs 
Composite transition system with 412/480 vars: init h=4
t=312.677s (after computation of next merge)
Atomic transition system #412: current size: 2 (shrink threshold: 1)
Atomic transition system #412: applying abstraction (2 to 1 states)
Atomic transition system #412: simplification was not f-preserving!
Atomic transition system #412: computing init and goal distances using unit-cost algorithm
Atomic transition system #412: 1 states, 1 arcs 
Atomic transition system #412: init h=0
Composite transition system with 412/480 vars: current size: 7912 (shrink threshold: 1)
Composite transition system with 412/480 vars: not applying abstraction (same number of states)
t=312.831s (after shrinking)
Merging atomic transition system #412 and composite transition system with 412/480 vars
Composite transition system with 413/480 vars: computing init and goal distances using unit-cost algorithm
Composite transition system with 413/480 vars: 7912 states, 1126072 arcs 
Composite transition system with 413/480 vars: init h=4
Difference of init h values: 0
t=312.893s (after merging)
Composite transition system with 413/480 vars: not applying abstraction (same number of states)
Current peak memory increase of merge-and-shrink computation: 78848 KB

Next pair of indices: (413, 891)
Atomic transition system #413: 2 states, 6 arcs 
Atomic transition system #413: init h=0
Composite transition system with 413/480 vars: 7912 states, 1126072 arcs 
Composite transition system with 413/480 vars: init h=4
t=312.955s (after computation of next merge)
Atomic transition system #413: current size: 2 (shrink threshold: 1)
Atomic transition system #413: applying abstraction (2 to 1 states)
Atomic transition system #413: simplification was not f-preserving!
Atomic transition system #413: computing init and goal distances using unit-cost algorithm
Atomic transition system #413: 1 states, 1 arcs 
Atomic transition system #413: init h=0
Composite transition system with 413/480 vars: current size: 7912 (shrink threshold: 1)
Composite transition system with 413/480 vars: not applying abstraction (same number of states)
t=313.123s (after shrinking)
Merging atomic transition system #413 and composite transition system with 413/480 vars
Composite transition system with 414/480 vars: computing init and goal distances using unit-cost algorithm
Composite transition system with 414/480 vars: 7912 states, 1126072 arcs 
Composite transition system with 414/480 vars: init h=4
Difference of init h values: 0
t=313.18s (after merging)
Composite transition system with 414/480 vars: not applying abstraction (same number of states)
Current peak memory increase of merge-and-shrink computation: 78848 KB

Next pair of indices: (414, 892)
Atomic transition system #414: 2 states, 6 arcs 
Atomic transition system #414: init h=0
Composite transition system with 414/480 vars: 7912 states, 1126072 arcs 
Composite transition system with 414/480 vars: init h=4
t=313.232s (after computation of next merge)
Atomic transition system #414: current size: 2 (shrink threshold: 1)
Atomic transition system #414: applying abstraction (2 to 1 states)
Atomic transition system #414: simplification was not f-preserving!
Atomic transition system #414: computing init and goal distances using unit-cost algorithm
Atomic transition system #414: 1 states, 1 arcs 
Atomic transition system #414: init h=0
Composite transition system with 414/480 vars: current size: 7912 (shrink threshold: 1)
Composite transition system with 414/480 vars: not applying abstraction (same number of states)
t=313.387s (after shrinking)
Merging atomic transition system #414 and composite transition system with 414/480 vars
Composite transition system with 415/480 vars: computing init and goal distances using unit-cost algorithm
Composite transition system with 415/480 vars: 7912 states, 1126072 arcs 
Composite transition system with 415/480 vars: init h=4
Difference of init h values: 0
t=313.44s (after merging)
Composite transition system with 415/480 vars: not applying abstraction (same number of states)
Current peak memory increase of merge-and-shrink computation: 78848 KB

Next pair of indices: (415, 893)
Atomic transition system #415: 2 states, 6 arcs 
Atomic transition system #415: init h=0
Composite transition system with 415/480 vars: 7912 states, 1126072 arcs 
Composite transition system with 415/480 vars: init h=4
t=313.489s (after computation of next merge)
Atomic transition system #415: current size: 2 (shrink threshold: 1)
Atomic transition system #415: applying abstraction (2 to 1 states)
Atomic transition system #415: simplification was not f-preserving!
Atomic transition system #415: computing init and goal distances using unit-cost algorithm
Atomic transition system #415: 1 states, 1 arcs 
Atomic transition system #415: init h=0
Composite transition system with 415/480 vars: current size: 7912 (shrink threshold: 1)
Composite transition system with 415/480 vars: not applying abstraction (same number of states)
t=313.647s (after shrinking)
Merging atomic transition system #415 and composite transition system with 415/480 vars
Composite transition system with 416/480 vars: computing init and goal distances using unit-cost algorithm
Composite transition system with 416/480 vars: 7912 states, 1126072 arcs 
Composite transition system with 416/480 vars: init h=4
Difference of init h values: 0
t=313.697s (after merging)
Composite transition system with 416/480 vars: not applying abstraction (same number of states)
Current peak memory increase of merge-and-shrink computation: 78848 KB

Next pair of indices: (416, 894)
Atomic transition system #416: 2 states, 6 arcs 
Atomic transition system #416: init h=0
Composite transition system with 416/480 vars: 7912 states, 1126072 arcs 
Composite transition system with 416/480 vars: init h=4
t=313.744s (after computation of next merge)
Atomic transition system #416: current size: 2 (shrink threshold: 1)
Atomic transition system #416: applying abstraction (2 to 1 states)
Atomic transition system #416: simplification was not f-preserving!
Atomic transition system #416: computing init and goal distances using unit-cost algorithm
Atomic transition system #416: 1 states, 1 arcs 
Atomic transition system #416: init h=0
Composite transition system with 416/480 vars: current size: 7912 (shrink threshold: 1)
Composite transition system with 416/480 vars: not applying abstraction (same number of states)
t=313.894s (after shrinking)
Merging atomic transition system #416 and composite transition system with 416/480 vars
Composite transition system with 417/480 vars: computing init and goal distances using unit-cost algorithm
Composite transition system with 417/480 vars: 7912 states, 1126072 arcs 
Composite transition system with 417/480 vars: init h=4
Difference of init h values: 0
t=313.941s (after merging)
Composite transition system with 417/480 vars: not applying abstraction (same number of states)
Current peak memory increase of merge-and-shrink computation: 78848 KB

Next pair of indices: (417, 895)
Atomic transition system #417: 2 states, 6 arcs 
Atomic transition system #417: init h=0
Composite transition system with 417/480 vars: 7912 states, 1126072 arcs 
Composite transition system with 417/480 vars: init h=4
t=313.986s (after computation of next merge)
Atomic transition system #417: current size: 2 (shrink threshold: 1)
Atomic transition system #417: applying abstraction (2 to 1 states)
Atomic transition system #417: simplification was not f-preserving!
Atomic transition system #417: computing init and goal distances using unit-cost algorithm
Atomic transition system #417: 1 states, 1 arcs 
Atomic transition system #417: init h=0
Composite transition system with 417/480 vars: current size: 7912 (shrink threshold: 1)
Composite transition system with 417/480 vars: not applying abstraction (same number of states)
t=314.134s (after shrinking)
Merging atomic transition system #417 and composite transition system with 417/480 vars
Composite transition system with 418/480 vars: computing init and goal distances using unit-cost algorithm
Composite transition system with 418/480 vars: 7912 states, 1126072 arcs 
Composite transition system with 418/480 vars: init h=4
Difference of init h values: 0
t=314.19s (after merging)
Composite transition system with 418/480 vars: not applying abstraction (same number of states)
Current peak memory increase of merge-and-shrink computation: 78848 KB

Next pair of indices: (418, 896)
Atomic transition system #418: 2 states, 6 arcs 
Atomic transition system #418: init h=0
Composite transition system with 418/480 vars: 7912 states, 1126072 arcs 
Composite transition system with 418/480 vars: init h=4
t=314.236s (after computation of next merge)
Atomic transition system #418: current size: 2 (shrink threshold: 1)
Atomic transition system #418: applying abstraction (2 to 1 states)
Atomic transition system #418: simplification was not f-preserving!
Atomic transition system #418: computing init and goal distances using unit-cost algorithm
Atomic transition system #418: 1 states, 1 arcs 
Atomic transition system #418: init h=0
Composite transition system with 418/480 vars: current size: 7912 (shrink threshold: 1)
Composite transition system with 418/480 vars: not applying abstraction (same number of states)
t=314.38s (after shrinking)
Merging atomic transition system #418 and composite transition system with 418/480 vars
Composite transition system with 419/480 vars: computing init and goal distances using unit-cost algorithm
Composite transition system with 419/480 vars: 7912 states, 1126072 arcs 
Composite transition system with 419/480 vars: init h=4
Difference of init h values: 0
t=314.427s (after merging)
Composite transition system with 419/480 vars: not applying abstraction (same number of states)
Current peak memory increase of merge-and-shrink computation: 78848 KB

Next pair of indices: (419, 897)
Atomic transition system #419: 2 states, 6 arcs 
Atomic transition system #419: init h=0
Composite transition system with 419/480 vars: 7912 states, 1126072 arcs 
Composite transition system with 419/480 vars: init h=4
t=314.475s (after computation of next merge)
Atomic transition system #419: current size: 2 (shrink threshold: 1)
Atomic transition system #419: applying abstraction (2 to 1 states)
Atomic transition system #419: simplification was not f-preserving!
Atomic transition system #419: computing init and goal distances using unit-cost algorithm
Atomic transition system #419: 1 states, 1 arcs 
Atomic transition system #419: init h=0
Composite transition system with 419/480 vars: current size: 7912 (shrink threshold: 1)
Composite transition system with 419/480 vars: not applying abstraction (same number of states)
t=314.632s (after shrinking)
Merging atomic transition system #419 and composite transition system with 419/480 vars
Composite transition system with 420/480 vars: computing init and goal distances using unit-cost algorithm
Composite transition system with 420/480 vars: 7912 states, 1126072 arcs 
Composite transition system with 420/480 vars: init h=4
Difference of init h values: 0
t=314.684s (after merging)
Composite transition system with 420/480 vars: not applying abstraction (same number of states)
Current peak memory increase of merge-and-shrink computation: 78848 KB

Next pair of indices: (420, 898)
Atomic transition system #420: 2 states, 6 arcs 
Atomic transition system #420: init h=0
Composite transition system with 420/480 vars: 7912 states, 1126072 arcs 
Composite transition system with 420/480 vars: init h=4
t=314.726s (after computation of next merge)
Atomic transition system #420: current size: 2 (shrink threshold: 1)
Atomic transition system #420: applying abstraction (2 to 1 states)
Atomic transition system #420: simplification was not f-preserving!
Atomic transition system #420: computing init and goal distances using unit-cost algorithm
Atomic transition system #420: 1 states, 1 arcs 
Atomic transition system #420: init h=0
Composite transition system with 420/480 vars: current size: 7912 (shrink threshold: 1)
Composite transition system with 420/480 vars: not applying abstraction (same number of states)
t=314.871s (after shrinking)
Merging atomic transition system #420 and composite transition system with 420/480 vars
Composite transition system with 421/480 vars: computing init and goal distances using unit-cost algorithm
Composite transition system with 421/480 vars: 7912 states, 1126072 arcs 
Composite transition system with 421/480 vars: init h=4
Difference of init h values: 0
t=314.916s (after merging)
Composite transition system with 421/480 vars: not applying abstraction (same number of states)
Current peak memory increase of merge-and-shrink computation: 78848 KB

Next pair of indices: (421, 899)
Atomic transition system #421: 2 states, 6 arcs 
Atomic transition system #421: init h=0
Composite transition system with 421/480 vars: 7912 states, 1126072 arcs 
Composite transition system with 421/480 vars: init h=4
t=314.956s (after computation of next merge)
Atomic transition system #421: current size: 2 (shrink threshold: 1)
Atomic transition system #421: applying abstraction (2 to 1 states)
Atomic transition system #421: simplification was not f-preserving!
Atomic transition system #421: computing init and goal distances using unit-cost algorithm
Atomic transition system #421: 1 states, 1 arcs 
Atomic transition system #421: init h=0
Composite transition system with 421/480 vars: current size: 7912 (shrink threshold: 1)
Composite transition system with 421/480 vars: not applying abstraction (same number of states)
t=315.092s (after shrinking)
Merging atomic transition system #421 and composite transition system with 421/480 vars
Composite transition system with 422/480 vars: computing init and goal distances using unit-cost algorithm
Composite transition system with 422/480 vars: 7912 states, 1126072 arcs 
Composite transition system with 422/480 vars: init h=4
Difference of init h values: 0
t=315.138s (after merging)
Composite transition system with 422/480 vars: not applying abstraction (same number of states)
Current peak memory increase of merge-and-shrink computation: 78848 KB

Next pair of indices: (422, 900)
Atomic transition system #422: 2 states, 6 arcs 
Atomic transition system #422: init h=0
Composite transition system with 422/480 vars: 7912 states, 1126072 arcs 
Composite transition system with 422/480 vars: init h=4
t=315.185s (after computation of next merge)
Atomic transition system #422: current size: 2 (shrink threshold: 1)
Atomic transition system #422: applying abstraction (2 to 1 states)
Atomic transition system #422: simplification was not f-preserving!
Atomic transition system #422: computing init and goal distances using unit-cost algorithm
Atomic transition system #422: 1 states, 1 arcs 
Atomic transition system #422: init h=0
Composite transition system with 422/480 vars: current size: 7912 (shrink threshold: 1)
Composite transition system with 422/480 vars: not applying abstraction (same number of states)
t=315.337s (after shrinking)
Merging atomic transition system #422 and composite transition system with 422/480 vars
Composite transition system with 423/480 vars: computing init and goal distances using unit-cost algorithm
Composite transition system with 423/480 vars: 7912 states, 1126072 arcs 
Composite transition system with 423/480 vars: init h=4
Difference of init h values: 0
t=315.386s (after merging)
Composite transition system with 423/480 vars: not applying abstraction (same number of states)
Current peak memory increase of merge-and-shrink computation: 78848 KB

Next pair of indices: (423, 901)
Atomic transition system #423: 2 states, 6 arcs 
Atomic transition system #423: init h=0
Composite transition system with 423/480 vars: 7912 states, 1126072 arcs 
Composite transition system with 423/480 vars: init h=4
t=315.429s (after computation of next merge)
Atomic transition system #423: current size: 2 (shrink threshold: 1)
Atomic transition system #423: applying abstraction (2 to 1 states)
Atomic transition system #423: simplification was not f-preserving!
Atomic transition system #423: computing init and goal distances using unit-cost algorithm
Atomic transition system #423: 1 states, 1 arcs 
Atomic transition system #423: init h=0
Composite transition system with 423/480 vars: current size: 7912 (shrink threshold: 1)
Composite transition system with 423/480 vars: not applying abstraction (same number of states)
t=315.574s (after shrinking)
Merging atomic transition system #423 and composite transition system with 423/480 vars
Composite transition system with 424/480 vars: computing init and goal distances using unit-cost algorithm
Composite transition system with 424/480 vars: 7912 states, 1126072 arcs 
Composite transition system with 424/480 vars: init h=4
Difference of init h values: 0
t=315.625s (after merging)
Composite transition system with 424/480 vars: not applying abstraction (same number of states)
Current peak memory increase of merge-and-shrink computation: 78848 KB

Next pair of indices: (424, 902)
Atomic transition system #424: 2 states, 6 arcs 
Atomic transition system #424: init h=0
Composite transition system with 424/480 vars: 7912 states, 1126072 arcs 
Composite transition system with 424/480 vars: init h=4
t=315.665s (after computation of next merge)
Atomic transition system #424: current size: 2 (shrink threshold: 1)
Atomic transition system #424: applying abstraction (2 to 1 states)
Atomic transition system #424: simplification was not f-preserving!
Atomic transition system #424: computing init and goal distances using unit-cost algorithm
Atomic transition system #424: 1 states, 1 arcs 
Atomic transition system #424: init h=0
Composite transition system with 424/480 vars: current size: 7912 (shrink threshold: 1)
Composite transition system with 424/480 vars: not applying abstraction (same number of states)
t=315.813s (after shrinking)
Merging atomic transition system #424 and composite transition system with 424/480 vars
Composite transition system with 425/480 vars: computing init and goal distances using unit-cost algorithm
Composite transition system with 425/480 vars: 7912 states, 1126072 arcs 
Composite transition system with 425/480 vars: init h=4
Difference of init h values: 0
t=315.863s (after merging)
Composite transition system with 425/480 vars: not applying abstraction (same number of states)
Current peak memory increase of merge-and-shrink computation: 78848 KB

Next pair of indices: (425, 903)
Atomic transition system #425: 2 states, 6 arcs 
Atomic transition system #425: init h=0
Composite transition system with 425/480 vars: 7912 states, 1126072 arcs 
Composite transition system with 425/480 vars: init h=4
t=315.904s (after computation of next merge)
Atomic transition system #425: current size: 2 (shrink threshold: 1)
Atomic transition system #425: applying abstraction (2 to 1 states)
Atomic transition system #425: simplification was not f-preserving!
Atomic transition system #425: computing init and goal distances using unit-cost algorithm
Atomic transition system #425: 1 states, 1 arcs 
Atomic transition system #425: init h=0
Composite transition system with 425/480 vars: current size: 7912 (shrink threshold: 1)
Composite transition system with 425/480 vars: not applying abstraction (same number of states)
t=316.054s (after shrinking)
Merging atomic transition system #425 and composite transition system with 425/480 vars
Composite transition system with 426/480 vars: computing init and goal distances using unit-cost algorithm
Composite transition system with 426/480 vars: 7912 states, 1126072 arcs 
Composite transition system with 426/480 vars: init h=4
Difference of init h values: 0
t=316.102s (after merging)
Composite transition system with 426/480 vars: not applying abstraction (same number of states)
Current peak memory increase of merge-and-shrink computation: 78848 KB

Next pair of indices: (426, 904)
Atomic transition system #426: 2 states, 6 arcs 
Atomic transition system #426: init h=0
Composite transition system with 426/480 vars: 7912 states, 1126072 arcs 
Composite transition system with 426/480 vars: init h=4
t=316.144s (after computation of next merge)
Atomic transition system #426: current size: 2 (shrink threshold: 1)
Atomic transition system #426: applying abstraction (2 to 1 states)
Atomic transition system #426: simplification was not f-preserving!
Atomic transition system #426: computing init and goal distances using unit-cost algorithm
Atomic transition system #426: 1 states, 1 arcs 
Atomic transition system #426: init h=0
Composite transition system with 426/480 vars: current size: 7912 (shrink threshold: 1)
Composite transition system with 426/480 vars: not applying abstraction (same number of states)
t=316.306s (after shrinking)
Merging atomic transition system #426 and composite transition system with 426/480 vars
Composite transition system with 427/480 vars: computing init and goal distances using unit-cost algorithm
Composite transition system with 427/480 vars: 7912 states, 1126072 arcs 
Composite transition system with 427/480 vars: init h=4
Difference of init h values: 0
t=316.358s (after merging)
Composite transition system with 427/480 vars: not applying abstraction (same number of states)
Current peak memory increase of merge-and-shrink computation: 78848 KB

Next pair of indices: (427, 905)
Atomic transition system #427: 2 states, 6 arcs 
Atomic transition system #427: init h=0
Composite transition system with 427/480 vars: 7912 states, 1126072 arcs 
Composite transition system with 427/480 vars: init h=4
t=316.401s (after computation of next merge)
Atomic transition system #427: current size: 2 (shrink threshold: 1)
Atomic transition system #427: applying abstraction (2 to 1 states)
Atomic transition system #427: simplification was not f-preserving!
Atomic transition system #427: computing init and goal distances using unit-cost algorithm
Atomic transition system #427: 1 states, 1 arcs 
Atomic transition system #427: init h=0
Composite transition system with 427/480 vars: current size: 7912 (shrink threshold: 1)
Composite transition system with 427/480 vars: not applying abstraction (same number of states)
t=316.557s (after shrinking)
Merging atomic transition system #427 and composite transition system with 427/480 vars
Composite transition system with 428/480 vars: computing init and goal distances using unit-cost algorithm
Composite transition system with 428/480 vars: 7912 states, 1126072 arcs 
Composite transition system with 428/480 vars: init h=4
Difference of init h values: 0
t=316.606s (after merging)
Composite transition system with 428/480 vars: not applying abstraction (same number of states)
Current peak memory increase of merge-and-shrink computation: 78848 KB

Next pair of indices: (428, 906)
Atomic transition system #428: 2 states, 6 arcs 
Atomic transition system #428: init h=0
Composite transition system with 428/480 vars: 7912 states, 1126072 arcs 
Composite transition system with 428/480 vars: init h=4
t=316.643s (after computation of next merge)
Atomic transition system #428: current size: 2 (shrink threshold: 1)
Atomic transition system #428: applying abstraction (2 to 1 states)
Atomic transition system #428: simplification was not f-preserving!
Atomic transition system #428: computing init and goal distances using unit-cost algorithm
Atomic transition system #428: 1 states, 1 arcs 
Atomic transition system #428: init h=0
Composite transition system with 428/480 vars: current size: 7912 (shrink threshold: 1)
Composite transition system with 428/480 vars: not applying abstraction (same number of states)
t=316.788s (after shrinking)
Merging atomic transition system #428 and composite transition system with 428/480 vars
Composite transition system with 429/480 vars: computing init and goal distances using unit-cost algorithm
Composite transition system with 429/480 vars: 7912 states, 1126072 arcs 
Composite transition system with 429/480 vars: init h=4
Difference of init h values: 0
t=316.837s (after merging)
Composite transition system with 429/480 vars: not applying abstraction (same number of states)
Current peak memory increase of merge-and-shrink computation: 78848 KB

Next pair of indices: (429, 907)
Atomic transition system #429: 2 states, 6 arcs 
Atomic transition system #429: init h=0
Composite transition system with 429/480 vars: 7912 states, 1126072 arcs 
Composite transition system with 429/480 vars: init h=4
t=316.874s (after computation of next merge)
Atomic transition system #429: current size: 2 (shrink threshold: 1)
Atomic transition system #429: applying abstraction (2 to 1 states)
Atomic transition system #429: simplification was not f-preserving!
Atomic transition system #429: computing init and goal distances using unit-cost algorithm
Atomic transition system #429: 1 states, 1 arcs 
Atomic transition system #429: init h=0
Composite transition system with 429/480 vars: current size: 7912 (shrink threshold: 1)
Composite transition system with 429/480 vars: not applying abstraction (same number of states)
t=317.021s (after shrinking)
Merging atomic transition system #429 and composite transition system with 429/480 vars
Composite transition system with 430/480 vars: computing init and goal distances using unit-cost algorithm
Composite transition system with 430/480 vars: 7912 states, 1126072 arcs 
Composite transition system with 430/480 vars: init h=4
Difference of init h values: 0
t=317.069s (after merging)
Composite transition system with 430/480 vars: not applying abstraction (same number of states)
Current peak memory increase of merge-and-shrink computation: 78848 KB

Next pair of indices: (430, 908)
Atomic transition system #430: 2 states, 6 arcs 
Atomic transition system #430: init h=0
Composite transition system with 430/480 vars: 7912 states, 1126072 arcs 
Composite transition system with 430/480 vars: init h=4
t=317.11s (after computation of next merge)
Atomic transition system #430: current size: 2 (shrink threshold: 1)
Atomic transition system #430: applying abstraction (2 to 1 states)
Atomic transition system #430: simplification was not f-preserving!
Atomic transition system #430: computing init and goal distances using unit-cost algorithm
Atomic transition system #430: 1 states, 1 arcs 
Atomic transition system #430: init h=0
Composite transition system with 430/480 vars: current size: 7912 (shrink threshold: 1)
Composite transition system with 430/480 vars: not applying abstraction (same number of states)
t=317.262s (after shrinking)
Merging atomic transition system #430 and composite transition system with 430/480 vars
Composite transition system with 431/480 vars: computing init and goal distances using unit-cost algorithm
Composite transition system with 431/480 vars: 7912 states, 1126072 arcs 
Composite transition system with 431/480 vars: init h=4
Difference of init h values: 0
t=317.312s (after merging)
Composite transition system with 431/480 vars: not applying abstraction (same number of states)
Current peak memory increase of merge-and-shrink computation: 78848 KB

Next pair of indices: (431, 909)
Atomic transition system #431: 2 states, 6 arcs 
Atomic transition system #431: init h=1
Composite transition system with 431/480 vars: 7912 states, 1126072 arcs 
Composite transition system with 431/480 vars: init h=4
t=317.353s (after computation of next merge)
Atomic transition system #431: current size: 2 (shrink threshold: 1)
Atomic transition system #431: not applying abstraction (same number of states)
Composite transition system with 431/480 vars: current size: 7912 (shrink threshold: 1)
Composite transition system with 431/480 vars: not applying abstraction (same number of states)
Merging atomic transition system #431 and composite transition system with 431/480 vars
Composite transition system with 432/480 vars: computing init and goal distances using unit-cost algorithm
Composite transition system with 432/480 vars: 15824 states, 3234096 arcs 
Composite transition system with 432/480 vars: init h=4
Difference of init h values: 0
t=317.795s (after merging)
Composite transition system with 432/480 vars: not applying abstraction (same number of states)
Current peak memory increase of merge-and-shrink computation: 78848 KB

Next pair of indices: (432, 910)
Atomic transition system #432: 2 states, 6 arcs 
Atomic transition system #432: init h=0
Composite transition system with 432/480 vars: 15824 states, 3234096 arcs 
Composite transition system with 432/480 vars: init h=4
t=317.821s (after computation of next merge)
Atomic transition system #432: current size: 2 (shrink threshold: 1)
Atomic transition system #432: applying abstraction (2 to 1 states)
Atomic transition system #432: simplification was not f-preserving!
Atomic transition system #432: computing init and goal distances using unit-cost algorithm
Atomic transition system #432: 1 states, 1 arcs 
Atomic transition system #432: init h=0
Composite transition system with 432/480 vars: current size: 15824 (shrink threshold: 1)
Composite transition system with 432/480 vars: applying abstraction (15824 to 9036 states)
Composite transition system with 432/480 vars: simplification was not f-preserving!
Composite transition system with 432/480 vars: computing init and goal distances using unit-cost algorithm
Composite transition system with 432/480 vars: 9036 states, 1381326 arcs 
Composite transition system with 432/480 vars: init h=4
t=318.433s (after shrinking)
Merging atomic transition system #432 and composite transition system with 432/480 vars
Composite transition system with 433/480 vars: computing init and goal distances using unit-cost algorithm
Composite transition system with 433/480 vars: 9036 states, 1381326 arcs 
Composite transition system with 433/480 vars: init h=4
Difference of init h values: 0
t=318.493s (after merging)
Composite transition system with 433/480 vars: not applying abstraction (same number of states)
Current peak memory increase of merge-and-shrink computation: 78848 KB

Next pair of indices: (433, 911)
Atomic transition system #433: 2 states, 6 arcs 
Atomic transition system #433: init h=0
Composite transition system with 433/480 vars: 9036 states, 1381326 arcs 
Composite transition system with 433/480 vars: init h=4
t=318.516s (after computation of next merge)
Atomic transition system #433: current size: 2 (shrink threshold: 1)
Atomic transition system #433: applying abstraction (2 to 1 states)
Atomic transition system #433: simplification was not f-preserving!
Atomic transition system #433: computing init and goal distances using unit-cost algorithm
Atomic transition system #433: 1 states, 1 arcs 
Atomic transition system #433: init h=0
Composite transition system with 433/480 vars: current size: 9036 (shrink threshold: 1)
Composite transition system with 433/480 vars: not applying abstraction (same number of states)
t=318.688s (after shrinking)
Merging atomic transition system #433 and composite transition system with 433/480 vars
Composite transition system with 434/480 vars: computing init and goal distances using unit-cost algorithm
Composite transition system with 434/480 vars: 9036 states, 1381326 arcs 
Composite transition system with 434/480 vars: init h=4
Difference of init h values: 0
t=318.748s (after merging)
Composite transition system with 434/480 vars: not applying abstraction (same number of states)
Current peak memory increase of merge-and-shrink computation: 78848 KB

Next pair of indices: (434, 912)
Atomic transition system #434: 2 states, 6 arcs 
Atomic transition system #434: init h=0
Composite transition system with 434/480 vars: 9036 states, 1381326 arcs 
Composite transition system with 434/480 vars: init h=4
t=318.772s (after computation of next merge)
Atomic transition system #434: current size: 2 (shrink threshold: 1)
Atomic transition system #434: applying abstraction (2 to 1 states)
Atomic transition system #434: simplification was not f-preserving!
Atomic transition system #434: computing init and goal distances using unit-cost algorithm
Atomic transition system #434: 1 states, 1 arcs 
Atomic transition system #434: init h=0
Composite transition system with 434/480 vars: current size: 9036 (shrink threshold: 1)
Composite transition system with 434/480 vars: not applying abstraction (same number of states)
t=318.956s (after shrinking)
Merging atomic transition system #434 and composite transition system with 434/480 vars
Composite transition system with 435/480 vars: computing init and goal distances using unit-cost algorithm
Composite transition system with 435/480 vars: 9036 states, 1381326 arcs 
Composite transition system with 435/480 vars: init h=4
Difference of init h values: 0
t=319.017s (after merging)
Composite transition system with 435/480 vars: not applying abstraction (same number of states)
Current peak memory increase of merge-and-shrink computation: 78848 KB

Next pair of indices: (435, 913)
Atomic transition system #435: 2 states, 6 arcs 
Atomic transition system #435: init h=0
Composite transition system with 435/480 vars: 9036 states, 1381326 arcs 
Composite transition system with 435/480 vars: init h=4
t=319.044s (after computation of next merge)
Atomic transition system #435: current size: 2 (shrink threshold: 1)
Atomic transition system #435: applying abstraction (2 to 1 states)
Atomic transition system #435: simplification was not f-preserving!
Atomic transition system #435: computing init and goal distances using unit-cost algorithm
Atomic transition system #435: 1 states, 1 arcs 
Atomic transition system #435: init h=0
Composite transition system with 435/480 vars: current size: 9036 (shrink threshold: 1)
Composite transition system with 435/480 vars: not applying abstraction (same number of states)
t=319.233s (after shrinking)
Merging atomic transition system #435 and composite transition system with 435/480 vars
Composite transition system with 436/480 vars: computing init and goal distances using unit-cost algorithm
Composite transition system with 436/480 vars: 9036 states, 1381326 arcs 
Composite transition system with 436/480 vars: init h=4
Difference of init h values: 0
t=319.29s (after merging)
Composite transition system with 436/480 vars: not applying abstraction (same number of states)
Current peak memory increase of merge-and-shrink computation: 78848 KB

Next pair of indices: (436, 914)
Atomic transition system #436: 2 states, 6 arcs 
Atomic transition system #436: init h=0
Composite transition system with 436/480 vars: 9036 states, 1381326 arcs 
Composite transition system with 436/480 vars: init h=4
t=319.312s (after computation of next merge)
Atomic transition system #436: current size: 2 (shrink threshold: 1)
Atomic transition system #436: applying abstraction (2 to 1 states)
Atomic transition system #436: simplification was not f-preserving!
Atomic transition system #436: computing init and goal distances using unit-cost algorithm
Atomic transition system #436: 1 states, 1 arcs 
Atomic transition system #436: init h=0
Composite transition system with 436/480 vars: current size: 9036 (shrink threshold: 1)
Composite transition system with 436/480 vars: not applying abstraction (same number of states)
t=319.484s (after shrinking)
Merging atomic transition system #436 and composite transition system with 436/480 vars
Composite transition system with 437/480 vars: computing init and goal distances using unit-cost algorithm
Composite transition system with 437/480 vars: 9036 states, 1381326 arcs 
Composite transition system with 437/480 vars: init h=4
Difference of init h values: 0
t=319.544s (after merging)
Composite transition system with 437/480 vars: not applying abstraction (same number of states)
Current peak memory increase of merge-and-shrink computation: 78848 KB

Next pair of indices: (437, 915)
Atomic transition system #437: 2 states, 6 arcs 
Atomic transition system #437: init h=0
Composite transition system with 437/480 vars: 9036 states, 1381326 arcs 
Composite transition system with 437/480 vars: init h=4
t=319.565s (after computation of next merge)
Atomic transition system #437: current size: 2 (shrink threshold: 1)
Atomic transition system #437: applying abstraction (2 to 1 states)
Atomic transition system #437: simplification was not f-preserving!
Atomic transition system #437: computing init and goal distances using unit-cost algorithm
Atomic transition system #437: 1 states, 1 arcs 
Atomic transition system #437: init h=0
Composite transition system with 437/480 vars: current size: 9036 (shrink threshold: 1)
Composite transition system with 437/480 vars: not applying abstraction (same number of states)
t=319.75s (after shrinking)
Merging atomic transition system #437 and composite transition system with 437/480 vars
Composite transition system with 438/480 vars: computing init and goal distances using unit-cost algorithm
Composite transition system with 438/480 vars: 9036 states, 1381326 arcs 
Composite transition system with 438/480 vars: init h=4
Difference of init h values: 0
t=319.808s (after merging)
Composite transition system with 438/480 vars: not applying abstraction (same number of states)
Current peak memory increase of merge-and-shrink computation: 78848 KB

Next pair of indices: (438, 916)
Atomic transition system #438: 2 states, 6 arcs 
Atomic transition system #438: init h=0
Composite transition system with 438/480 vars: 9036 states, 1381326 arcs 
Composite transition system with 438/480 vars: init h=4
t=319.829s (after computation of next merge)
Atomic transition system #438: current size: 2 (shrink threshold: 1)
Atomic transition system #438: applying abstraction (2 to 1 states)
Atomic transition system #438: simplification was not f-preserving!
Atomic transition system #438: computing init and goal distances using unit-cost algorithm
Atomic transition system #438: 1 states, 1 arcs 
Atomic transition system #438: init h=0
Composite transition system with 438/480 vars: current size: 9036 (shrink threshold: 1)
Composite transition system with 438/480 vars: not applying abstraction (same number of states)
t=320.017s (after shrinking)
Merging atomic transition system #438 and composite transition system with 438/480 vars
Composite transition system with 439/480 vars: computing init and goal distances using unit-cost algorithm
Composite transition system with 439/480 vars: 9036 states, 1381326 arcs 
Composite transition system with 439/480 vars: init h=4
Difference of init h values: 0
t=320.08s (after merging)
Composite transition system with 439/480 vars: not applying abstraction (same number of states)
Current peak memory increase of merge-and-shrink computation: 78848 KB

Next pair of indices: (439, 917)
Atomic transition system #439: 2 states, 6 arcs 
Atomic transition system #439: init h=0
Composite transition system with 439/480 vars: 9036 states, 1381326 arcs 
Composite transition system with 439/480 vars: init h=4
t=320.101s (after computation of next merge)
Atomic transition system #439: current size: 2 (shrink threshold: 1)
Atomic transition system #439: applying abstraction (2 to 1 states)
Atomic transition system #439: simplification was not f-preserving!
Atomic transition system #439: computing init and goal distances using unit-cost algorithm
Atomic transition system #439: 1 states, 1 arcs 
Atomic transition system #439: init h=0
Composite transition system with 439/480 vars: current size: 9036 (shrink threshold: 1)
Composite transition system with 439/480 vars: not applying abstraction (same number of states)
t=320.274s (after shrinking)
Merging atomic transition system #439 and composite transition system with 439/480 vars
Composite transition system with 440/480 vars: computing init and goal distances using unit-cost algorithm
Composite transition system with 440/480 vars: 9036 states, 1381326 arcs 
Composite transition system with 440/480 vars: init h=4
Difference of init h values: 0
t=320.333s (after merging)
Composite transition system with 440/480 vars: not applying abstraction (same number of states)
Current peak memory increase of merge-and-shrink computation: 78848 KB

Next pair of indices: (440, 918)
Atomic transition system #440: 2 states, 6 arcs 
Atomic transition system #440: init h=0
Composite transition system with 440/480 vars: 9036 states, 1381326 arcs 
Composite transition system with 440/480 vars: init h=4
t=320.357s (after computation of next merge)
Atomic transition system #440: current size: 2 (shrink threshold: 1)
Atomic transition system #440: applying abstraction (2 to 1 states)
Atomic transition system #440: simplification was not f-preserving!
Atomic transition system #440: computing init and goal distances using unit-cost algorithm
Atomic transition system #440: 1 states, 1 arcs 
Atomic transition system #440: init h=0
Composite transition system with 440/480 vars: current size: 9036 (shrink threshold: 1)
Composite transition system with 440/480 vars: not applying abstraction (same number of states)
t=320.539s (after shrinking)
Merging atomic transition system #440 and composite transition system with 440/480 vars
Composite transition system with 441/480 vars: computing init and goal distances using unit-cost algorithm
Composite transition system with 441/480 vars: 9036 states, 1381326 arcs 
Composite transition system with 441/480 vars: init h=4
Difference of init h values: 0
t=320.597s (after merging)
Composite transition system with 441/480 vars: not applying abstraction (same number of states)
Current peak memory increase of merge-and-shrink computation: 78848 KB

Next pair of indices: (441, 919)
Atomic transition system #441: 2 states, 6 arcs 
Atomic transition system #441: init h=0
Composite transition system with 441/480 vars: 9036 states, 1381326 arcs 
Composite transition system with 441/480 vars: init h=4
t=320.618s (after computation of next merge)
Atomic transition system #441: current size: 2 (shrink threshold: 1)
Atomic transition system #441: applying abstraction (2 to 1 states)
Atomic transition system #441: simplification was not f-preserving!
Atomic transition system #441: computing init and goal distances using unit-cost algorithm
Atomic transition system #441: 1 states, 1 arcs 
Atomic transition system #441: init h=0
Composite transition system with 441/480 vars: current size: 9036 (shrink threshold: 1)
Composite transition system with 441/480 vars: not applying abstraction (same number of states)
t=320.794s (after shrinking)
Merging atomic transition system #441 and composite transition system with 441/480 vars
Composite transition system with 442/480 vars: computing init and goal distances using unit-cost algorithm
Composite transition system with 442/480 vars: 9036 states, 1381326 arcs 
Composite transition system with 442/480 vars: init h=4
Difference of init h values: 0
t=320.854s (after merging)
Composite transition system with 442/480 vars: not applying abstraction (same number of states)
Current peak memory increase of merge-and-shrink computation: 78848 KB

Next pair of indices: (442, 920)
Atomic transition system #442: 2 states, 6 arcs 
Atomic transition system #442: init h=0
Composite transition system with 442/480 vars: 9036 states, 1381326 arcs 
Composite transition system with 442/480 vars: init h=4
t=320.876s (after computation of next merge)
Atomic transition system #442: current size: 2 (shrink threshold: 1)
Atomic transition system #442: applying abstraction (2 to 1 states)
Atomic transition system #442: simplification was not f-preserving!
Atomic transition system #442: computing init and goal distances using unit-cost algorithm
Atomic transition system #442: 1 states, 1 arcs 
Atomic transition system #442: init h=0
Composite transition system with 442/480 vars: current size: 9036 (shrink threshold: 1)
Composite transition system with 442/480 vars: not applying abstraction (same number of states)
t=321.05s (after shrinking)
Merging atomic transition system #442 and composite transition system with 442/480 vars
Composite transition system with 443/480 vars: computing init and goal distances using unit-cost algorithm
Composite transition system with 443/480 vars: 9036 states, 1381326 arcs 
Composite transition system with 443/480 vars: init h=4
Difference of init h values: 0
t=321.109s (after merging)
Composite transition system with 443/480 vars: not applying abstraction (same number of states)
Current peak memory increase of merge-and-shrink computation: 78848 KB

Next pair of indices: (443, 921)
Atomic transition system #443: 2 states, 6 arcs 
Atomic transition system #443: init h=0
Composite transition system with 443/480 vars: 9036 states, 1381326 arcs 
Composite transition system with 443/480 vars: init h=4
t=321.129s (after computation of next merge)
Atomic transition system #443: current size: 2 (shrink threshold: 1)
Atomic transition system #443: applying abstraction (2 to 1 states)
Atomic transition system #443: simplification was not f-preserving!
Atomic transition system #443: computing init and goal distances using unit-cost algorithm
Atomic transition system #443: 1 states, 1 arcs 
Atomic transition system #443: init h=0
Composite transition system with 443/480 vars: current size: 9036 (shrink threshold: 1)
Composite transition system with 443/480 vars: not applying abstraction (same number of states)
t=321.312s (after shrinking)
Merging atomic transition system #443 and composite transition system with 443/480 vars
Composite transition system with 444/480 vars: computing init and goal distances using unit-cost algorithm
Composite transition system with 444/480 vars: 9036 states, 1381326 arcs 
Composite transition system with 444/480 vars: init h=4
Difference of init h values: 0
t=321.373s (after merging)
Composite transition system with 444/480 vars: not applying abstraction (same number of states)
Current peak memory increase of merge-and-shrink computation: 78848 KB

Next pair of indices: (444, 922)
Atomic transition system #444: 2 states, 6 arcs 
Atomic transition system #444: init h=0
Composite transition system with 444/480 vars: 9036 states, 1381326 arcs 
Composite transition system with 444/480 vars: init h=4
t=321.392s (after computation of next merge)
Atomic transition system #444: current size: 2 (shrink threshold: 1)
Atomic transition system #444: applying abstraction (2 to 1 states)
Atomic transition system #444: simplification was not f-preserving!
Atomic transition system #444: computing init and goal distances using unit-cost algorithm
Atomic transition system #444: 1 states, 1 arcs 
Atomic transition system #444: init h=0
Composite transition system with 444/480 vars: current size: 9036 (shrink threshold: 1)
Composite transition system with 444/480 vars: not applying abstraction (same number of states)
t=321.579s (after shrinking)
Merging atomic transition system #444 and composite transition system with 444/480 vars
Composite transition system with 445/480 vars: computing init and goal distances using unit-cost algorithm
Composite transition system with 445/480 vars: 9036 states, 1381326 arcs 
Composite transition system with 445/480 vars: init h=4
Difference of init h values: 0
t=321.642s (after merging)
Composite transition system with 445/480 vars: not applying abstraction (same number of states)
Current peak memory increase of merge-and-shrink computation: 78848 KB

Next pair of indices: (445, 923)
Atomic transition system #445: 2 states, 6 arcs 
Atomic transition system #445: init h=0
Composite transition system with 445/480 vars: 9036 states, 1381326 arcs 
Composite transition system with 445/480 vars: init h=4
t=321.661s (after computation of next merge)
Atomic transition system #445: current size: 2 (shrink threshold: 1)
Atomic transition system #445: applying abstraction (2 to 1 states)
Atomic transition system #445: simplification was not f-preserving!
Atomic transition system #445: computing init and goal distances using unit-cost algorithm
Atomic transition system #445: 1 states, 1 arcs 
Atomic transition system #445: init h=0
Composite transition system with 445/480 vars: current size: 9036 (shrink threshold: 1)
Composite transition system with 445/480 vars: not applying abstraction (same number of states)
t=321.835s (after shrinking)
Merging atomic transition system #445 and composite transition system with 445/480 vars
Composite transition system with 446/480 vars: computing init and goal distances using unit-cost algorithm
Composite transition system with 446/480 vars: 9036 states, 1381326 arcs 
Composite transition system with 446/480 vars: init h=4
Difference of init h values: 0
t=321.897s (after merging)
Composite transition system with 446/480 vars: not applying abstraction (same number of states)
Current peak memory increase of merge-and-shrink computation: 78848 KB

Next pair of indices: (446, 924)
Atomic transition system #446: 2 states, 6 arcs 
Atomic transition system #446: init h=0
Composite transition system with 446/480 vars: 9036 states, 1381326 arcs 
Composite transition system with 446/480 vars: init h=4
t=321.916s (after computation of next merge)
Atomic transition system #446: current size: 2 (shrink threshold: 1)
Atomic transition system #446: applying abstraction (2 to 1 states)
Atomic transition system #446: simplification was not f-preserving!
Atomic transition system #446: computing init and goal distances using unit-cost algorithm
Atomic transition system #446: 1 states, 1 arcs 
Atomic transition system #446: init h=0
Composite transition system with 446/480 vars: current size: 9036 (shrink threshold: 1)
Composite transition system with 446/480 vars: not applying abstraction (same number of states)
t=322.097s (after shrinking)
Merging atomic transition system #446 and composite transition system with 446/480 vars
Composite transition system with 447/480 vars: computing init and goal distances using unit-cost algorithm
Composite transition system with 447/480 vars: 9036 states, 1381326 arcs 
Composite transition system with 447/480 vars: init h=4
Difference of init h values: 0
t=322.158s (after merging)
Composite transition system with 447/480 vars: not applying abstraction (same number of states)
Current peak memory increase of merge-and-shrink computation: 78848 KB

Next pair of indices: (447, 925)
Atomic transition system #447: 2 states, 6 arcs 
Atomic transition system #447: init h=0
Composite transition system with 447/480 vars: 9036 states, 1381326 arcs 
Composite transition system with 447/480 vars: init h=4
t=322.18s (after computation of next merge)
Atomic transition system #447: current size: 2 (shrink threshold: 1)
Atomic transition system #447: applying abstraction (2 to 1 states)
Atomic transition system #447: simplification was not f-preserving!
Atomic transition system #447: computing init and goal distances using unit-cost algorithm
Atomic transition system #447: 1 states, 1 arcs 
Atomic transition system #447: init h=0
Composite transition system with 447/480 vars: current size: 9036 (shrink threshold: 1)
Composite transition system with 447/480 vars: not applying abstraction (same number of states)
t=322.355s (after shrinking)
Merging atomic transition system #447 and composite transition system with 447/480 vars
Composite transition system with 448/480 vars: computing init and goal distances using unit-cost algorithm
Composite transition system with 448/480 vars: 9036 states, 1381326 arcs 
Composite transition system with 448/480 vars: init h=4
Difference of init h values: 0
t=322.415s (after merging)
Composite transition system with 448/480 vars: not applying abstraction (same number of states)
Current peak memory increase of merge-and-shrink computation: 78848 KB

Next pair of indices: (448, 926)
Atomic transition system #448: 2 states, 6 arcs 
Atomic transition system #448: init h=0
Composite transition system with 448/480 vars: 9036 states, 1381326 arcs 
Composite transition system with 448/480 vars: init h=4
t=322.432s (after computation of next merge)
Atomic transition system #448: current size: 2 (shrink threshold: 1)
Atomic transition system #448: applying abstraction (2 to 1 states)
Atomic transition system #448: simplification was not f-preserving!
Atomic transition system #448: computing init and goal distances using unit-cost algorithm
Atomic transition system #448: 1 states, 1 arcs 
Atomic transition system #448: init h=0
Composite transition system with 448/480 vars: current size: 9036 (shrink threshold: 1)
Composite transition system with 448/480 vars: not applying abstraction (same number of states)
t=322.618s (after shrinking)
Merging atomic transition system #448 and composite transition system with 448/480 vars
Composite transition system with 449/480 vars: computing init and goal distances using unit-cost algorithm
Composite transition system with 449/480 vars: 9036 states, 1381326 arcs 
Composite transition system with 449/480 vars: init h=4
Difference of init h values: 0
t=322.679s (after merging)
Composite transition system with 449/480 vars: not applying abstraction (same number of states)
Current peak memory increase of merge-and-shrink computation: 78848 KB

Next pair of indices: (449, 927)
Atomic transition system #449: 2 states, 6 arcs 
Atomic transition system #449: init h=0
Composite transition system with 449/480 vars: 9036 states, 1381326 arcs 
Composite transition system with 449/480 vars: init h=4
t=322.695s (after computation of next merge)
Atomic transition system #449: current size: 2 (shrink threshold: 1)
Atomic transition system #449: applying abstraction (2 to 1 states)
Atomic transition system #449: simplification was not f-preserving!
Atomic transition system #449: computing init and goal distances using unit-cost algorithm
Atomic transition system #449: 1 states, 1 arcs 
Atomic transition system #449: init h=0
Composite transition system with 449/480 vars: current size: 9036 (shrink threshold: 1)
Composite transition system with 449/480 vars: not applying abstraction (same number of states)
t=322.862s (after shrinking)
Merging atomic transition system #449 and composite transition system with 449/480 vars
Composite transition system with 450/480 vars: computing init and goal distances using unit-cost algorithm
Composite transition system with 450/480 vars: 9036 states, 1381326 arcs 
Composite transition system with 450/480 vars: init h=4
Difference of init h values: 0
t=322.918s (after merging)
Composite transition system with 450/480 vars: not applying abstraction (same number of states)
Current peak memory increase of merge-and-shrink computation: 78848 KB

Next pair of indices: (450, 928)
Atomic transition system #450: 2 states, 6 arcs 
Atomic transition system #450: init h=0
Composite transition system with 450/480 vars: 9036 states, 1381326 arcs 
Composite transition system with 450/480 vars: init h=4
t=322.934s (after computation of next merge)
Atomic transition system #450: current size: 2 (shrink threshold: 1)
Atomic transition system #450: applying abstraction (2 to 1 states)
Atomic transition system #450: simplification was not f-preserving!
Atomic transition system #450: computing init and goal distances using unit-cost algorithm
Atomic transition system #450: 1 states, 1 arcs 
Atomic transition system #450: init h=0
Composite transition system with 450/480 vars: current size: 9036 (shrink threshold: 1)
Composite transition system with 450/480 vars: not applying abstraction (same number of states)
t=323.103s (after shrinking)
Merging atomic transition system #450 and composite transition system with 450/480 vars
Composite transition system with 451/480 vars: computing init and goal distances using unit-cost algorithm
Composite transition system with 451/480 vars: 9036 states, 1381326 arcs 
Composite transition system with 451/480 vars: init h=4
Difference of init h values: 0
t=323.16s (after merging)
Composite transition system with 451/480 vars: not applying abstraction (same number of states)
Current peak memory increase of merge-and-shrink computation: 78848 KB

Next pair of indices: (451, 929)
Atomic transition system #451: 2 states, 6 arcs 
Atomic transition system #451: init h=0
Composite transition system with 451/480 vars: 9036 states, 1381326 arcs 
Composite transition system with 451/480 vars: init h=4
t=323.178s (after computation of next merge)
Atomic transition system #451: current size: 2 (shrink threshold: 1)
Atomic transition system #451: applying abstraction (2 to 1 states)
Atomic transition system #451: simplification was not f-preserving!
Atomic transition system #451: computing init and goal distances using unit-cost algorithm
Atomic transition system #451: 1 states, 1 arcs 
Atomic transition system #451: init h=0
Composite transition system with 451/480 vars: current size: 9036 (shrink threshold: 1)
Composite transition system with 451/480 vars: not applying abstraction (same number of states)
t=323.365s (after shrinking)
Merging atomic transition system #451 and composite transition system with 451/480 vars
Composite transition system with 452/480 vars: computing init and goal distances using unit-cost algorithm
Composite transition system with 452/480 vars: 9036 states, 1381326 arcs 
Composite transition system with 452/480 vars: init h=4
Difference of init h values: 0
t=323.426s (after merging)
Composite transition system with 452/480 vars: not applying abstraction (same number of states)
Current peak memory increase of merge-and-shrink computation: 78848 KB

Next pair of indices: (452, 930)
Atomic transition system #452: 2 states, 6 arcs 
Atomic transition system #452: init h=0
Composite transition system with 452/480 vars: 9036 states, 1381326 arcs 
Composite transition system with 452/480 vars: init h=4
t=323.441s (after computation of next merge)
Atomic transition system #452: current size: 2 (shrink threshold: 1)
Atomic transition system #452: applying abstraction (2 to 1 states)
Atomic transition system #452: simplification was not f-preserving!
Atomic transition system #452: computing init and goal distances using unit-cost algorithm
Atomic transition system #452: 1 states, 1 arcs 
Atomic transition system #452: init h=0
Composite transition system with 452/480 vars: current size: 9036 (shrink threshold: 1)
Composite transition system with 452/480 vars: not applying abstraction (same number of states)
t=323.623s (after shrinking)
Merging atomic transition system #452 and composite transition system with 452/480 vars
Composite transition system with 453/480 vars: computing init and goal distances using unit-cost algorithm
Composite transition system with 453/480 vars: 9036 states, 1381326 arcs 
Composite transition system with 453/480 vars: init h=4
Difference of init h values: 0
t=323.683s (after merging)
Composite transition system with 453/480 vars: not applying abstraction (same number of states)
Current peak memory increase of merge-and-shrink computation: 78848 KB

Next pair of indices: (453, 931)
Atomic transition system #453: 2 states, 6 arcs 
Atomic transition system #453: init h=0
Composite transition system with 453/480 vars: 9036 states, 1381326 arcs 
Composite transition system with 453/480 vars: init h=4
t=323.697s (after computation of next merge)
Atomic transition system #453: current size: 2 (shrink threshold: 1)
Atomic transition system #453: applying abstraction (2 to 1 states)
Atomic transition system #453: simplification was not f-preserving!
Atomic transition system #453: computing init and goal distances using unit-cost algorithm
Atomic transition system #453: 1 states, 1 arcs 
Atomic transition system #453: init h=0
Composite transition system with 453/480 vars: current size: 9036 (shrink threshold: 1)
Composite transition system with 453/480 vars: not applying abstraction (same number of states)
t=323.873s (after shrinking)
Merging atomic transition system #453 and composite transition system with 453/480 vars
Composite transition system with 454/480 vars: computing init and goal distances using unit-cost algorithm
Composite transition system with 454/480 vars: 9036 states, 1381326 arcs 
Composite transition system with 454/480 vars: init h=4
Difference of init h values: 0
t=323.929s (after merging)
Composite transition system with 454/480 vars: not applying abstraction (same number of states)
Current peak memory increase of merge-and-shrink computation: 78848 KB

Next pair of indices: (454, 932)
Atomic transition system #454: 2 states, 6 arcs 
Atomic transition system #454: init h=0
Composite transition system with 454/480 vars: 9036 states, 1381326 arcs 
Composite transition system with 454/480 vars: init h=4
t=323.942s (after computation of next merge)
Atomic transition system #454: current size: 2 (shrink threshold: 1)
Atomic transition system #454: applying abstraction (2 to 1 states)
Atomic transition system #454: simplification was not f-preserving!
Atomic transition system #454: computing init and goal distances using unit-cost algorithm
Atomic transition system #454: 1 states, 1 arcs 
Atomic transition system #454: init h=0
Composite transition system with 454/480 vars: current size: 9036 (shrink threshold: 1)
Composite transition system with 454/480 vars: not applying abstraction (same number of states)
t=324.118s (after shrinking)
Merging atomic transition system #454 and composite transition system with 454/480 vars
Composite transition system with 455/480 vars: computing init and goal distances using unit-cost algorithm
Composite transition system with 455/480 vars: 9036 states, 1381326 arcs 
Composite transition system with 455/480 vars: init h=4
Difference of init h values: 0
t=324.178s (after merging)
Composite transition system with 455/480 vars: not applying abstraction (same number of states)
Current peak memory increase of merge-and-shrink computation: 78848 KB

Next pair of indices: (455, 933)
Atomic transition system #455: 2 states, 6 arcs 
Atomic transition system #455: init h=1
Composite transition system with 455/480 vars: 9036 states, 1381326 arcs 
Composite transition system with 455/480 vars: init h=4
t=324.191s (after computation of next merge)
Atomic transition system #455: current size: 2 (shrink threshold: 1)
Atomic transition system #455: not applying abstraction (same number of states)
Composite transition system with 455/480 vars: current size: 9036 (shrink threshold: 1)
Composite transition system with 455/480 vars: not applying abstraction (same number of states)
Merging atomic transition system #455 and composite transition system with 455/480 vars
Composite transition system with 456/480 vars: computing init and goal distances using unit-cost algorithm
Composite transition system with 456/480 vars: 18072 states, 4065148 arcs 
Composite transition system with 456/480 vars: init h=4
Difference of init h values: 0
t=324.728s (after merging)
Composite transition system with 456/480 vars: not applying abstraction (same number of states)
Current peak memory increase of merge-and-shrink computation: 78848 KB

Next pair of indices: (456, 934)
Atomic transition system #456: 2 states, 6 arcs 
Atomic transition system #456: init h=0
Composite transition system with 456/480 vars: 18072 states, 4065148 arcs 
Composite transition system with 456/480 vars: init h=4
t=324.738s (after computation of next merge)
Atomic transition system #456: current size: 2 (shrink threshold: 1)
Atomic transition system #456: applying abstraction (2 to 1 states)
Atomic transition system #456: simplification was not f-preserving!
Atomic transition system #456: computing init and goal distances using unit-cost algorithm
Atomic transition system #456: 1 states, 1 arcs 
Atomic transition system #456: init h=0
Composite transition system with 456/480 vars: current size: 18072 (shrink threshold: 1)
Composite transition system with 456/480 vars: applying abstraction (18072 to 10665 states)
Composite transition system with 456/480 vars: simplification was not f-preserving!
Composite transition system with 456/480 vars: computing init and goal distances using unit-cost algorithm
Composite transition system with 456/480 vars: 10665 states, 1811646 arcs 
Composite transition system with 456/480 vars: init h=4
t=325.549s (after shrinking)
Merging atomic transition system #456 and composite transition system with 456/480 vars
Composite transition system with 457/480 vars: computing init and goal distances using unit-cost algorithm
Composite transition system with 457/480 vars: 10665 states, 1811646 arcs 
Composite transition system with 457/480 vars: init h=4
Difference of init h values: 0
t=325.625s (after merging)
Composite transition system with 457/480 vars: not applying abstraction (same number of states)
Current peak memory increase of merge-and-shrink computation: 88380 KB

Next pair of indices: (457, 935)
Atomic transition system #457: 2 states, 6 arcs 
Atomic transition system #457: init h=0
Composite transition system with 457/480 vars: 10665 states, 1811646 arcs 
Composite transition system with 457/480 vars: init h=4
t=325.634s (after computation of next merge)
Atomic transition system #457: current size: 2 (shrink threshold: 1)
Atomic transition system #457: applying abstraction (2 to 1 states)
Atomic transition system #457: simplification was not f-preserving!
Atomic transition system #457: computing init and goal distances using unit-cost algorithm
Atomic transition system #457: 1 states, 1 arcs 
Atomic transition system #457: init h=0
Composite transition system with 457/480 vars: current size: 10665 (shrink threshold: 1)
Composite transition system with 457/480 vars: not applying abstraction (same number of states)
t=325.866s (after shrinking)
Merging atomic transition system #457 and composite transition system with 457/480 vars
Composite transition system with 458/480 vars: computing init and goal distances using unit-cost algorithm
Composite transition system with 458/480 vars: 10665 states, 1811646 arcs 
Composite transition system with 458/480 vars: init h=4
Difference of init h values: 0
t=325.942s (after merging)
Composite transition system with 458/480 vars: not applying abstraction (same number of states)
Current peak memory increase of merge-and-shrink computation: 88380 KB

Next pair of indices: (458, 936)
Atomic transition system #458: 2 states, 6 arcs 
Atomic transition system #458: init h=0
Composite transition system with 458/480 vars: 10665 states, 1811646 arcs 
Composite transition system with 458/480 vars: init h=4
t=325.95s (after computation of next merge)
Atomic transition system #458: current size: 2 (shrink threshold: 1)
Atomic transition system #458: applying abstraction (2 to 1 states)
Atomic transition system #458: simplification was not f-preserving!
Atomic transition system #458: computing init and goal distances using unit-cost algorithm
Atomic transition system #458: 1 states, 1 arcs 
Atomic transition system #458: init h=0
Composite transition system with 458/480 vars: current size: 10665 (shrink threshold: 1)
Composite transition system with 458/480 vars: not applying abstraction (same number of states)
t=326.182s (after shrinking)
Merging atomic transition system #458 and composite transition system with 458/480 vars
Composite transition system with 459/480 vars: computing init and goal distances using unit-cost algorithm
Composite transition system with 459/480 vars: 10665 states, 1811646 arcs 
Composite transition system with 459/480 vars: init h=4
Difference of init h values: 0
t=326.254s (after merging)
Composite transition system with 459/480 vars: not applying abstraction (same number of states)
Current peak memory increase of merge-and-shrink computation: 88380 KB

Next pair of indices: (459, 937)
Atomic transition system #459: 2 states, 6 arcs 
Atomic transition system #459: init h=0
Composite transition system with 459/480 vars: 10665 states, 1811646 arcs 
Composite transition system with 459/480 vars: init h=4
t=326.262s (after computation of next merge)
Atomic transition system #459: current size: 2 (shrink threshold: 1)
Atomic transition system #459: applying abstraction (2 to 1 states)
Atomic transition system #459: simplification was not f-preserving!
Atomic transition system #459: computing init and goal distances using unit-cost algorithm
Atomic transition system #459: 1 states, 1 arcs 
Atomic transition system #459: init h=0
Composite transition system with 459/480 vars: current size: 10665 (shrink threshold: 1)
Composite transition system with 459/480 vars: not applying abstraction (same number of states)
t=326.49s (after shrinking)
Merging atomic transition system #459 and composite transition system with 459/480 vars
Composite transition system with 460/480 vars: computing init and goal distances using unit-cost algorithm
Composite transition system with 460/480 vars: 10665 states, 1811646 arcs 
Composite transition system with 460/480 vars: init h=4
Difference of init h values: 0
t=326.563s (after merging)
Composite transition system with 460/480 vars: not applying abstraction (same number of states)
Current peak memory increase of merge-and-shrink computation: 88380 KB

Next pair of indices: (460, 938)
Atomic transition system #460: 2 states, 6 arcs 
Atomic transition system #460: init h=0
Composite transition system with 460/480 vars: 10665 states, 1811646 arcs 
Composite transition system with 460/480 vars: init h=4
t=326.57s (after computation of next merge)
Atomic transition system #460: current size: 2 (shrink threshold: 1)
Atomic transition system #460: applying abstraction (2 to 1 states)
Atomic transition system #460: simplification was not f-preserving!
Atomic transition system #460: computing init and goal distances using unit-cost algorithm
Atomic transition system #460: 1 states, 1 arcs 
Atomic transition system #460: init h=0
Composite transition system with 460/480 vars: current size: 10665 (shrink threshold: 1)
Composite transition system with 460/480 vars: not applying abstraction (same number of states)
t=326.786s (after shrinking)
Merging atomic transition system #460 and composite transition system with 460/480 vars
Composite transition system with 461/480 vars: computing init and goal distances using unit-cost algorithm
Composite transition system with 461/480 vars: 10665 states, 1811646 arcs 
Composite transition system with 461/480 vars: init h=4
Difference of init h values: 0
t=326.858s (after merging)
Composite transition system with 461/480 vars: not applying abstraction (same number of states)
Current peak memory increase of merge-and-shrink computation: 88380 KB

Next pair of indices: (461, 939)
Atomic transition system #461: 2 states, 6 arcs 
Atomic transition system #461: init h=0
Composite transition system with 461/480 vars: 10665 states, 1811646 arcs 
Composite transition system with 461/480 vars: init h=4
t=326.865s (after computation of next merge)
Atomic transition system #461: current size: 2 (shrink threshold: 1)
Atomic transition system #461: applying abstraction (2 to 1 states)
Atomic transition system #461: simplification was not f-preserving!
Atomic transition system #461: computing init and goal distances using unit-cost algorithm
Atomic transition system #461: 1 states, 1 arcs 
Atomic transition system #461: init h=0
Composite transition system with 461/480 vars: current size: 10665 (shrink threshold: 1)
Composite transition system with 461/480 vars: not applying abstraction (same number of states)
t=327.092s (after shrinking)
Merging atomic transition system #461 and composite transition system with 461/480 vars
Composite transition system with 462/480 vars: computing init and goal distances using unit-cost algorithm
Composite transition system with 462/480 vars: 10665 states, 1811646 arcs 
Composite transition system with 462/480 vars: init h=4
Difference of init h values: 0
t=327.164s (after merging)
Composite transition system with 462/480 vars: not applying abstraction (same number of states)
Current peak memory increase of merge-and-shrink computation: 88380 KB

Next pair of indices: (462, 940)
Atomic transition system #462: 2 states, 6 arcs 
Atomic transition system #462: init h=0
Composite transition system with 462/480 vars: 10665 states, 1811646 arcs 
Composite transition system with 462/480 vars: init h=4
t=327.171s (after computation of next merge)
Atomic transition system #462: current size: 2 (shrink threshold: 1)
Atomic transition system #462: applying abstraction (2 to 1 states)
Atomic transition system #462: simplification was not f-preserving!
Atomic transition system #462: computing init and goal distances using unit-cost algorithm
Atomic transition system #462: 1 states, 1 arcs 
Atomic transition system #462: init h=0
Composite transition system with 462/480 vars: current size: 10665 (shrink threshold: 1)
Composite transition system with 462/480 vars: not applying abstraction (same number of states)
t=327.402s (after shrinking)
Merging atomic transition system #462 and composite transition system with 462/480 vars
Composite transition system with 463/480 vars: computing init and goal distances using unit-cost algorithm
Composite transition system with 463/480 vars: 10665 states, 1811646 arcs 
Composite transition system with 463/480 vars: init h=4
Difference of init h values: 0
t=327.474s (after merging)
Composite transition system with 463/480 vars: not applying abstraction (same number of states)
Current peak memory increase of merge-and-shrink computation: 88380 KB

Next pair of indices: (463, 941)
Atomic transition system #463: 2 states, 6 arcs 
Atomic transition system #463: init h=0
Composite transition system with 463/480 vars: 10665 states, 1811646 arcs 
Composite transition system with 463/480 vars: init h=4
t=327.481s (after computation of next merge)
Atomic transition system #463: current size: 2 (shrink threshold: 1)
Atomic transition system #463: applying abstraction (2 to 1 states)
Atomic transition system #463: simplification was not f-preserving!
Atomic transition system #463: computing init and goal distances using unit-cost algorithm
Atomic transition system #463: 1 states, 1 arcs 
Atomic transition system #463: init h=0
Composite transition system with 463/480 vars: current size: 10665 (shrink threshold: 1)
Composite transition system with 463/480 vars: not applying abstraction (same number of states)
t=327.701s (after shrinking)
Merging atomic transition system #463 and composite transition system with 463/480 vars
Composite transition system with 464/480 vars: computing init and goal distances using unit-cost algorithm
Composite transition system with 464/480 vars: 10665 states, 1811646 arcs 
Composite transition system with 464/480 vars: init h=4
Difference of init h values: 0
t=327.776s (after merging)
Composite transition system with 464/480 vars: not applying abstraction (same number of states)
Current peak memory increase of merge-and-shrink computation: 88380 KB

Next pair of indices: (464, 942)
Atomic transition system #464: 2 states, 6 arcs 
Atomic transition system #464: init h=0
Composite transition system with 464/480 vars: 10665 states, 1811646 arcs 
Composite transition system with 464/480 vars: init h=4
t=327.782s (after computation of next merge)
Atomic transition system #464: current size: 2 (shrink threshold: 1)
Atomic transition system #464: applying abstraction (2 to 1 states)
Atomic transition system #464: simplification was not f-preserving!
Atomic transition system #464: computing init and goal distances using unit-cost algorithm
Atomic transition system #464: 1 states, 1 arcs 
Atomic transition system #464: init h=0
Composite transition system with 464/480 vars: current size: 10665 (shrink threshold: 1)
Composite transition system with 464/480 vars: not applying abstraction (same number of states)
t=328.001s (after shrinking)
Merging atomic transition system #464 and composite transition system with 464/480 vars
Composite transition system with 465/480 vars: computing init and goal distances using unit-cost algorithm
Composite transition system with 465/480 vars: 10665 states, 1811646 arcs 
Composite transition system with 465/480 vars: init h=4
Difference of init h values: 0
t=328.075s (after merging)
Composite transition system with 465/480 vars: not applying abstraction (same number of states)
Current peak memory increase of merge-and-shrink computation: 88380 KB

Next pair of indices: (465, 943)
Atomic transition system #465: 2 states, 6 arcs 
Atomic transition system #465: init h=0
Composite transition system with 465/480 vars: 10665 states, 1811646 arcs 
Composite transition system with 465/480 vars: init h=4
t=328.082s (after computation of next merge)
Atomic transition system #465: current size: 2 (shrink threshold: 1)
Atomic transition system #465: applying abstraction (2 to 1 states)
Atomic transition system #465: simplification was not f-preserving!
Atomic transition system #465: computing init and goal distances using unit-cost algorithm
Atomic transition system #465: 1 states, 1 arcs 
Atomic transition system #465: init h=0
Composite transition system with 465/480 vars: current size: 10665 (shrink threshold: 1)
Composite transition system with 465/480 vars: not applying abstraction (same number of states)
t=328.305s (after shrinking)
Merging atomic transition system #465 and composite transition system with 465/480 vars
Composite transition system with 466/480 vars: computing init and goal distances using unit-cost algorithm
Composite transition system with 466/480 vars: 10665 states, 1811646 arcs 
Composite transition system with 466/480 vars: init h=4
Difference of init h values: 0
t=328.381s (after merging)
Composite transition system with 466/480 vars: not applying abstraction (same number of states)
Current peak memory increase of merge-and-shrink computation: 88380 KB

Next pair of indices: (466, 944)
Atomic transition system #466: 2 states, 6 arcs 
Atomic transition system #466: init h=0
Composite transition system with 466/480 vars: 10665 states, 1811646 arcs 
Composite transition system with 466/480 vars: init h=4
t=328.388s (after computation of next merge)
Atomic transition system #466: current size: 2 (shrink threshold: 1)
Atomic transition system #466: applying abstraction (2 to 1 states)
Atomic transition system #466: simplification was not f-preserving!
Atomic transition system #466: computing init and goal distances using unit-cost algorithm
Atomic transition system #466: 1 states, 1 arcs 
Atomic transition system #466: init h=0
Composite transition system with 466/480 vars: current size: 10665 (shrink threshold: 1)
Composite transition system with 466/480 vars: not applying abstraction (same number of states)
t=328.624s (after shrinking)
Merging atomic transition system #466 and composite transition system with 466/480 vars
Composite transition system with 467/480 vars: computing init and goal distances using unit-cost algorithm
Composite transition system with 467/480 vars: 10665 states, 1811646 arcs 
Composite transition system with 467/480 vars: init h=4
Difference of init h values: 0
t=328.701s (after merging)
Composite transition system with 467/480 vars: not applying abstraction (same number of states)
Current peak memory increase of merge-and-shrink computation: 88380 KB

Next pair of indices: (467, 945)
Atomic transition system #467: 2 states, 6 arcs 
Atomic transition system #467: init h=0
Composite transition system with 467/480 vars: 10665 states, 1811646 arcs 
Composite transition system with 467/480 vars: init h=4
t=328.707s (after computation of next merge)
Atomic transition system #467: current size: 2 (shrink threshold: 1)
Atomic transition system #467: applying abstraction (2 to 1 states)
Atomic transition system #467: simplification was not f-preserving!
Atomic transition system #467: computing init and goal distances using unit-cost algorithm
Atomic transition system #467: 1 states, 1 arcs 
Atomic transition system #467: init h=0
Composite transition system with 467/480 vars: current size: 10665 (shrink threshold: 1)
Composite transition system with 467/480 vars: not applying abstraction (same number of states)
t=328.938s (after shrinking)
Merging atomic transition system #467 and composite transition system with 467/480 vars
Composite transition system with 468/480 vars: computing init and goal distances using unit-cost algorithm
Composite transition system with 468/480 vars: 10665 states, 1811646 arcs 
Composite transition system with 468/480 vars: init h=4
Difference of init h values: 0
t=329.016s (after merging)
Composite transition system with 468/480 vars: not applying abstraction (same number of states)
Current peak memory increase of merge-and-shrink computation: 88380 KB

Next pair of indices: (468, 946)
Atomic transition system #468: 2 states, 6 arcs 
Atomic transition system #468: init h=0
Composite transition system with 468/480 vars: 10665 states, 1811646 arcs 
Composite transition system with 468/480 vars: init h=4
t=329.021s (after computation of next merge)
Atomic transition system #468: current size: 2 (shrink threshold: 1)
Atomic transition system #468: applying abstraction (2 to 1 states)
Atomic transition system #468: simplification was not f-preserving!
Atomic transition system #468: computing init and goal distances using unit-cost algorithm
Atomic transition system #468: 1 states, 1 arcs 
Atomic transition system #468: init h=0
Composite transition system with 468/480 vars: current size: 10665 (shrink threshold: 1)
Composite transition system with 468/480 vars: not applying abstraction (same number of states)
t=329.245s (after shrinking)
Merging atomic transition system #468 and composite transition system with 468/480 vars
Composite transition system with 469/480 vars: computing init and goal distances using unit-cost algorithm
Composite transition system with 469/480 vars: 10665 states, 1811646 arcs 
Composite transition system with 469/480 vars: init h=4
Difference of init h values: 0
t=329.319s (after merging)
Composite transition system with 469/480 vars: not applying abstraction (same number of states)
Current peak memory increase of merge-and-shrink computation: 88380 KB

Next pair of indices: (469, 947)
Atomic transition system #469: 2 states, 6 arcs 
Atomic transition system #469: init h=0
Composite transition system with 469/480 vars: 10665 states, 1811646 arcs 
Composite transition system with 469/480 vars: init h=4
t=329.324s (after computation of next merge)
Atomic transition system #469: current size: 2 (shrink threshold: 1)
Atomic transition system #469: applying abstraction (2 to 1 states)
Atomic transition system #469: simplification was not f-preserving!
Atomic transition system #469: computing init and goal distances using unit-cost algorithm
Atomic transition system #469: 1 states, 1 arcs 
Atomic transition system #469: init h=0
Composite transition system with 469/480 vars: current size: 10665 (shrink threshold: 1)
Composite transition system with 469/480 vars: not applying abstraction (same number of states)
t=329.552s (after shrinking)
Merging atomic transition system #469 and composite transition system with 469/480 vars
Composite transition system with 470/480 vars: computing init and goal distances using unit-cost algorithm
Composite transition system with 470/480 vars: 10665 states, 1811646 arcs 
Composite transition system with 470/480 vars: init h=4
Difference of init h values: 0
t=329.628s (after merging)
Composite transition system with 470/480 vars: not applying abstraction (same number of states)
Current peak memory increase of merge-and-shrink computation: 88380 KB

Next pair of indices: (470, 948)
Atomic transition system #470: 2 states, 6 arcs 
Atomic transition system #470: init h=0
Composite transition system with 470/480 vars: 10665 states, 1811646 arcs 
Composite transition system with 470/480 vars: init h=4
t=329.633s (after computation of next merge)
Atomic transition system #470: current size: 2 (shrink threshold: 1)
Atomic transition system #470: applying abstraction (2 to 1 states)
Atomic transition system #470: simplification was not f-preserving!
Atomic transition system #470: computing init and goal distances using unit-cost algorithm
Atomic transition system #470: 1 states, 1 arcs 
Atomic transition system #470: init h=0
Composite transition system with 470/480 vars: current size: 10665 (shrink threshold: 1)
Composite transition system with 470/480 vars: not applying abstraction (same number of states)
t=329.868s (after shrinking)
Merging atomic transition system #470 and composite transition system with 470/480 vars
Composite transition system with 471/480 vars: computing init and goal distances using unit-cost algorithm
Composite transition system with 471/480 vars: 10665 states, 1811646 arcs 
Composite transition system with 471/480 vars: init h=4
Difference of init h values: 0
t=329.946s (after merging)
Composite transition system with 471/480 vars: not applying abstraction (same number of states)
Current peak memory increase of merge-and-shrink computation: 88380 KB

Next pair of indices: (471, 949)
Atomic transition system #471: 2 states, 6 arcs 
Atomic transition system #471: init h=0
Composite transition system with 471/480 vars: 10665 states, 1811646 arcs 
Composite transition system with 471/480 vars: init h=4
t=329.951s (after computation of next merge)
Atomic transition system #471: current size: 2 (shrink threshold: 1)
Atomic transition system #471: applying abstraction (2 to 1 states)
Atomic transition system #471: simplification was not f-preserving!
Atomic transition system #471: computing init and goal distances using unit-cost algorithm
Atomic transition system #471: 1 states, 1 arcs 
Atomic transition system #471: init h=0
Composite transition system with 471/480 vars: current size: 10665 (shrink threshold: 1)
Composite transition system with 471/480 vars: not applying abstraction (same number of states)
t=330.166s (after shrinking)
Merging atomic transition system #471 and composite transition system with 471/480 vars
Composite transition system with 472/480 vars: computing init and goal distances using unit-cost algorithm
Composite transition system with 472/480 vars: 10665 states, 1811646 arcs 
Composite transition system with 472/480 vars: init h=4
Difference of init h values: 0
t=330.238s (after merging)
Composite transition system with 472/480 vars: not applying abstraction (same number of states)
Current peak memory increase of merge-and-shrink computation: 88380 KB

Next pair of indices: (472, 950)
Atomic transition system #472: 2 states, 6 arcs 
Atomic transition system #472: init h=0
Composite transition system with 472/480 vars: 10665 states, 1811646 arcs 
Composite transition system with 472/480 vars: init h=4
t=330.243s (after computation of next merge)
Atomic transition system #472: current size: 2 (shrink threshold: 1)
Atomic transition system #472: applying abstraction (2 to 1 states)
Atomic transition system #472: simplification was not f-preserving!
Atomic transition system #472: computing init and goal distances using unit-cost algorithm
Atomic transition system #472: 1 states, 1 arcs 
Atomic transition system #472: init h=0
Composite transition system with 472/480 vars: current size: 10665 (shrink threshold: 1)
Composite transition system with 472/480 vars: not applying abstraction (same number of states)
t=330.469s (after shrinking)
Merging atomic transition system #472 and composite transition system with 472/480 vars
Composite transition system with 473/480 vars: computing init and goal distances using unit-cost algorithm
Composite transition system with 473/480 vars: 10665 states, 1811646 arcs 
Composite transition system with 473/480 vars: init h=4
Difference of init h values: 0
t=330.542s (after merging)
Composite transition system with 473/480 vars: not applying abstraction (same number of states)
Current peak memory increase of merge-and-shrink computation: 88380 KB

Next pair of indices: (473, 951)
Atomic transition system #473: 2 states, 6 arcs 
Atomic transition system #473: init h=0
Composite transition system with 473/480 vars: 10665 states, 1811646 arcs 
Composite transition system with 473/480 vars: init h=4
t=330.547s (after computation of next merge)
Atomic transition system #473: current size: 2 (shrink threshold: 1)
Atomic transition system #473: applying abstraction (2 to 1 states)
Atomic transition system #473: simplification was not f-preserving!
Atomic transition system #473: computing init and goal distances using unit-cost algorithm
Atomic transition system #473: 1 states, 1 arcs 
Atomic transition system #473: init h=0
Composite transition system with 473/480 vars: current size: 10665 (shrink threshold: 1)
Composite transition system with 473/480 vars: not applying abstraction (same number of states)
t=330.779s (after shrinking)
Merging atomic transition system #473 and composite transition system with 473/480 vars
Composite transition system with 474/480 vars: computing init and goal distances using unit-cost algorithm
Composite transition system with 474/480 vars: 10665 states, 1811646 arcs 
Composite transition system with 474/480 vars: init h=4
Difference of init h values: 0
t=330.856s (after merging)
Composite transition system with 474/480 vars: not applying abstraction (same number of states)
Current peak memory increase of merge-and-shrink computation: 88380 KB

Next pair of indices: (474, 952)
Atomic transition system #474: 2 states, 6 arcs 
Atomic transition system #474: init h=0
Composite transition system with 474/480 vars: 10665 states, 1811646 arcs 
Composite transition system with 474/480 vars: init h=4
t=330.86s (after computation of next merge)
Atomic transition system #474: current size: 2 (shrink threshold: 1)
Atomic transition system #474: applying abstraction (2 to 1 states)
Atomic transition system #474: simplification was not f-preserving!
Atomic transition system #474: computing init and goal distances using unit-cost algorithm
Atomic transition system #474: 1 states, 1 arcs 
Atomic transition system #474: init h=0
Composite transition system with 474/480 vars: current size: 10665 (shrink threshold: 1)
Composite transition system with 474/480 vars: not applying abstraction (same number of states)
t=331.081s (after shrinking)
Merging atomic transition system #474 and composite transition system with 474/480 vars
Composite transition system with 475/480 vars: computing init and goal distances using unit-cost algorithm
Composite transition system with 475/480 vars: 10665 states, 1811646 arcs 
Composite transition system with 475/480 vars: init h=4
Difference of init h values: 0
t=331.157s (after merging)
Composite transition system with 475/480 vars: not applying abstraction (same number of states)
Current peak memory increase of merge-and-shrink computation: 88380 KB

Next pair of indices: (475, 953)
Atomic transition system #475: 2 states, 6 arcs 
Atomic transition system #475: init h=0
Composite transition system with 475/480 vars: 10665 states, 1811646 arcs 
Composite transition system with 475/480 vars: init h=4
t=331.162s (after computation of next merge)
Atomic transition system #475: current size: 2 (shrink threshold: 1)
Atomic transition system #475: applying abstraction (2 to 1 states)
Atomic transition system #475: simplification was not f-preserving!
Atomic transition system #475: computing init and goal distances using unit-cost algorithm
Atomic transition system #475: 1 states, 1 arcs 
Atomic transition system #475: init h=0
Composite transition system with 475/480 vars: current size: 10665 (shrink threshold: 1)
Composite transition system with 475/480 vars: not applying abstraction (same number of states)
t=331.397s (after shrinking)
Merging atomic transition system #475 and composite transition system with 475/480 vars
Composite transition system with 476/480 vars: computing init and goal distances using unit-cost algorithm
Composite transition system with 476/480 vars: 10665 states, 1811646 arcs 
Composite transition system with 476/480 vars: init h=4
Difference of init h values: 0
t=331.471s (after merging)
Composite transition system with 476/480 vars: not applying abstraction (same number of states)
Current peak memory increase of merge-and-shrink computation: 88380 KB

Next pair of indices: (476, 954)
Atomic transition system #476: 2 states, 6 arcs 
Atomic transition system #476: init h=0
Composite transition system with 476/480 vars: 10665 states, 1811646 arcs 
Composite transition system with 476/480 vars: init h=4
t=331.474s (after computation of next merge)
Atomic transition system #476: current size: 2 (shrink threshold: 1)
Atomic transition system #476: applying abstraction (2 to 1 states)
Atomic transition system #476: simplification was not f-preserving!
Atomic transition system #476: computing init and goal distances using unit-cost algorithm
Atomic transition system #476: 1 states, 1 arcs 
Atomic transition system #476: init h=0
Composite transition system with 476/480 vars: current size: 10665 (shrink threshold: 1)
Composite transition system with 476/480 vars: not applying abstraction (same number of states)
t=331.716s (after shrinking)
Merging atomic transition system #476 and composite transition system with 476/480 vars
Composite transition system with 477/480 vars: computing init and goal distances using unit-cost algorithm
Composite transition system with 477/480 vars: 10665 states, 1811646 arcs 
Composite transition system with 477/480 vars: init h=4
Difference of init h values: 0
t=331.789s (after merging)
Composite transition system with 477/480 vars: not applying abstraction (same number of states)
Current peak memory increase of merge-and-shrink computation: 88380 KB

Next pair of indices: (477, 955)
Atomic transition system #477: 2 states, 6 arcs 
Atomic transition system #477: init h=0
Composite transition system with 477/480 vars: 10665 states, 1811646 arcs 
Composite transition system with 477/480 vars: init h=4
t=331.792s (after computation of next merge)
Atomic transition system #477: current size: 2 (shrink threshold: 1)
Atomic transition system #477: applying abstraction (2 to 1 states)
Atomic transition system #477: simplification was not f-preserving!
Atomic transition system #477: computing init and goal distances using unit-cost algorithm
Atomic transition system #477: 1 states, 1 arcs 
Atomic transition system #477: init h=0
Composite transition system with 477/480 vars: current size: 10665 (shrink threshold: 1)
Composite transition system with 477/480 vars: not applying abstraction (same number of states)
t=332.026s (after shrinking)
Merging atomic transition system #477 and composite transition system with 477/480 vars
Composite transition system with 478/480 vars: computing init and goal distances using unit-cost algorithm
Composite transition system with 478/480 vars: 10665 states, 1811646 arcs 
Composite transition system with 478/480 vars: init h=4
Difference of init h values: 0
t=332.102s (after merging)
Composite transition system with 478/480 vars: not applying abstraction (same number of states)
Current peak memory increase of merge-and-shrink computation: 88380 KB

Next pair of indices: (478, 956)
Atomic transition system #478: 2 states, 6 arcs 
Atomic transition system #478: init h=0
Composite transition system with 478/480 vars: 10665 states, 1811646 arcs 
Composite transition system with 478/480 vars: init h=4
t=332.105s (after computation of next merge)
Label reduction: 6 labels, 4 after reduction
t=332.236s (after label reduction)
Atomic transition system #478: current size: 2 (shrink threshold: 1)
Atomic transition system #478: applying abstraction (2 to 1 states)
Atomic transition system #478: simplification was not f-preserving!
Atomic transition system #478: computing init and goal distances using unit-cost algorithm
Atomic transition system #478: 1 states, 1 arcs 
Atomic transition system #478: init h=0
Composite transition system with 478/480 vars: current size: 10665 (shrink threshold: 1)
Composite transition system with 478/480 vars: applying abstraction (10665 to 5514 states)
Composite transition system with 478/480 vars: 5514 states, 868734 arcs 
Composite transition system with 478/480 vars: init h=4
t=332.557s (after shrinking)
Merging atomic transition system #478 and composite transition system with 478/480 vars
Composite transition system with 479/480 vars: computing init and goal distances using unit-cost algorithm
Composite transition system with 479/480 vars: 5514 states, 868734 arcs 
Composite transition system with 479/480 vars: init h=4
Difference of init h values: 0
t=332.591s (after merging)
Composite transition system with 479/480 vars: not applying abstraction (same number of states)
Current peak memory increase of merge-and-shrink computation: 88380 KB

Next pair of indices: (479, 957)
Atomic transition system #479: 2 states, 6 arcs 
Atomic transition system #479: init h=1
Composite transition system with 479/480 vars: 5514 states, 868734 arcs 
Composite transition system with 479/480 vars: init h=4
t=332.591s (after computation of next merge)
Label reduction: 4 labels, 2 after reduction
t=332.698s (after label reduction)
Atomic transition system #479: current size: 2 (shrink threshold: 1)
Atomic transition system #479: not applying abstraction (same number of states)
Composite transition system with 479/480 vars: current size: 5514 (shrink threshold: 1)
Composite transition system with 479/480 vars: applying abstraction (5514 to 1970 states)
Composite transition system with 479/480 vars: 1970 states, 266932 arcs 
Composite transition system with 479/480 vars: init h=4
t=332.899s (after shrinking)
Merging atomic transition system #479 and composite transition system with 479/480 vars
Composite transition system with 480/480 vars: computing init and goal distances using unit-cost algorithm
Composite transition system with 480/480 vars: 3940 states, 776620 arcs 
Composite transition system with 480/480 vars: init h=4
Difference of init h values: 0
t=332.966s (after merging)
Composite transition system with 480/480 vars: not applying abstraction (same number of states)
Current peak memory increase of merge-and-shrink computation: 88380 KB

Iterations with merge tiebreaking: 478
Total tiebreaking merge candidates: 1262064
Final transition system size: 3940
Maximum intermediate abstraction size: 18072
Maximum intermediate number of transitions: 4065148
Init h value improvements: [0, 0, 0, 0, 0, 0, 0, 0, 0, 0, 0, 0, 0, 0, 0, 0, 0, 0, 0, 0, 0, 0, 0, 0, 0, 0, 0, 0, 0, 0, 0, 0, 0, 0, 0, 0, 0, 0, 0, 0, 0, 0, 0, 0, 0, 0, 0, 0, 0, 0, 0, 0, 0, 0, 0, 0, 0, 0, 1, 0, 0, 0, 0, 0, 0, 0, 0, 0, 0, 0, 0, 0, 0, 0, 0, 0, 0, 0, 0, 0, 0, 0, 0, 0, 0, 0, 0, 0, 0, 0, 0, 0, 0, 0, 0, 0, 0, 0, 0, 0, 0, 0, 0, 0, 0, 0, 0, 0, 0, 0, 0, 0, 0, 0, 0, 0, 0, 0, 0, 0, 0, 0, 0, 0, 0, 0, 0, 0, 0, 0, 0, 0, 0, 0, 0, 0, 0, 0, 0, 0, 0, 0, 0, 0, 0, 0, 0, 0, 0, 0, 0, 0, 0, 0, 0, 0, 0, 0, 0, 0, 0, 0, 0, 0, 0, 0, 1, 0, 0, 0, 0, 0, 0, 0, 0, 0, 0, 0, 0, 0, 0, 0, 0, 0, 0, 0, 0, 0, 0, 0, 0, 0, 0, 0, 0, 0, 0, 0, 0, 0, 0, 0, 0, 0, 0, 0, 0, 0, 0, 0, 0, 0, 0, 0, 0, 0, 0, 0, 0, 0, 0, 0, 0, 0, 0, 0, 0, 0, 0, 0, 0, 0, 0, 0, 0, 0, 0, 0, 0, 0, 0, 0, 0, 0, 0, 0, 0, 0, 0, 0, 0, 0, 0, 0, 0, 0, 0, 0, 0, 0, 0, 0, 1, 0, 0, 0, 0, 0, 0, 0, 0, 0, 0, 0, 0, 0, 0, 0, 0, 0, 0, 0, 0, 0, 0, 0, 0, 0, 0, 0, 0, 0, 0, 0, 0, 0, 0, 0, 0, 0, 0, 0, 0, 0, 0, 0, 0, 0, 0, 0, 0, 0, 0, 0, 0, 0, 0, 0, 0, 0, 0, 0, 0, 0, 0, 0, 0, 0, 0, 0, 0, 0, 0, 0, 0, 0, 0, 0, 0, 0, 0, 0, 0, 0, 0, 0, 0, 0, 0, 0, 0, 0, 0, 0, 0, 0, 0, 0, 0, 0, 0, 0, 0, 0, 0, 0, 0, 0, 0, 0, 0, 0, 0, 0, 0, 0, 0, 0, 0, 0, 0, 0, 0, 0, 0, 0, 0, 0, 0, 0, 0, 0, 0, 0, 0, 0, 0, 0, 0, 0, 0, 0, 0, 0, 0, 0, 0, 0, 0, 0, 0, 0, 0, 0, 0, 0, 0, 0, 0, 0, 0, 0, 0, 0, 0, 0, 0, 0, 0, 0, 0, 0, 0, 0, 0, 0, 0, 0, 0, 0, 0, 0, 0, 0, 0, 0, 0, 0, 0, 0, 0, 0, 0, 0, 0, 0, 0, 0, 0, 0, 0, 0, 0, 0, 0, 0, 0, 0, 0, 0, 0, 0, 0, 0, 0, 0, 0, 0, 0]
Course of label reduction: [12, 6, 6, 6, 6, 6, 6, 6, 6, 6, 6, 6, 6, 6, 6, 6, 6, 6, 6, 6, 6, 6, 6, 6, 6, 6, 6, 6, 6, 6, 6, 6, 6, 6, 6, 6, 6, 6, 6, 6, 6, 6, 6, 6, 6, 6, 6, 6, 6, 6, 6, 6, 6, 6, 6, 6, 6, 6, 6, 6, 6, 6, 6, 6, 6, 6, 6, 6, 6, 6, 6, 6, 6, 6, 6, 6, 6, 6, 6, 6, 6, 6, 6, 6, 6, 6, 6, 6, 6, 6, 6, 6, 6, 6, 6, 6, 6, 6, 6, 6, 6, 6, 6, 6, 6, 6, 6, 6, 6, 6, 6, 6, 6, 6, 6, 6, 6, 6, 6, 6, 6, 6, 6, 6, 6, 6, 6, 6, 6, 6, 6, 6, 6, 6, 6, 6, 6, 6, 6, 6, 6, 6, 6, 6, 6, 6, 6, 6, 6, 6, 6, 6, 6, 6, 6, 6, 6, 6, 6, 6, 6, 6, 6, 6, 6, 6, 6, 6, 6, 6, 6, 6, 6, 6, 6, 6, 6, 6, 6, 6, 6, 6, 6, 6, 6, 6, 6, 6, 6, 6, 6, 6, 6, 6, 6, 6, 6, 6, 6, 6, 6, 6, 6, 6, 6, 6, 6, 6, 6, 6, 6, 6, 6, 6, 6, 6, 6, 6, 6, 6, 6, 6, 6, 6, 6, 6, 6, 6, 6, 6, 6, 6, 6, 6, 6, 6, 6, 6, 6, 6, 6, 6, 6, 6, 6, 6, 6, 6, 6, 6, 6, 6, 6, 6, 6, 6, 6, 6, 6, 6, 6, 6, 6, 6, 6, 6, 6, 6, 6, 6, 6, 6, 6, 6, 6, 6, 6, 6, 6, 6, 6, 6, 6, 6, 6, 6, 6, 6, 6, 6, 6, 6, 6, 6, 6, 6, 6, 6, 6, 6, 6, 6, 6, 6, 6, 6, 6, 6, 6, 6, 6, 6, 6, 6, 6, 6, 6, 6, 6, 6, 6, 6, 6, 6, 6, 6, 6, 6, 6, 6, 6, 6, 6, 6, 6, 6, 6, 6, 6, 6, 6, 6, 6, 6, 6, 6, 6, 6, 6, 6, 6, 6, 6, 6, 6, 6, 6, 6, 6, 6, 6, 6, 6, 6, 6, 6, 6, 6, 6, 6, 6, 6, 6, 6, 6, 6, 6, 6, 6, 6, 6, 6, 6, 6, 6, 6, 6, 6, 6, 6, 6, 6, 6, 6, 6, 6, 6, 6, 6, 6, 6, 6, 6, 6, 6, 6, 6, 6, 6, 6, 6, 6, 6, 6, 6, 6, 6, 6, 6, 6, 6, 6, 6, 6, 6, 6, 6, 6, 6, 6, 6, 6, 6, 6, 6, 6, 6, 6, 6, 6, 6, 6, 6, 6, 6, 6, 6, 6, 6, 6, 6, 6, 6, 6, 6, 6, 6, 6, 6, 6, 6, 6, 6, 6, 6, 6, 6, 6, 6, 6, 6, 6, 6, 6, 6, 6, 6, 6, 4, 2]
Course of miss qualified states shrinking: [0, 0, 0, 0, 0, 0, 0, 0, 0, 0, 0, 0, 0, 0, 0, 0, 0, 0, 0, 0, 0, 0, 0, 0, 0, 0, 0, 0, 0, 0, 0, 0, 0, 0, 0, 0, 0, 0, 0, 0, 0, 0, 0, 0, 0, 0, 0, 0, 0, 0, 0, 0, 0, 0, 0, 0, 0, 0, 0, 0, 0, 0, 0, 0, 0, 0, 0, 0, 0, 0, 0, 0, 0, 0, 0, 0, 0, 0, 0, 0, 0, 0, 0, 0, 0, 0, 0, 0, 0, 0, 0, 0, 0, 0, 0, 0, 0, 0, 0, 0, 0, 0, 0, 0, 0, 0, 0, 0, 0, 0, 0, 0, 0, 0, 0, 0, 0, 0, 0, 0, 0, 0, 0, 0, 0, 0, 0, 0, 0, 0, 0, 0, 0, 0, 0, 0, 0, 0, 0, 0, 0, 0, 0, 0, 0, 0, 0, 0, 0, 0, 0, 0, 0, 0, 0, 0, 0, 0, 0, 0, 0, 0, 0, 0, 0, 0, 0, 0, 0, 0, 0, 0, 0, 0, 0, 0, 0, 0, 0, 0, 0, 0, 0, 0, 0, 0, 0, 0, 0, 0, 0, 0, 0, 0, 0, 0, 0, 0, 0, 0, 0, 0, 0, 0, 0, 0, 0, 0, 0, 0, 0, 0, 0, 0, 0, 0, 0, 0, 0, 0, 0, 0, 0, 0, 0, 0, 0, 0, 0, 0, 0, 0, 0, 0, 0, 0, 0, 0, 0, 0, 0, 0, 0, 0, 0, 0, 0, 0, 0, 0, 0, 0, 0, 0, 0, 0, 0, 0, 0, 0, 0, 0, 0, 0, 0, 0, 0, 0, 0, 0, 0, 0, 0, 0, 0, 0, 0, 0, 0, 0, 0, 0, 0, 0, 0, 0, 0, 0, 0, 0, 0, 0, 0, 0, 0, 0, 0, 0, 0, 0, 0, 0, 0, 0, 0, 0, 0, 0, 0, 0, 0, 0, 0, 0, 0, 0, 0, 0, 0, 0, 0, 0, 0, 0, 0, 0, 0, 0, 0, 0, 0, 0, 0, 0, 0, 0, 0, 0, 0, 0, 0, 0, 0, 0, 0, 0, 0, 0, 0, 0, 0, 0, 0, 0, 0, 0, 0, 0, 0, 0, 0, 0, 0, 0, 0, 0, 0, 0, 0, 0, 0, 0, 0, 0, 0, 0, 0, 0, 0, 0, 0, 0, 0, 0, 0, 0, 0, 0, 0, 0, 0, 0, 0, 0, 0, 0, 0, 0, 0, 0, 0, 0, 0, 0, 0, 0, 0, 0, 0, 0, 0, 0, 0, 0, 0, 0, 0, 0, 0, 0, 0, 0, 0, 0, 0, 0, 0, 0, 0, 0, 0, 0, 0, 0, 0, 0, 0, 0, 0, 0, 0, 0, 0, 0, 0, 0, 0, 0, 0, 0, 0, 0, 0, 0, 0, 0, 0, 0, 0, 0, 0, 0, 0, 0, 0, 0, 0, 0, 0, 0, 0, 0, 0, 0, 0, 0, 0, 0, 0, 0, 0, 0, 0, 0, 0, 0, 0, 0, 0, 0, 0, 0, 0, 0, 0, 0, 0, 0, 0, 0, 0, 0, 0, 0, 0, 0, 0, 0, 0, 0, 0, 0, 0, 0, 0, 0, 0, 0, 0, 0, 0, 0, 0, 0, 0, 0, 0, 0, 0, 0, 0, 0, 0, 0, 0, 0, 0, 0, 0, 0, 0, 0, 0, 0, 0, 0, 0, 0, 0, 0, 0, 0, 0, 0, 0, 0, 0, 0, 0, 0, 0, 0, 0, 0, 0, 0, 0, 0, 0, 0, 0, 0, 0, 0, 0, 0, 0, 0, 0, 0, 0, 0, 0, 0, 0, 0, 0, 0, 0, 0, 0, 0, 0, 0, 0, 0, 0, 0, 0, 0, 0, 0, 0, 0, 0, 0, 0, 0, 0, 0, 0, 0, 0, 0, 0, 0, 0, 0, 0, 0, 0, 0, 0, 0, 0, 0, 0, 0, 0, 0, 0, 0, 0, 0, 0, 0, 0, 0, 0, 0, 0, 0, 0, 0, 0, 0, 0, 0, 0, 0, 0, 0, 0, 0, 0, 0, 0, 0, 0, 0, 0, 0, 0, 0, 0, 0, 0, 0, 0, 0, 0, 0, 0, 0, 0, 0, 0, 0, 0, 0, 0, 0, 0, 0, 0, 0, 0, 0, 0, 0, 0, 0, 0, 0, 0, 0, 0, 0, 0, 0, 0, 0, 0, 0, 0, 0, 0, 0, 0, 0, 0, 0, 0, 0, 0, 0, 0, 0, 0, 0, 0, 0, 0, 0, 0, 0, 0, 0, 0, 0, 0, 0, 0, 0, 0, 0, 0, 0, 0, 0, 0, 0, 0, 0, 0, 0, 0, 0, 0, 0, 0, 0, 0, 0, 0, 0, 0, 0, 0, 0, 0, 0, 0, 0, 0, 0, 0, 0, 0, 0, 0, 0, 0, 0, 0, 0, 0, 0, 0, 0, 0, 0, 0, 0, 0, 0, 0, 0, 0, 0, 0, 0, 0, 0, 0, 0, 0, 0, 0, 0, 0, 0, 0, 0, 0, 0, 0, 0, 0, 0, 0, 0, 0, 0, 0, 0, 0, 0, 0, 0, 0, 0, 0, 0, 0, 0, 0, 0, 0, 0, 0, 0, 0, 0, 0, 0, 0, 0, 0, 0, 0, 0, 0, 0, 0, 0, 0, 0, 0, 0, 0, 0, 0, 0, 0, 0, 0, 0, 0, 0, 0, 0, 0, 0, 0, 0, 0, 0, 0, 0, 0, 0, 0, 0, 0, 0, 0, 0, 0, 0, 0, 0, 0, 0, 0, 0, 0, 0, 0, 0, 0, 0, 0, 0, 0, 0, 0, 0, 0, 0, 0, 0, 0, 0, 0, 0, 0, 0, 0, 0, 0, 0, 0, 0, 0, 0, 0, 0, 0, 0, 0, 0, 0, 0, 0, 0, 0, 0, 0, 0, 0, 0, 0, 0, 0, 0, 0, 0, 0, 0, 0, 0, 0, 0, 0, 0, 0, 0, 0, 0, 0, 0, 0, 0, 0, 0, 0, 0]
Average imperfect shrinking: 0
Merge order: [(0, 47), (1, 480), (2, 481), (5, 482), (6, 483), (7, 484), (8, 485), (9, 486), (10, 487), (11, 488), (13, 489), (14, 490), (15, 491), (23, 492), (4, 493), (16, 494), (17, 495), (20, 496), (21, 497), (22, 498), (24, 499), (25, 500), (26, 501), (28, 502), (29, 503), (30, 504), (31, 505), (32, 506), (33, 507), (34, 508), (35, 509), (37, 510), (38, 511), (39, 512), (40, 513), (41, 514), (44, 515), (45, 516), (46, 517), (48, 518), (49, 519), (50, 520), (52, 521), (53, 522), (54, 523), (55, 524), (56, 525), (57, 526), (58, 527), (59, 528), (60, 529), (62, 530), (63, 531), (64, 532), (65, 533), (67, 534), (68, 535), (70, 536), (71, 537), (3, 538), (12, 539), (18, 540), (19, 541), (27, 542), (36, 543), (42, 544), (43, 545), (51, 546), (61, 547), (66, 548), (69, 549), (72, 550), (73, 551), (74, 552), (75, 553), (76, 554), (77, 555), (78, 556), (79, 557), (80, 558), (81, 559), (82, 560), (83, 561), (84, 562), (85, 563), (86, 564), (87, 565), (88, 566), (89, 567), (90, 568), (91, 569), (92, 570), (93, 571), (94, 572), (95, 573), (96, 574), (97, 575), (98, 576), (99, 577), (100, 578), (101, 579), (102, 580), (103, 581), (104, 582), (105, 583), (106, 584), (107, 585), (108, 586), (109, 587), (110, 588), (111, 589), (112, 590), (113, 591), (114, 592), (115, 593), (116, 594), (117, 595), (118, 596), (119, 597), (120, 598), (121, 599), (122, 600), (123, 601), (124, 602), (125, 603), (126, 604), (127, 605), (128, 606), (129, 607), (130, 608), (131, 609), (132, 610), (133, 611), (134, 612), (135, 613), (136, 614), (137, 615), (138, 616), (139, 617), (140, 618), (141, 619), (142, 620), (143, 621), (144, 622), (145, 623), (146, 624), (147, 625), (148, 626), (149, 627), (150, 628), (151, 629), (152, 630), (153, 631), (154, 632), (155, 633), (156, 634), (157, 635), (158, 636), (159, 637), (160, 638), (161, 639), (162, 640), (163, 641), (164, 642), (165, 643), (166, 644), (167, 645), (168, 646), (169, 647), (170, 648), (171, 649), (172, 650), (173, 651), (174, 652), (175, 653), (176, 654), (177, 655), (178, 656), (179, 657), (180, 658), (181, 659), (182, 660), (183, 661), (184, 662), (185, 663), (186, 664), (187, 665), (188, 666), (189, 667), (190, 668), (191, 669), (192, 670), (193, 671), (194, 672), (195, 673), (196, 674), (197, 675), (198, 676), (199, 677), (200, 678), (201, 679), (202, 680), (203, 681), (204, 682), (205, 683), (206, 684), (207, 685), (208, 686), (209, 687), (210, 688), (211, 689), (212, 690), (213, 691), (214, 692), (215, 693), (216, 694), (217, 695), (218, 696), (219, 697), (220, 698), (221, 699), (222, 700), (223, 701), (224, 702), (225, 703), (226, 704), (227, 705), (228, 706), (229, 707), (230, 708), (231, 709), (232, 710), (233, 711), (234, 712), (235, 713), (236, 714), (237, 715), (238, 716), (239, 717), (240, 718), (241, 719), (242, 720), (243, 721), (244, 722), (245, 723), (246, 724), (247, 725), (248, 726), (249, 727), (250, 728), (251, 729), (252, 730), (253, 731), (254, 732), (255, 733), (256, 734), (257, 735), (258, 736), (259, 737), (260, 738), (261, 739), (262, 740), (263, 741), (264, 742), (265, 743), (266, 744), (267, 745), (268, 746), (269, 747), (270, 748), (271, 749), (272, 750), (273, 751), (274, 752), (275, 753), (276, 754), (277, 755), (278, 756), (279, 757), (280, 758), (281, 759), (282, 760), (283, 761), (284, 762), (285, 763), (286, 764), (287, 765), (288, 766), (289, 767), (290, 768), (291, 769), (292, 770), (293, 771), (294, 772), (295, 773), (296, 774), (297, 775), (298, 776), (299, 777), (300, 778), (301, 779), (302, 780), (303, 781), (304, 782), (305, 783), (306, 784), (307, 785), (308, 786), (309, 787), (310, 788), (311, 789), (312, 790), (313, 791), (314, 792), (315, 793), (316, 794), (317, 795), (318, 796), (319, 797), (320, 798), (321, 799), (322, 800), (323, 801), (324, 802), (325, 803), (326, 804), (327, 805), (328, 806), (329, 807), (330, 808), (331, 809), (332, 810), (333, 811), (334, 812), (335, 813), (336, 814), (337, 815), (338, 816), (339, 817), (340, 818), (341, 819), (342, 820), (343, 821), (344, 822), (345, 823), (346, 824), (347, 825), (348, 826), (349, 827), (350, 828), (351, 829), (352, 830), (353, 831), (354, 832), (355, 833), (356, 834), (357, 835), (358, 836), (359, 837), (360, 838), (361, 839), (362, 840), (363, 841), (364, 842), (365, 843), (366, 844), (367, 845), (368, 846), (369, 847), (370, 848), (371, 849), (372, 850), (373, 851), (374, 852), (375, 853), (376, 854), (377, 855), (378, 856), (379, 857), (380, 858), (381, 859), (382, 860), (383, 861), (384, 862), (385, 863), (386, 864), (387, 865), (388, 866), (389, 867), (390, 868), (391, 869), (392, 870), (393, 871), (394, 872), (395, 873), (396, 874), (397, 875), (398, 876), (399, 877), (400, 878), (401, 879), (402, 880), (403, 881), (404, 882), (405, 883), (406, 884), (407, 885), (408, 886), (409, 887), (410, 888), (411, 889), (412, 890), (413, 891), (414, 892), (415, 893), (416, 894), (417, 895), (418, 896), (419, 897), (420, 898), (421, 899), (422, 900), (423, 901), (424, 902), (425, 903), (426, 904), (427, 905), (428, 906), (429, 907), (430, 908), (431, 909), (432, 910), (433, 911), (434, 912), (435, 913), (436, 914), (437, 915), (438, 916), (439, 917), (440, 918), (441, 919), (442, 920), (443, 921), (444, 922), (445, 923), (446, 924), (447, 925), (448, 926), (449, 927), (450, 928), (451, 929), (452, 930), (453, 931), (454, 932), (455, 933), (456, 934), (457, 935), (458, 936), (459, 937), (460, 938), (461, 939), (462, 940), (463, 941), (464, 942), (465, 943), (466, 944), (467, 945), (468, 946), (469, 947), (470, 948), (471, 949), (472, 950), (473, 951), (474, 952), (475, 953), (476, 954), (477, 955), (478, 956), (479, 957)]
Linear merge order
Relative pruning per iteration: [0, 0, 0, 0, 0, 0, 0, 0, 0, 0, 0, 0, 0, 0, 0, 0, 0, 0, 0, 0, 0, 0, 0, 0, 0, 0, 0, 0, 0, 0, 0, 0, 0, 0, 0, 0, 0, 0, 0, 0, 0, 0, 0, 0, 0, 0, 0, 0, 0, 0, 0, 0, 0, 0, 0, 0, 0, 0, 0, 0, 0, 0, 0, 0, 0, 0, 0, 0, 0, 0, 0, 0, 0, 0, 0, 0, 0, 0, 0, 0, 0, 0, 0, 0, 0, 0, 0, 0, 0, 0, 0, 0, 0, 0, 0, 0, 0, 0, 0, 0, 0, 0, 0, 0, 0, 0, 0, 0, 0, 0, 0, 0, 0, 0, 0, 0, 0, 0, 0, 0, 0, 0, 0, 0, 0, 0, 0, 0, 0, 0, 0, 0, 0, 0, 0, 0, 0, 0, 0, 0, 0, 0, 0, 0, 0, 0, 0, 0, 0, 0, 0, 0, 0, 0, 0, 0, 0, 0, 0, 0, 0, 0, 0, 0, 0, 0, 0, 0, 0, 0, 0, 0, 0, 0, 0, 0, 0, 0, 0, 0, 0, 0, 0, 0, 0, 0, 0, 0, 0, 0, 0, 0, 0, 0, 0, 0, 0, 0, 0, 0, 0, 0, 0, 0, 0, 0, 0, 0, 0, 0, 0, 0, 0, 0, 0, 0, 0, 0, 0, 0, 0, 0, 0, 0, 0, 0, 0, 0, 0, 0, 0, 0, 0, 0, 0, 0, 0, 0, 0, 0, 0, 0, 0, 0, 0, 0, 0, 0, 0, 0, 0, 0, 0, 0, 0, 0, 0, 0, 0, 0, 0, 0, 0, 0, 0, 0, 0, 0, 0, 0, 0, 0, 0, 0, 0, 0, 0, 0, 0, 0, 0, 0, 0, 0, 0, 0, 0, 0, 0, 0, 0, 0, 0, 0, 0, 0, 0, 0, 0, 0, 0, 0, 0, 0, 0, 0, 0, 0, 0, 0, 0, 0, 0, 0, 0, 0, 0, 0, 0, 0, 0, 0, 0, 0, 0, 0, 0, 0, 0, 0, 0, 0, 0, 0, 0, 0, 0, 0, 0, 0, 0, 0, 0, 0, 0, 0, 0, 0, 0, 0, 0, 0, 0, 0, 0, 0, 0, 0, 0, 0, 0, 0, 0, 0, 0, 0, 0, 0, 0, 0, 0, 0, 0, 0, 0, 0, 0, 0, 0, 0, 0, 0, 0, 0, 0, 0, 0, 0, 0, 0, 0, 0, 0, 0, 0, 0, 0, 0, 0, 0, 0, 0, 0, 0, 0, 0, 0, 0, 0, 0, 0, 0, 0, 0, 0, 0, 0, 0, 0, 0, 0, 0, 0, 0, 0, 0, 0, 0, 0, 0, 0, 0, 0, 0, 0, 0, 0, 0, 0, 0, 0, 0, 0, 0, 0, 0, 0, 0, 0, 0, 0, 0, 0, 0, 0, 0, 0, 0, 0, 0, 0, 0, 0, 0, 0, 0, 0, 0, 0, 0, 0, 0, 0, 0, 0, 0, 0, 0, 0]
Average relative pruning: 0
Number of attempts to merge for symmetries: 0
Number of times non-perfect shrinking interfered merging for symmetries: 0
Number of times pruning interfered merging for symmetries: 0
Number of times merging for symmetries failed for any reason: 0
Final peak memory increase of merge-and-shrink computation: 88380 KB
Done initializing merge-and-shrink heuristic [332.967s]

Initializing symmetries (eager search)
Initializing symmetries
Using Bliss to find group generators
Done initializing symmetries: 0.00646409s
Number of generators: 3
Number of identity generators (on states, not on operators): 0
Order of generators: [4, 2, 2]
Setting group in registry for DKS search
Conducting best first search with reopening closed nodes, (real) bound = 2147483647
New best heuristic value for merge_and_shrink(shrink_strategy = shrink_bisimulation(greedy = false), merge_strategy = merge_precomputed(merge_tree = miasm(abstraction = miasm_merge_and_shrink, fallback_merge_selector = score_based_filtering(scoring_functions = list(goal_relevance, dfp, total_order(atomic_ts_order = reverse_level, product_ts_order = new_to_old, atomic_before_product = false))))), label_reduction = exact(before_shrinking = true, before_merging = false), max_states = 50000, threshold_before_merge = 1, max_time = 900): 4
[g=0, 1 evaluated, 0 expanded, t=332.982s, 94316 KB]
f = 4 [1 evaluated, 0 expanded, t=332.982s, 94316 KB]
Initial heuristic value for merge_and_shrink(shrink_strategy = shrink_bisimulation(greedy = false), merge_strategy = merge_precomputed(merge_tree = miasm(abstraction = miasm_merge_and_shrink, fallback_merge_selector = score_based_filtering(scoring_functions = list(goal_relevance, dfp, total_order(atomic_ts_order = reverse_level, product_ts_order = new_to_old, atomic_before_product = false))))), label_reduction = exact(before_shrinking = true, before_merging = false), max_states = 50000, threshold_before_merge = 1, max_time = 900): 4
pruning method: stubborn sets simple
f = 5 [13 evaluated, 1 expanded, t=332.983s, 94316 KB]
New best heuristic value for merge_and_shrink(shrink_strategy = shrink_bisimulation(greedy = false), merge_strategy = merge_precomputed(merge_tree = miasm(abstraction = miasm_merge_and_shrink, fallback_merge_selector = score_based_filtering(scoring_functions = list(goal_relevance, dfp, total_order(atomic_ts_order = reverse_level, product_ts_order = new_to_old, atomic_before_product = false))))), label_reduction = exact(before_shrinking = true, before_merging = false), max_states = 50000, threshold_before_merge = 1, max_time = 900): 3
[g=2, 28 evaluated, 3 expanded, t=332.984s, 94316 KB]
f = 6 [181 evaluated, 18 expanded, t=332.988s, 94316 KB]
New best heuristic value for merge_and_shrink(shrink_strategy = shrink_bisimulation(greedy = false), merge_strategy = merge_precomputed(merge_tree = miasm(abstraction = miasm_merge_and_shrink, fallback_merge_selector = score_based_filtering(scoring_functions = list(goal_relevance, dfp, total_order(atomic_ts_order = reverse_level, product_ts_order = new_to_old, atomic_before_product = false))))), label_reduction = exact(before_shrinking = true, before_merging = false), max_states = 50000, threshold_before_merge = 1, max_time = 900): 2
[g=4, 876 evaluated, 89 expanded, t=333.007s, 94316 KB]
f = 7 [1922 evaluated, 197 expanded, t=333.039s, 94316 KB]
Insufficient pruning. Switching off.
total successors before partial-order reduction: 12000
total successors after partial-order reduction: 12000
f = 8 [17208 evaluated, 1787 expanded, t=333.39s, 94316 KB]
f = 9 [150687 evaluated, 15723 expanded, t=336.003s, 94316 KB]
f = 10 [1346363 evaluated, 140757 expanded, t=360.354s, 262640 KB]
f = 11 [12191959 evaluated, 1277417 expanded, t=586.692s, 2254452 KB]
Peak memory: 2618180 KB
caught signal 24 -- exiting
Overall time: [629.940s CPU, 630.677s wall-clock]
Image nick: ipc2018-opt-delfi
Configs: ['simpless-dks-masb50kmiasmdfp']
Plan file: /home/vidusha/intelligent_systems/planners/hapori-miplan/solutions/rubiks_cube/p13_sol.txt
Run image config simpless-dks-masb50kmiasmdfp
Calling planner: ['python2', '/planner/planners/ipc2018-opt-delfi/fast-downward.py', '--build', 'release64', '--plan-file', '/home/vidusha/intelligent_systems/planners/hapori-miplan/solutions/rubiks_cube/p13_sol.txt', '/home/vidusha/intelligent_systems/planners/hapori-miplan/domains/rubiks_cube_domain.pddl', '/home/vidusha/intelligent_systems/planners/hapori-miplan/problems/rubiks_cube_temp/p13.pddl', '--symmetries', 'sym=structural_symmetries(search_symmetries=dks)', '--search', 'astar(merge_and_shrink(shrink_strategy=shrink_bisimulation(greedy=false),merge_strategy=merge_precomputed(merge_tree=miasm(abstraction=miasm_merge_and_shrink(),fallback_merge_selector=score_based_filtering(scoring_functions=[goal_relevance,dfp,total_order(atomic_ts_order=reverse_level,product_ts_order=new_to_old,atomic_before_product=false)]))),label_reduction=exact(before_shrinking=true,before_merging=false),max_states=50000,threshold_before_merge=1,max_time=900),symmetries=sym,pruning=stubborn_sets_simple(minimum_pruning_ratio=0.01),num_por_probes=1000)']
Found plan file(s): []
exitcode: 99

Exit codes: [99, 99, 99, 99, 99, 99, 99, 99]
