INFO     planner time limit: 1800s
INFO     planner memory limit: None

INFO     Running alias (hapori-miplan-all-data-opt).
INFO     search portfolio: /planner/portfolio_driver/portfolios/hapori-miplan-all-data-opt.py
remaining time: 1799.0
config 0: relative time 861, remaining time 1797, absolute time 861
args: ['/usr/bin/python3', '/planner/plan.py', 'ipc2018-opt-scorpion', 'domains/rubiks_cube_domain.pddl', 'problems/rubiks_cube_temp/p15.pddl', 'solutions/rubiks_cube/p15_sol.txt', '--config', 'default']
INFO     search stdin: None
INFO     search time limit: 861s
INFO     search memory limit: None
INFO     search command line string: /usr/bin/python3 /planner/plan.py ipc2018-opt-scorpion domains/rubiks_cube_domain.pddl problems/rubiks_cube_temp/p15.pddl solutions/rubiks_cube/p15_sol.txt --config default
INFO     Running translator.
INFO     translator input: ['/home/vidusha/intelligent_systems/planners/hapori-miplan/domains/rubiks_cube_domain.pddl', '/home/vidusha/intelligent_systems/planners/hapori-miplan/problems/rubiks_cube_temp/p15.pddl']
INFO     translator arguments: []
INFO     translator time limit: 860.96s
INFO     translator memory limit: None
INFO     callstring: /usr/bin/python2 /planner/planners/ipc2018-opt-scorpion/builds/release64/bin/translate/translate.py /home/vidusha/intelligent_systems/planners/hapori-miplan/domains/rubiks_cube_domain.pddl /home/vidusha/intelligent_systems/planners/hapori-miplan/problems/rubiks_cube_temp/p15.pddl
time limit 860.96 -> (861, 862)
Parsing...
Parsing: [0.010s CPU, 0.014s wall-clock]
Normalizing task... [0.000s CPU, 0.001s wall-clock]
Instantiating...
Generating Datalog program... [0.000s CPU, 0.001s wall-clock]
Normalizing Datalog program...
Trivial rules: Converted to facts.
Normalizing Datalog program: [0.000s CPU, 0.006s wall-clock]
Preparing model... [0.010s CPU, 0.003s wall-clock]
Generated 193 rules.
Computing model... [0.020s CPU, 0.027s wall-clock]
505 relevant atoms
2304 auxiliary atoms
2809 final queue length
4653 total queue pushes
Completing instantiation... [0.190s CPU, 0.187s wall-clock]
Instantiating: [0.220s CPU, 0.225s wall-clock]
Computing fact groups...
Finding invariants...
68 initial candidates
Finding invariants: [0.010s CPU, 0.008s wall-clock]
Checking invariant weight... [0.000s CPU, 0.000s wall-clock]
Instantiating groups... [0.000s CPU, 0.000s wall-clock]
Collecting mutex groups... [0.000s CPU, 0.000s wall-clock]
Choosing groups...
480 uncovered facts
Choosing groups: [0.000s CPU, 0.000s wall-clock]
Building translation key... [0.000s CPU, 0.002s wall-clock]
Computing fact groups: [0.010s CPU, 0.015s wall-clock]
Building STRIPS to SAS dictionary... [0.000s CPU, 0.001s wall-clock]
Building dictionary for full mutex groups... [0.000s CPU, 0.001s wall-clock]
Building mutex information...
Building mutex information: [0.010s CPU, 0.001s wall-clock]
Translating task...
Processing axioms...
Simplifying axioms... [0.000s CPU, 0.000s wall-clock]
Processing axioms: [0.000s CPU, 0.002s wall-clock]
Translating task: [0.080s CPU, 0.089s wall-clock]
0 effect conditions simplified
0 implied preconditions added
Detecting unreachable propositions...
0 operators removed
0 axioms removed
0 propositions removed
Detecting unreachable propositions: [0.030s CPU, 0.030s wall-clock]
Reordering and filtering variables...
480 of 480 variables necessary.
0 of 0 mutex groups necessary.
12 of 12 operators necessary.
0 of 0 axiom rules necessary.
Reordering and filtering variables: [0.020s CPU, 0.015s wall-clock]
Translator variables: 480
Translator derived variables: 0
Translator facts: 960
Translator goal facts: 20
Translator mutex groups: 0
Translator total mutex groups size: 0
Translator operators: 12
Translator axioms: 0
Translator task size: 10688
Translator peak memory: 34268 KB
Writing output... [0.010s CPU, 0.011s wall-clock]
Done! [0.390s CPU, 0.406s wall-clock]
INFO     Run task transformation (/planner/planners/ipc2018-opt-scorpion/builds/h2-mutexes/bin/preprocess).
INFO     callstring: /planner/planners/ipc2018-opt-scorpion/builds/h2-mutexes/bin/preprocess < output.sas
Building causal graph...
The causal graph is not acyclic.
480 variables of 480 necessary
0 of 0 mutex groups necessary.
12 of 12 operators necessary.
0 of 0 axiom rules necessary.
Initializing mutex computation...
Mutex computation initialized with 960 fluents.
iteration for mutex detection and operator pruning
Initialize m_index fw
Initialized mvalues forward: reached=230400, notReached=690240, spurious=960
Initialize m_ops fw
Computing mutexes...
Mutex computation finished with reached=920640, notReached=0, spurious=960
0 operators are spurious because were not triggered
H^2 mutexes added fw: 0, unreachable: 0
0 of 12 operators detected as spurious
Total mutex and disambiguation time: 0.044679 iterations: 2
0 of 0 mutex groups necessary.
12 of 12 operators necessary.
0 of 0 axiom rules necessary.
Change id of operators: 12
Change id of mutexes
Change id of goals
Change id of initial state
Remove unreachable facts from variables: 480
0 of 0 mutex groups necessary.
12 of 12 operators necessary.
0 of 0 axiom rules necessary.
Updating causal graph and pruning unnecessary facts
480 variables of 480 of 480 necessary
The causal graph is not acyclic.
480 variables of 480 necessary
0 of 0 mutex groups necessary.
12 of 12 operators necessary.
0 of 0 axiom rules necessary.
Building domain transition graphs...
solveable in poly time 0
Building successor generator...
Preprocessor variables: 480
Preprocessor facts: 960
Preprocessor derived variables: 0
Preprocessor operators: 12
Preprocessor mutex groups: 0
Preprocessor task size: 10688
Writing output...
done
INFO     Running search (release64).
INFO     search input: output.sas
INFO     search arguments: []
INFO     search time limit: 860.41s
INFO     search memory limit: None
INFO     search executable: /planner/planners/ipc2018-opt-scorpion/builds/release64/bin/downward
INFO     search portfolio: /planner/planners/ipc2018-opt-scorpion/driver/portfolios/seq_opt_scorpion.py
Task has at least one conditional effect: 1 410 0 410 -1 1
Exit codes: <generator object run_opt at 0x7f804ed3a190>
remaining time: 860.41
config 0: relative time 1, remaining 1
args: ['/planner/planners/ipc2018-opt-scorpion/builds/release64/bin/downward', '--search', 'astar(saturated_cost_partitioning([projections(systematic(3), create_complete_transition_system=true, max_time=300, max_peak_memory=2048)], max_time=200, max_optimization_time=2, diversify=true, random_seed=0, orders=greedy(random_seed=0)), pruning=stubborn_sets_simple(min_pruning_ratio=0.2))', '--internal-plan-file', '/home/vidusha/intelligent_systems/planners/hapori-miplan/solutions/rubiks_cube/p15_sol.txt']
time limit 860.41 -> (861, 862)
reading input... [t=3.8538e-05s]
done reading input! [t=0.000614432s]
packing state variables...done! [t=0.000614432s]
Variables: 480
FactPairs: 960
Bytes per state: 60
Building successor generator...done! [t=0.000614432s]
peak memory difference for root successor generator creation: 0 KB
time for root successor generation creation: 0s
done initializing global data [t=0.000614432s]
[t=0.00495148s, 5800 KB] Compute patterns
building causal graph...done! [t=0.124098s]
Found 692 SGA patterns.
Found 3264 interesting patterns.
[t=0.288504s, 28956 KB] Number of patterns: 3264
[t=0.288504s, 28956 KB] Time for computing patterns: 0.283552s
[t=0.288504s, 28956 KB] Build projections
[t=0.445058s, 28956 KB] Time for building projections: 0.156554s
[t=0.445058s, 28956 KB] Number of projections: 3264
[t=0.445058s, 28956 KB] Abstractions: 3264
[t=0.445058s, 28956 KB] Abstractions per generator: [3264]
[t=0.452086s, 28956 KB] Initialize greedy order generator
[t=0.456374s, 28956 KB] Time for computing h values and saturated costs: 0.00428729s
[t=0.456374s, 28956 KB] Done computing surplus costs
[t=0.456374s, 28956 KB] Compute stolen costs
[t=0.456374s, 28956 KB] Time for initializing greedy order generator: 0.00428729s
[t=0.461103s, 28956 KB] Start sampling
[t=0.461103s, 28956 KB] Initial h value for sampling: 3
[t=0.485918s, 28956 KB] Samples: 1000
[t=0.485918s, 28956 KB] Sampling time: 0.0273222s
[t=0.564402s, 31904 KB] Covered abstract states: 16054/25080 = 0.640112
[t=0.564402s, 31904 KB] Start computing cost partitionings
[t=0.564402s, 31904 KB] Time for computing greedy order: 0s
[t=0.568386s, 31904 KB] Incumbent h value: 3
[t=2.57109s, 31904 KB] Time for optimizing order: 2.00271s
[t=2.57109s, 31904 KB] Time for optimizing order has expired: 1
[t=2.57109s, 31904 KB] Portfolio sum h value: 2846
[t=4.57714s, 31904 KB] Portfolio sum h value: 3728
[t=10.5961s, 31904 KB] Portfolio sum h value: 3933
[t=12.6015s, 31904 KB] Portfolio sum h value: 3969
[t=28.6523s, 31904 KB] Portfolio sum h value: 3984
[t=201.046s, 31904 KB] Orders: 5
[t=201.046s, 31904 KB] Time for computing cost partitionings: 200.482s
[t=201.046s, 31904 KB] Memory for cost partitionings: 0 KB
[t=201.046s, 31904 KB] Stored lookup tables: 10/16320 = 0.000612745
[t=201.047s, 31904 KB] Stored values: 80/125400 = 0.000637959
[t=201.047s, 31904 KB] Stored heuristics: 8/3264 = 0.00245098
Conducting best first search with reopening closed nodes, (real) bound = 2147483647
New best heuristic value for saturated_cost_partitioning(list(projections(systematic(3), create_complete_transition_system = true, max_time = 300, max_peak_memory = 2048)), max_time = 200, max_optimization_time = 2, diversify = true, random_seed = 0, orders = greedy(random_seed = 0)): 4
[g=0, 1 evaluated, 0 expanded, t=201.05s, 31904 KB]
f = 4 [1 evaluated, 0 expanded, t=201.05s, 31904 KB]
Initial heuristic value for saturated_cost_partitioning(list(projections(systematic(3), create_complete_transition_system = true, max_time = 300, max_peak_memory = 2048)), max_time = 200, max_optimization_time = 2, diversify = true, random_seed = 0, orders = greedy(random_seed = 0)): 4
pruning method: stubborn sets simple
f = 5 [13 evaluated, 1 expanded, t=201.05s, 31904 KB]
New best heuristic value for saturated_cost_partitioning(list(projections(systematic(3), create_complete_transition_system = true, max_time = 300, max_peak_memory = 2048)), max_time = 200, max_optimization_time = 2, diversify = true, random_seed = 0, orders = greedy(random_seed = 0)): 3
[g=2, 58 evaluated, 6 expanded, t=201.052s, 31904 KB]
f = 6 [137 evaluated, 14 expanded, t=201.052s, 31904 KB]
New best heuristic value for saturated_cost_partitioning(list(projections(systematic(3), create_complete_transition_system = true, max_time = 300, max_peak_memory = 2048)), max_time = 200, max_optimization_time = 2, diversify = true, random_seed = 0, orders = greedy(random_seed = 0)): 2
[g=4, 1076 evaluated, 113 expanded, t=201.066s, 31904 KB]
f = 7 [1370 evaluated, 143 expanded, t=201.069s, 31904 KB]
pruning ratio after 1000 calls: 0
-- pruning ratio is lower than min pruning ratio (0.2); switching off pruning
f = 8 [13365 evaluated, 1397 expanded, t=201.229s, 31904 KB]
f = 9 [129628 evaluated, 13554 expanded, t=202.482s, 31904 KB]
f = 10 [1222748 evaluated, 128093 expanded, t=213.964s, 124896 KB]
f = 11 [11433164 evaluated, 1199720 expanded, t=325.242s, 1078280 KB]
exitcode: -9

Error: Unexpected exit codes: [-9]
Command '['run-portfolio', '/planner/planners/ipc2018-opt-scorpion/driver/portfolios/seq_opt_scorpion.py']' returned non-zero exit status -9
Image nick: ipc2018-opt-scorpion
Configs: ['default']
Plan file: /home/vidusha/intelligent_systems/planners/hapori-miplan/solutions/rubiks_cube/p15_sol.txt
Run image config default
Calling planner: ['python2', '/planner/planners/ipc2018-opt-scorpion/fast-downward.py', '--build=release64', '--plan-file', '/home/vidusha/intelligent_systems/planners/hapori-miplan/solutions/rubiks_cube/p15_sol.txt', '--transform-task', '/planner/planners/ipc2018-opt-scorpion/builds/h2-mutexes/bin/preprocess', '--alias', 'seq-opt-scorpion', '--overall-time-limit', '30m', '/home/vidusha/intelligent_systems/planners/hapori-miplan/domains/rubiks_cube_domain.pddl', '/home/vidusha/intelligent_systems/planners/hapori-miplan/problems/rubiks_cube_temp/p15.pddl']
Found plan file(s): []
exitcode: 99

remaining time: 943.42
config 1: relative time 615, remaining time 936, absolute time 619
args: ['/usr/bin/python3', '/planner/plan.py', 'ipc2014-opt-symba1', 'domains/rubiks_cube_domain.pddl', 'problems/rubiks_cube_temp/p15.pddl', 'solutions/rubiks_cube/p15_sol.txt', '--config', 'default']
INFO     search stdin: None
INFO     search time limit: 619s
INFO     search memory limit: None
INFO     search command line string: /usr/bin/python3 /planner/plan.py ipc2014-opt-symba1 domains/rubiks_cube_domain.pddl problems/rubiks_cube_temp/p15.pddl solutions/rubiks_cube/p15_sol.txt --config default
1. Running translator
Second argument is a file name: use two translator arguments.
Parsing...
Parsing: [0.000s CPU, 0.012s wall-clock]
Normalizing task... [0.000s CPU, 0.001s wall-clock]
Instantiating...
Generating Datalog program... [0.000s CPU, 0.001s wall-clock]
Normalizing Datalog program...
Trivial rules: Converted to facts.
Normalizing Datalog program: [0.010s CPU, 0.008s wall-clock]
Preparing model... [0.000s CPU, 0.004s wall-clock]
Generated 193 rules.
Computing model... [0.050s CPU, 0.048s wall-clock]
505 relevant atoms
2304 auxiliary atoms
2809 final queue length
4653 total queue pushes
Completing instantiation... [0.280s CPU, 0.276s wall-clock]
Instantiating: [0.340s CPU, 0.338s wall-clock]
Computing fact groups...
Finding invariants...
68 initial candidates
Finding invariants: [0.010s CPU, 0.012s wall-clock]
Checking invariant weight... [0.000s CPU, 0.000s wall-clock]
Instantiating groups... [0.000s CPU, 0.000s wall-clock]
Collecting mutex groups... [0.000s CPU, 0.000s wall-clock]
Choosing groups...
480 uncovered facts
Choosing groups: [0.000s CPU, 0.000s wall-clock]
Building translation key... [0.010s CPU, 0.002s wall-clock]
Computing fact groups: [0.020s CPU, 0.020s wall-clock]
Building STRIPS to SAS dictionary... [0.000s CPU, 0.001s wall-clock]
Building dictionary for full mutex groups... [0.000s CPU, 0.001s wall-clock]
Building mutex information...
Building mutex information: [0.000s CPU, 0.001s wall-clock]
Translating task...
Processing axioms...
Simplifying axioms... [0.000s CPU, 0.000s wall-clock]
Processing axioms: [0.000s CPU, 0.004s wall-clock]
Translating task: [0.120s CPU, 0.119s wall-clock]
0 implied effects removed
2304 effect conditions simplified
0 implied preconditions added
Detecting unreachable propositions...
0 operators removed
0 propositions removed
Detecting unreachable propositions: [0.020s CPU, 0.018s wall-clock]
Translator variables: 480
Translator derived variables: 0
Translator facts: 960
Translator mutex groups: 0
Translator total mutex groups size: 0
Translator operators: 12
Translator task size: 10688
Translator peak memory: 34560 KB
Writing output... [0.020s CPU, 0.018s wall-clock]
Done! [0.520s CPU, 0.533s wall-clock]

2. Running preprocessor
Building causal graph...
The causal graph is not acyclic.
480 variables of 480 necessary
0 of 0 mutex groups necessary.
12 of 12 operators necessary.
0 of 0 axiom rules necessary.
Initializing mutex computation...
Mutex computation initialized with 960 fluents.
iteration for mutex detection and operator pruning
Initialize m_index fw
Initialized mvalues forward: reached=230400, notReached=690240, spurious=960
Initialize m_ops fw
Computing mutexes...
Mutex computation finished with reached=920640, notReached=0, spurious=960
0 operators are spurious because were not triggered
H^2 mutexes added fw: 0, unreachable: 0
0 of 12 operators detected as spurious
Total mutex and disambiguation time: 0.071473
0 of 0 mutex groups necessary.
12 of 12 operators necessary.
0 of 0 axiom rules necessary.
Change id of operators: 12
Change id of axioms: 0
Change id of mutexes
Change id of goals
Change id of initial state
Remove unreachable facts from variables: 480
0 of 0 mutex groups necessary.
12 of 12 operators necessary.
0 of 0 axiom rules necessary.
Updating causal graph and pruning unnecessary facts
480 variables of 480 of 480 necessary
The causal graph is not acyclic.
0 of 0 mutex groups necessary.
12 of 12 operators necessary.
0 of 0 axiom rules necessary.
Ordering: 480
previous variable order: var207 - var231 - var263 - var279 - var327 - var311 - var399 - var255 - var423 - var239 - var215 - var359 - var287 - var303 - var431 - var407 - var471 - var383 - var447 - var455 - var335 - var375 - var479 - var351 - var206 - var230 - var259 - var278 - var326 - var307 - var398 - var350 - var422 - var235 - var331 - var355 - var283 - var374 - var427 - var475 - var470 - var379 - var446 - var451 - var211 - var302 - var403 - var254 - var203 - var227 - var262 - var275 - var323 - var310 - var395 - var251 - var419 - var347 - var238 - var214 - var334 - var286 - var358 - var299 - var382 - var467 - var443 - var430 - var406 - var454 - var478 - var371 - var202 - var226 - var258 - var274 - var322 - var306 - var394 - var250 - var418 - var346 - var234 - var210 - var330 - var282 - var354 - var370 - var378 - var466 - var442 - var426 - var474 - var450 - var402 - var298 - var199 - var223 - var261 - var271 - var319 - var309 - var391 - var247 - var415 - var343 - var237 - var213 - var333 - var285 - var357 - var295 - var367 - var439 - var463 - var381 - var429 - var405 - var453 - var477 - var198 - var222 - var257 - var270 - var318 - var305 - var390 - var246 - var414 - var342 - var233 - var209 - var329 - var281 - var353 - var294 - var366 - var438 - var462 - var377 - var425 - var473 - var449 - var401 - var197 - var221 - var253 - var269 - var317 - var301 - var389 - var245 - var413 - var341 - var229 - var205 - var325 - var277 - var349 - var293 - var365 - var437 - var461 - var373 - var397 - var445 - var469 - var421 - var196 - var220 - var249 - var268 - var316 - var297 - var388 - var244 - var412 - var340 - var225 - var201 - var321 - var273 - var345 - var292 - var364 - var436 - var460 - var369 - var417 - var393 - var465 - var441 - var195 - var219 - var260 - var267 - var315 - var308 - var387 - var243 - var411 - var339 - var236 - var212 - var356 - var284 - var291 - var428 - var404 - var459 - var380 - var435 - var452 - var476 - var363 - var332 - var194 - var218 - var256 - var266 - var314 - var304 - var386 - var242 - var410 - var338 - var232 - var328 - var352 - var280 - var362 - var424 - var472 - var458 - var376 - var434 - var448 - var400 - var290 - var208 - var193 - var217 - var252 - var265 - var313 - var300 - var385 - var241 - var409 - var337 - var420 - var348 - var396 - var468 - var444 - var457 - var372 - var289 - var433 - var361 - var276 - var204 - var324 - var228 - var192 - var216 - var248 - var264 - var312 - var296 - var384 - var240 - var408 - var336 - var224 - var200 - var320 - var344 - var288 - var360 - var432 - var456 - var416 - var392 - var464 - var440 - var368 - var272 - var7 - var35 - var45 - var94 - var129 - var52 - var100 - var172 - var9 - var81 - var22 - var28 - var59 - var79 - var69 - var153 - var117 - var127 - var151 - var189 - var166 - var107 - var142 - var179 - var6 - var38 - var41 - var91 - var133 - var53 - var101 - var173 - var13 - var85 - var19 - var29 - var62 - var78 - var65 - var157 - var113 - var126 - var150 - var185 - var163 - var182 - var139 - var110 - var5 - var37 - var47 - var87 - var141 - var55 - var103 - var175 - var21 - var93 - var15 - var31 - var61 - var77 - var71 - var165 - var109 - var125 - var149 - var181 - var119 - var135 - var191 - var159 - var4 - var33 - var42 - var82 - var137 - var54 - var102 - var174 - var17 - var89 - var10 - var30 - var57 - var76 - var66 - var161 - var105 - var124 - var148 - var177 - var154 - var114 - var186 - var130 - var3 - var39 - var44 - var95 - var132 - var49 - var97 - var169 - var12 - var84 - var23 - var25 - var68 - var75 - var116 - var123 - var167 - var111 - var183 - var143 - var156 - var188 - var147 - var63 - var2 - var40 - var48 - var8 - var90 - var106 - var58 - var138 - var162 - var74 - var24 - var64 - var168 - var152 - var178 - var80 - var184 - var122 - var146 - var96 - var112 - var18 - var128 - var34 - var1 - var36 - var43 - var86 - var136 - var50 - var98 - var170 - var16 - var88 - var134 - var26 - var115 - var121 - var180 - var160 - var187 - var73 - var145 - var67 - var158 - var60 - var108 - var14 - var0 - var32 - var46 - var140 - var99 - var11 - var131 - var56 - var104 - var27 - var20 - var72 - var92 - var190 - var120 - var118 - var155 - var51 - var171 - var144 - var164 - var70 - var176 - var83 - : 3.23557e+09
New value: 2.0923e+09
New value: 2.08075e+09
New value: 2.08029e+09
new variable order: var338 - var339 - var349 - var351 - var353 - var358 - var340 - var343 - var359 - var337 - var345 - var355 - var350 - var354 - var357 - var347 - var341 - var352 - var413 - var356 - var346 - var336 - var417 - var348 - var427 - var420 - var342 - var344 - var408 - var411 - var424 - var426 - var425 - var412 - var409 - var419 - var421 - var423 - var410 - var414 - var415 - var418 - var416 - var430 - var225 - var422 - var429 - var221 - var431 - var238 - var232 - var428 - var218 - var236 - var231 - var229 - var237 - var219 - var222 - var220 - var227 - var239 - var217 - var228 - var224 - var223 - var233 - var216 - var226 - var247 - var230 - var241 - var260 - var235 - var262 - var251 - var244 - var243 - var234 - var249 - var261 - var250 - var256 - var245 - var252 - var259 - var258 - var253 - var246 - var263 - var240 - var242 - var457 - var248 - var456 - var477 - var255 - var257 - var254 - var471 - var479 - var146 - var165 - var155 - var160 - var164 - var156 - var150 - var149 - var461 - var152 - var158 - var163 - var144 - var151 - var145 - var147 - var153 - var162 - var159 - var157 - var161 - var154 - var166 - var148 - var476 - var459 - var474 - var468 - var460 - var478 - var469 - var167 - var470 - var462 - var465 - var458 - var464 - var57 - var475 - var467 - var463 - var472 - var54 - var66 - var56 - var58 - var473 - var53 - var466 - var48 - var62 - var60 - var59 - var69 - var65 - var70 - var63 - var71 - var51 - var55 - var64 - var49 - var68 - var52 - var97 - var115 - var110 - var50 - var61 - var113 - var106 - var67 - var117 - var96 - var119 - var101 - var112 - var111 - var114 - var103 - var108 - var100 - var109 - var98 - var104 - var105 - var102 - var107 - var16 - var99 - var116 - var118 - var0 - var8 - var6 - var9 - var18 - var11 - var13 - var2 - var23 - var10 - var17 - var15 - var14 - var3 - var4 - var1 - var19 - var20 - var21 - var315 - var7 - var329 - var328 - var22 - var12 - var5 - var317 - var330 - var326 - var335 - var322 - var321 - var316 - var332 - var319 - var323 - var324 - var334 - var331 - var333 - var384 - var327 - var312 - var325 - var314 - var320 - var313 - var389 - var403 - var390 - var407 - var318 - var391 - var397 - var401 - var392 - var386 - var399 - var400 - var396 - var393 - var394 - var398 - var405 - var395 - var385 - var168 - var404 - var387 - var181 - var388 - var406 - var175 - var171 - var186 - var180 - var402 - var183 - var190 - var173 - var176 - var187 - var169 - var182 - var91 - var188 - var185 - var178 - var177 - var179 - var174 - var170 - var189 - var172 - var85 - var191 - var84 - var95 - var184 - var77 - var90 - var82 - var80 - var76 - var74 - var79 - var81 - var73 - var88 - var138 - var83 - var72 - var94 - var86 - var89 - var93 - var133 - var92 - var78 - var134 - var75 - var132 - var129 - var141 - var87 - var121 - var128 - var123 - var136 - var126 - var140 - var143 - var120 - var124 - var127 - var125 - var142 - var139 - var135 - var130 - var131 - var204 - var122 - var137 - var194 - var203 - var206 - var197 - var196 - var201 - var210 - var207 - var31 - var198 - var212 - var195 - var199 - var200 - var215 - var209 - var205 - var41 - var26 - var40 - var28 - var24 - var46 - var38 - var33 - var47 - var39 - var37 - var29 - var27 - var36 - var43 - var44 - var42 - var30 - var45 - var25 - var213 - var35 - var193 - var34 - var208 - var202 - var32 - var211 - var192 - var376 - var381 - var374 - var214 - var382 - var373 - var371 - var372 - var379 - var362 - var375 - var380 - var378 - var360 - var366 - var361 - var368 - var383 - var365 - var377 - var452 - var443 - var369 - var450 - var445 - var367 - var364 - var370 - var438 - var453 - var447 - var436 - var437 - var451 - var448 - var439 - var434 - var363 - var440 - var455 - var432 - var435 - var433 - var454 - var444 - var441 - var449 - var287 - var446 - var442 - var269 - var270 - var266 - var272 - var284 - var274 - var268 - var277 - var278 - var275 - var283 - var267 - var282 - var281 - var280 - var273 - var303 - var265 - var286 - var285 - var276 - var279 - var271 - var264 - var308 - var298 - var299 - var310 - var305 - var307 - var293 - var311 - var290 - var297 - var296 - var306 - var304 - var302 - var291 - var292 - var295 - var309 - var294 - var288 - var301 - var300 - var289 - : 2.08029e+09
Building domain transition graphs...
solveable in poly time 0
Building successor generator...
Preprocessor facts: 960
Preprocessor derived variables: 0
Preprocessor task size: 10688
Writing output...
Number of vars: 480
weighted 480
done


3. Running search
Dispatcher selected state size 1.
This is a unit task.
Simplifying transitions... done!
Mutex type changed to mutex_and because the domain has conditional effects
  Max num abstractions: 100
   Abs TRs Strategy: ind_tr_shrink
   PH time: 500, memory: 3e+09
   Relax time: 10000, nodes: 100000000
   Ratio relax time: 0.75, nodes: 0.75
   Perimeter Abstractions: yes
   Relax dir: bd
   ShouldAbstract ratio: 0
CUDD Init: nodes=16000000 cache=16000000 max_memory=0
TR(time=60000, nodes=100000)
Mutex(time=60000, nodes=100000, type=and)
Disj(nodes=2147483647)
Estimation: min_time(1000) time_penalty +(1000)*(2) nodes_penalty +(1000)*(2)
Pop(time=2000, nodes=1000000)
MaxStep(time=30000, nodes=10000000)
Ratio useful: 0
   Min alloted time: 60000 nodes: 10000000
   Max alloted time: 60000 nodes: 15000000
   Mult alloted time: 2 nodes: 2
   Ratio after relax: 0.8
Mutex type changed to mutex_and because the domain has conditional effects
  Max num abstractions: 100
   Abs TRs Strategy: ind_tr_shrink
   PH time: 500, memory: 3e+09
   Relax time: 10000, nodes: 100000000
   Ratio relax time: 0.75, nodes: 0.75
   Perimeter Abstractions: yes
   Relax dir: bd
   ShouldAbstract ratio: 0
CUDD Init: nodes=16000000 cache=16000000 max_memory=0
TR(time=60000, nodes=100000)
Mutex(time=60000, nodes=100000, type=and)
Disj(nodes=2147483647)
Estimation: min_time(1000) time_penalty +(1000)*(2) nodes_penalty +(1000)*(2)
Pop(time=2000, nodes=1000000)
MaxStep(time=30000, nodes=10000000)
Ratio useful: 0
   Min alloted time: 60000 nodes: 10000000
   Max alloted time: 60000 nodes: 15000000
   Mult alloted time: 2 nodes: 2
   Ratio after relax: 0.8
Mutex type changed to mutex_and because the domain has conditional effects
  Max num abstractions: 100
   Abs TRs Strategy: ind_tr_shrink
   PH time: 500, memory: 3e+09
   Relax time: 10000, nodes: 100000000
   Ratio relax time: 0.75, nodes: 0.75
   Perimeter Abstractions: yes
   Relax dir: bd
   ShouldAbstract ratio: 0
CUDD Init: nodes=16000000 cache=16000000 max_memory=0
TR(time=60000, nodes=100000)
Mutex(time=60000, nodes=100000, type=and)
Disj(nodes=2147483647)
Estimation: min_time(1000) time_penalty +(1000)*(2) nodes_penalty +(1000)*(2)
Pop(time=2000, nodes=1000000)
MaxStep(time=30000, nodes=10000000)
Ratio useful: 0
   Min alloted time: 60000 nodes: 10000000
   Max alloted time: 60000 nodes: 15000000
   Mult alloted time: 2 nodes: 2
   Ratio after relax: 0.8
Mutex type changed to mutex_and because the domain has conditional effects
Initializing Symbolic Variables
Num variables: 480 => 480
Initialize Symbolic Manager(960, 16666, 16000000, 0)
Generating binary variables
Generating predicate BDDs
Symbolic Variables... Done.
CUDD Init: nodes=16000000 cache=16000000 max_memory=0
TR(time=60000, nodes=100000)
Mutex(time=60000, nodes=100000, type=and)
Disj(nodes=2147483647)
Estimation: min_time(1000) time_penalty +(1000)*(2) nodes_penalty +(1000)*(2)
Pop(time=2000, nodes=1000000)
MaxStep(time=45000, nodes=10000000)
Ratio useful: 0
   Min alloted time: 60000 nodes: 10000000
   Max alloted time: 60000 nodes: 15000000
   Mult alloted time: 2 nodes: 2
   Ratio after relax: 0.8
SymBA* 
   Search dir: bd
   Time force original: 1500 seconds
Conducting symbolic search Operator cost: 0 (real) bound = 2147483647
Initialize abstraction hierarchy
Mutex BDD BW Size(100000):
Mutex BDD FW Size(100000):
Peak memory: 4188228 KB
Image nick: ipc2014-opt-symba1
Configs: ['default']
Plan file: /home/vidusha/intelligent_systems/planners/hapori-miplan/solutions/rubiks_cube/p15_sol.txt
Run image config default
Calling planner: ['/planner/planners/ipc2014-opt-symba1/plan', 'seq-opt-symba-1', '/home/vidusha/intelligent_systems/planners/hapori-miplan/domains/rubiks_cube_domain.pddl', '/home/vidusha/intelligent_systems/planners/hapori-miplan/problems/rubiks_cube_temp/p15.pddl', '/home/vidusha/intelligent_systems/planners/hapori-miplan/solutions/rubiks_cube/p15_sol.txt']
Found plan file(s): []
exitcode: 99

remaining time: 805.92
config 2: relative time 158, remaining time 321, absolute time 396
args: ['/usr/bin/python3', '/planner/plan.py', 'ipc2018-opt-metis', 'domains/rubiks_cube_domain.pddl', 'problems/rubiks_cube_temp/p15.pddl', 'solutions/rubiks_cube/p15_sol.txt', '--config', 'metis2']
INFO     search stdin: None
INFO     search time limit: 396s
INFO     search memory limit: None
INFO     search command line string: /usr/bin/python3 /planner/plan.py ipc2018-opt-metis domains/rubiks_cube_domain.pddl problems/rubiks_cube_temp/p15.pddl solutions/rubiks_cube/p15_sol.txt --config metis2
INFO     Running translator.
INFO     translator input: ['/home/vidusha/intelligent_systems/planners/hapori-miplan/domains/rubiks_cube_domain.pddl', '/home/vidusha/intelligent_systems/planners/hapori-miplan/problems/rubiks_cube_temp/p15.pddl']
INFO     translator arguments: []
INFO     translator time limit: 395.98s
INFO     translator memory limit: None
INFO     callstring: /usr/bin/python2 /planner/planners/ipc2018-opt-metis/builds/release64/bin/translate/translate.py /home/vidusha/intelligent_systems/planners/hapori-miplan/domains/rubiks_cube_domain.pddl /home/vidusha/intelligent_systems/planners/hapori-miplan/problems/rubiks_cube_temp/p15.pddl
time limit 395.98 -> (396, 397)
Parsing...
Parsing: [0.010s CPU, 0.015s wall-clock]
Normalizing task... [0.000s CPU, 0.001s wall-clock]
Instantiating...
Generating Datalog program... [0.010s CPU, 0.001s wall-clock]
Normalizing Datalog program...
Trivial rules: Converted to facts.
Normalizing Datalog program: [0.010s CPU, 0.006s wall-clock]
Preparing model... [0.000s CPU, 0.002s wall-clock]
Generated 193 rules.
Computing model... [0.020s CPU, 0.020s wall-clock]
505 relevant atoms
2304 auxiliary atoms
2809 final queue length
4653 total queue pushes
Completing instantiation... [0.170s CPU, 0.171s wall-clock]
Instantiating: [0.210s CPU, 0.201s wall-clock]
Computing fact groups...
Finding invariants...
68 initial candidates
Finding invariants: [0.010s CPU, 0.007s wall-clock]
Checking invariant weight... [0.000s CPU, 0.000s wall-clock]
Instantiating groups... [0.000s CPU, 0.000s wall-clock]
Collecting mutex groups... [0.000s CPU, 0.000s wall-clock]
Choosing groups...
480 uncovered facts
Choosing groups: [0.000s CPU, 0.000s wall-clock]
Building translation key... [0.000s CPU, 0.002s wall-clock]
Computing fact groups: [0.010s CPU, 0.015s wall-clock]
Building STRIPS to SAS dictionary... [0.000s CPU, 0.001s wall-clock]
Building dictionary for full mutex groups... [0.000s CPU, 0.001s wall-clock]
Building mutex information...
Building mutex information: [0.000s CPU, 0.001s wall-clock]
Translating task...
Processing axioms...
Simplifying axioms... [0.000s CPU, 0.000s wall-clock]
Processing axioms: [0.010s CPU, 0.002s wall-clock]
Translating task: [0.090s CPU, 0.087s wall-clock]
0 effect conditions simplified
0 implied preconditions added
Detecting unreachable propositions...
0 operators removed
0 axioms removed
0 propositions removed
Detecting unreachable propositions: [0.030s CPU, 0.026s wall-clock]
Reordering and filtering variables...
480 of 480 variables necessary.
0 of 0 mutex groups necessary.
12 of 12 operators necessary.
0 of 0 axiom rules necessary.
Reordering and filtering variables: [0.010s CPU, 0.014s wall-clock]
Translator variables: 480
Translator derived variables: 0
Translator facts: 960
Translator goal facts: 20
Translator mutex groups: 0
Translator total mutex groups size: 0
Translator operators: 12
Translator axioms: 0
Translator task size: 10688
Translator peak memory: 34268 KB
Writing output... [0.020s CPU, 0.013s wall-clock]
Done! [0.380s CPU, 0.377s wall-clock]
INFO     Run task transformation (/planner/planners/ipc2018-opt-metis/builds/release64/bin/preprocess).
INFO     callstring: /planner/planners/ipc2018-opt-metis/builds/release64/bin/preprocess < output.sas
Building causal graph...
The causal graph is not acyclic.
480 variables of 480 necessary
0 of 0 mutex groups necessary.
12 of 12 operators necessary.
0 of 0 axiom rules necessary.
Initializing mutex computation...
Mutex computation initialized with 960 fluents.
iteration for mutex detection and operator pruning
Initialize m_index fw
Initialized mvalues forward: reached=230400, notReached=690240, spurious=960
Initialize m_ops fw
Computing mutexes...
Mutex computation finished with reached=920640, notReached=0, spurious=960
0 operators are spurious because were not triggered
H^2 mutexes added fw: 0, unreachable: 0
0 of 12 operators detected as spurious
Total mutex and disambiguation time: 0.041375 iterations: 2
0 of 0 mutex groups necessary.
12 of 12 operators necessary.
0 of 0 axiom rules necessary.
Change id of operators: 12
Change id of mutexes
Change id of goals
Change id of initial state
Remove unreachable facts from variables: 480
0 of 0 mutex groups necessary.
12 of 12 operators necessary.
0 of 0 axiom rules necessary.
Updating causal graph and pruning unnecessary facts
480 variables of 480 of 480 necessary
The causal graph is not acyclic.
480 variables of 480 necessary
0 of 0 mutex groups necessary.
12 of 12 operators necessary.
0 of 0 axiom rules necessary.
Building domain transition graphs...
solveable in poly time 0
Building successor generator...
Preprocessor variables: 480
Preprocessor facts: 960
Preprocessor derived variables: 0
Preprocessor operators: 12
Preprocessor mutex groups: 0
Preprocessor task size: 10688
Writing output...
done
INFO     Running search (release64).
INFO     search input: output.sas
INFO     search arguments: ['--symmetries', 'sym=structural_symmetries(search_symmetries=dks)', '--search', 'astar(max([celmcut,lmcount(lm_factory=lm_merged([lm_rhw,lm_hm(m=1)]),admissible=true,transform=multiply_out_conditional_effects)]),symmetries=sym,pruning=stubborn_sets_simple(minimum_pruning_ratio=0.01),num_por_probes=1000)']
INFO     search time limit: 395.47s
INFO     search memory limit: None
INFO     search executable: /planner/planners/ipc2018-opt-metis/builds/release64/bin/downward
INFO     callstring: /planner/planners/ipc2018-opt-metis/builds/release64/bin/downward --symmetries 'sym=structural_symmetries(search_symmetries=dks)' --search 'astar(max([celmcut,lmcount(lm_factory=lm_merged([lm_rhw,lm_hm(m=1)]),admissible=true,transform=multiply_out_conditional_effects)]),symmetries=sym,pruning=stubborn_sets_simple(minimum_pruning_ratio=0.01),num_por_probes=1000)' --internal-plan-file /home/vidusha/intelligent_systems/planners/hapori-miplan/solutions/rubiks_cube/p15_sol.txt < output.sas
time limit 395.47 -> (396, 397)
reading input... [t=0.000159661s]
done reading input! [t=0.00188245s]
packing state variables...done! [t=0.00188245s]
Variables: 480
FactPairs: 960
Bytes per state: 60
Building successor generator...done! [t=0.00188245s]
peak memory difference for root successor generator creation: 0 KB
time for root successor generation creation: 0s
done initializing global data [t=0.00188245s]
Initializing landmark cut heuristic...
Command '['/planner/planners/ipc2018-opt-metis/builds/release64/bin/downward', '--symmetries', 'sym=structural_symmetries(search_symmetries=dks)', '--search', 'astar(max([celmcut,lmcount(lm_factory=lm_merged([lm_rhw,lm_hm(m=1)]),admissible=true,transform=multiply_out_conditional_effects)]),symmetries=sym,pruning=stubborn_sets_simple(minimum_pruning_ratio=0.01),num_por_probes=1000)', '--internal-plan-file', '/home/vidusha/intelligent_systems/planners/hapori-miplan/solutions/rubiks_cube/p15_sol.txt']' returned non-zero exit status -9
Image nick: ipc2018-opt-metis
Configs: ['metis2']
Plan file: /home/vidusha/intelligent_systems/planners/hapori-miplan/solutions/rubiks_cube/p15_sol.txt
Run image config metis2
Calling planner: ['python2', '/planner/planners/ipc2018-opt-metis/fast-downward.py', '--build=release64', '--plan-file', '/home/vidusha/intelligent_systems/planners/hapori-miplan/solutions/rubiks_cube/p15_sol.txt', '--transform-task', '/planner/planners/ipc2018-opt-metis/builds/release64/bin/preprocess', '--overall-time-limit', '30m', '/home/vidusha/intelligent_systems/planners/hapori-miplan/domains/rubiks_cube_domain.pddl', '/home/vidusha/intelligent_systems/planners/hapori-miplan/problems/rubiks_cube_temp/p15.pddl', '--symmetries', 'sym=structural_symmetries(search_symmetries=dks)', '--search', 'astar(max([celmcut,lmcount(lm_factory=lm_merged([lm_rhw,lm_hm(m=1)]),admissible=true,transform=multiply_out_conditional_effects)]),symmetries=sym,pruning=stubborn_sets_simple(minimum_pruning_ratio=0.01),num_por_probes=1000)']
Found plan file(s): []
exitcode: 99

remaining time: 767.24
config 3: relative time 89, remaining time 163, absolute time 418
args: ['/usr/bin/python3', '/planner/plan.py', 'ipc2018-decstar', 'domains/rubiks_cube_domain.pddl', 'problems/rubiks_cube_temp/p15.pddl', 'solutions/rubiks_cube/p15_sol.txt', '--config', 'opt-config06']
INFO     search stdin: None
INFO     search time limit: 418s
INFO     search memory limit: None
INFO     search command line string: /usr/bin/python3 /planner/plan.py ipc2018-decstar domains/rubiks_cube_domain.pddl problems/rubiks_cube_temp/p15.pddl solutions/rubiks_cube/p15_sol.txt --config opt-config06
INFO     Running translator.
INFO     translator inputs: ['/home/vidusha/intelligent_systems/planners/hapori-miplan/domains/rubiks_cube_domain.pddl', '/home/vidusha/intelligent_systems/planners/hapori-miplan/problems/rubiks_cube_temp/p15.pddl']
INFO     translator arguments: []
Parsing...
Parsing: [0.010s CPU, 0.015s wall-clock]
Normalizing task... [0.000s CPU, 0.001s wall-clock]
Instantiating...
Generating Datalog program... [0.000s CPU, 0.001s wall-clock]
Normalizing Datalog program...
Trivial rules: Converted to facts.
Normalizing Datalog program: [0.000s CPU, 0.008s wall-clock]
Preparing model... [0.010s CPU, 0.004s wall-clock]
Generated 193 rules.
Computing model... [0.020s CPU, 0.026s wall-clock]
505 relevant atoms
2304 auxiliary atoms
2809 final queue length
4653 total queue pushes
Completing instantiation... [0.210s CPU, 0.212s wall-clock]
Instantiating: [0.240s CPU, 0.253s wall-clock]
Computing fact groups...
Finding invariants...
68 initial candidates
Finding invariants: [0.010s CPU, 0.007s wall-clock]
Checking invariant weight... [0.000s CPU, 0.000s wall-clock]
Instantiating groups... [0.000s CPU, 0.000s wall-clock]
Collecting mutex groups... [0.000s CPU, 0.000s wall-clock]
Choosing groups...
480 uncovered facts
Choosing groups: [0.000s CPU, 0.000s wall-clock]
Building translation key... [0.010s CPU, 0.002s wall-clock]
Computing fact groups: [0.020s CPU, 0.014s wall-clock]
Building STRIPS to SAS dictionary... [0.000s CPU, 0.001s wall-clock]
Building dictionary for full mutex groups... [0.000s CPU, 0.001s wall-clock]
Building mutex information...
Building mutex information: [0.000s CPU, 0.001s wall-clock]
Translating task...
Processing axioms...
Simplifying axioms... [0.000s CPU, 0.000s wall-clock]
Processing axioms: [0.000s CPU, 0.003s wall-clock]
Translating task: [0.090s CPU, 0.089s wall-clock]
2304 effect conditions simplified
0 implied preconditions added
Detecting unreachable propositions...
0 operators removed
0 propositions removed
Detecting unreachable propositions: [0.020s CPU, 0.015s wall-clock]
Translator variables: 480
Translator derived variables: 0
Translator facts: 960
Translator goal facts: 20
Translator mutex groups: 0
Translator total mutex groups size: 0
Translator operators: 12
Translator axioms: 0
Translator task size: 10688
Translator peak memory: 34796 KB
Writing output... [0.020s CPU, 0.016s wall-clock]
Done! [0.400s CPU, 0.411s wall-clock]
INFO     Running preprocessor.
INFO     preprocessor input: output.sas
INFO     preprocessor arguments: ['--h2-time-limit', '120']
Building causal graph...
The causal graph is not acyclic.
480 variables of 480 necessary
0 of 0 mutex groups necessary.
12 of 12 operators necessary.
0 of 0 axiom rules necessary.
Initializing mutex computation...
Mutex computation initialized with 960 fluents.
iteration for mutex detection and operator pruning
Initialize m_index fw
Initialized mvalues forward: reached=230400, notReached=690240, spurious=960
Initialize m_ops fw
Computing mutexes...
Mutex computation finished with reached=920640, notReached=0, spurious=960
0 operators are spurious because were not triggered
H^2 mutexes added fw: 0, unreachable: 0
0 of 12 operators detected as spurious
Total mutex and disambiguation time: 0.048073 iterations: 2
0 of 0 mutex groups necessary.
12 of 12 operators necessary.
0 of 0 axiom rules necessary.
Change id of operators: 12
Change id of mutexes
Change id of goals
Change id of initial state
Remove unreachable facts from variables: 480
0 of 0 mutex groups necessary.
12 of 12 operators necessary.
0 of 0 axiom rules necessary.
Updating causal graph and pruning unnecessary facts
480 variables of 480 of 480 necessary
The causal graph is not acyclic.
480 variables of 480 necessary
0 of 0 mutex groups necessary.
12 of 12 operators necessary.
0 of 0 axiom rules necessary.
Building domain transition graphs...
solveable in poly time 0
Building successor generator...
Preprocessor variables: 480
Preprocessor facts: 960
Preprocessor derived variables: 0
Preprocessor operators: 12
Preprocessor mutex groups: 0
Preprocessor task size: 10688
Writing output...
done
INFO     Running search.
INFO     search input: output
INFO     search executable: /planner/planners/ipc2018-decstar/src/search/downward-release
INFO     search arguments: ['--search', 'astar(blind)', '--internal-plan-file', '/home/vidusha/intelligent_systems/planners/hapori-miplan/solutions/rubiks_cube/p15_sol.txt']
reading input... [t=0s]
Simplifying transitions... done!
done reading input! [t=0.02s]
building causal graph...done! [t=0.12s]
Variables: 480
Bytes per state: 60
done! [t=0.12s]
done initalizing global data [t=0.12s]
Conducting best first search with reopening closed nodes, (real) bound = 2147483647
Initializing blind search heuristic...
f = 1 [1 evaluated, 0 expanded, t=0.12s, 28188 KB]
Best heuristic value: 1 [g=0, 1 evaluated, 0 expanded, t=0.12s, 28188 KB]
f = 2 [13 evaluated, 1 expanded, t=0.12s, 28188 KB]
f = 3 [127 evaluated, 13 expanded, t=0.12s, 28188 KB]
f = 4 [1195 evaluated, 127 expanded, t=0.12s, 28188 KB]
f = 5 [11206 evaluated, 1195 expanded, t=0.16s, 28188 KB]
f = 6 [105046 evaluated, 11206 expanded, t=0.49s, 28188 KB]
f = 7 [983926 evaluated, 105046 expanded, t=3.64s, 147060 KB]
f = 8 [9205558 evaluated, 983926 expanded, t=34.73s, 1293340 KB]
Command '['/planner/planners/ipc2018-decstar/src/search/downward-release', '--search', 'astar(blind)', '--internal-plan-file', '/home/vidusha/intelligent_systems/planners/hapori-miplan/solutions/rubiks_cube/p15_sol.txt']' returned non-zero exit status -9
Image nick: ipc2018-decstar
Configs: ['opt-config06']
Plan file: /home/vidusha/intelligent_systems/planners/hapori-miplan/solutions/rubiks_cube/p15_sol.txt
Run image config opt-config06
Calling planner: ['python2', '/planner/planners/ipc2018-decstar/src/fast-downward.py', '--plan-file', '/home/vidusha/intelligent_systems/planners/hapori-miplan/solutions/rubiks_cube/p15_sol.txt', '/home/vidusha/intelligent_systems/planners/hapori-miplan/domains/rubiks_cube_domain.pddl', '/home/vidusha/intelligent_systems/planners/hapori-miplan/problems/rubiks_cube_temp/p15.pddl', '--preprocess-options', '--h2-time-limit', '120', '--search-options', '--search', 'astar(blind)']
Found plan file(s): []
exitcode: 99

remaining time: 594.8800000000001
config 4: relative time 27, remaining time 74, absolute time 217
args: ['/usr/bin/python3', '/planner/plan.py', 'ipc2018-decstar', 'domains/rubiks_cube_domain.pddl', 'problems/rubiks_cube_temp/p15.pddl', 'solutions/rubiks_cube/p15_sol.txt', '--config', 'opt-config00']
INFO     search stdin: None
INFO     search time limit: 217s
INFO     search memory limit: None
INFO     search command line string: /usr/bin/python3 /planner/plan.py ipc2018-decstar domains/rubiks_cube_domain.pddl problems/rubiks_cube_temp/p15.pddl solutions/rubiks_cube/p15_sol.txt --config opt-config00
INFO     Running translator.
INFO     translator inputs: ['/home/vidusha/intelligent_systems/planners/hapori-miplan/domains/rubiks_cube_domain.pddl', '/home/vidusha/intelligent_systems/planners/hapori-miplan/problems/rubiks_cube_temp/p15.pddl']
INFO     translator arguments: []
Parsing...
Parsing: [0.010s CPU, 0.010s wall-clock]
Normalizing task... [0.000s CPU, 0.001s wall-clock]
Instantiating...
Generating Datalog program... [0.000s CPU, 0.001s wall-clock]
Normalizing Datalog program...
Trivial rules: Converted to facts.
Normalizing Datalog program: [0.010s CPU, 0.005s wall-clock]
Preparing model... [0.010s CPU, 0.003s wall-clock]
Generated 193 rules.
Computing model... [0.010s CPU, 0.023s wall-clock]
505 relevant atoms
2304 auxiliary atoms
2809 final queue length
4653 total queue pushes
Completing instantiation... [0.190s CPU, 0.200s wall-clock]
Instantiating: [0.240s CPU, 0.233s wall-clock]
Computing fact groups...
Finding invariants...
68 initial candidates
Finding invariants: [0.010s CPU, 0.008s wall-clock]
Checking invariant weight... [0.000s CPU, 0.000s wall-clock]
Instantiating groups... [0.000s CPU, 0.000s wall-clock]
Collecting mutex groups... [0.000s CPU, 0.000s wall-clock]
Choosing groups...
480 uncovered facts
Choosing groups: [0.000s CPU, 0.000s wall-clock]
Building translation key... [0.000s CPU, 0.002s wall-clock]
Computing fact groups: [0.010s CPU, 0.013s wall-clock]
Building STRIPS to SAS dictionary... [0.010s CPU, 0.001s wall-clock]
Building dictionary for full mutex groups... [0.000s CPU, 0.001s wall-clock]
Building mutex information...
Building mutex information: [0.000s CPU, 0.001s wall-clock]
Translating task...
Processing axioms...
Simplifying axioms... [0.000s CPU, 0.000s wall-clock]
Processing axioms: [0.000s CPU, 0.003s wall-clock]
Translating task: [0.090s CPU, 0.092s wall-clock]
2304 effect conditions simplified
0 implied preconditions added
Detecting unreachable propositions...
0 operators removed
0 propositions removed
Detecting unreachable propositions: [0.010s CPU, 0.014s wall-clock]
Translator variables: 480
Translator derived variables: 0
Translator facts: 960
Translator goal facts: 20
Translator mutex groups: 0
Translator total mutex groups size: 0
Translator operators: 12
Translator axioms: 0
Translator task size: 10688
Translator peak memory: 34796 KB
Writing output... [0.010s CPU, 0.012s wall-clock]
Done! [0.390s CPU, 0.382s wall-clock]
INFO     Running preprocessor.
INFO     preprocessor input: output.sas
INFO     preprocessor arguments: ['--h2-time-limit', '120']
Building causal graph...
The causal graph is not acyclic.
480 variables of 480 necessary
0 of 0 mutex groups necessary.
12 of 12 operators necessary.
0 of 0 axiom rules necessary.
Initializing mutex computation...
Mutex computation initialized with 960 fluents.
iteration for mutex detection and operator pruning
Initialize m_index fw
Initialized mvalues forward: reached=230400, notReached=690240, spurious=960
Initialize m_ops fw
Computing mutexes...
Mutex computation finished with reached=920640, notReached=0, spurious=960
0 operators are spurious because were not triggered
H^2 mutexes added fw: 0, unreachable: 0
0 of 12 operators detected as spurious
Total mutex and disambiguation time: 0.044187 iterations: 2
0 of 0 mutex groups necessary.
12 of 12 operators necessary.
0 of 0 axiom rules necessary.
Change id of operators: 12
Change id of mutexes
Change id of goals
Change id of initial state
Remove unreachable facts from variables: 480
0 of 0 mutex groups necessary.
12 of 12 operators necessary.
0 of 0 axiom rules necessary.
Updating causal graph and pruning unnecessary facts
480 variables of 480 of 480 necessary
The causal graph is not acyclic.
480 variables of 480 necessary
0 of 0 mutex groups necessary.
12 of 12 operators necessary.
0 of 0 axiom rules necessary.
Building domain transition graphs...
solveable in poly time 0
Building successor generator...
Preprocessor variables: 480
Preprocessor facts: 960
Preprocessor derived variables: 0
Preprocessor operators: 12
Preprocessor mutex groups: 0
Preprocessor task size: 10688
Writing output...
done
INFO     Running search.
INFO     search input: output
INFO     search executable: /planner/planners/ipc2018-decstar/src/search/downward-release
INFO     search arguments: ['--decoupling', 'fork(search_type=asda, pruning=cost_frontier(irrelevance=TRANSITIONS), max_leaf_size=10000000)', '--search', 'astar(lmcut,       pruning_heuristic=lmcut(search_type=STAR),      pruning=stubborn_sets_decoupled(min_pruning_ratio=0.2, special_case_optimizations=true))', '--internal-plan-file', '/home/vidusha/intelligent_systems/planners/hapori-miplan/solutions/rubiks_cube/p15_sol.txt']
using frontier pruning method
performing irrelevance analysis in leaf factors
performing Anytime Star Decoupled A* search
maximum leaf factor size 10000000
using fork factoring profile
reading input... [t=0s]
Simplifying transitions... done!
done reading input! [t=0.02s]
building causal graph...done! [t=0.11s]
Peak memory: 28188 KB
Command '['/planner/planners/ipc2018-decstar/src/search/downward-release', '--decoupling', 'fork(search_type=asda, pruning=cost_frontier(irrelevance=TRANSITIONS), max_leaf_size=10000000)', '--search', 'astar(lmcut,       pruning_heuristic=lmcut(search_type=STAR),      pruning=stubborn_sets_decoupled(min_pruning_ratio=0.2, special_case_optimizations=true))', '--internal-plan-file', '/home/vidusha/intelligent_systems/planners/hapori-miplan/solutions/rubiks_cube/p15_sol.txt']' returned non-zero exit status 3
Image nick: ipc2018-decstar
Configs: ['opt-config00']
Plan file: /home/vidusha/intelligent_systems/planners/hapori-miplan/solutions/rubiks_cube/p15_sol.txt
Run image config opt-config00
Calling planner: ['python2', '/planner/planners/ipc2018-decstar/src/fast-downward.py', '--plan-file', '/home/vidusha/intelligent_systems/planners/hapori-miplan/solutions/rubiks_cube/p15_sol.txt', '/home/vidusha/intelligent_systems/planners/hapori-miplan/domains/rubiks_cube_domain.pddl', '/home/vidusha/intelligent_systems/planners/hapori-miplan/problems/rubiks_cube_temp/p15.pddl', '--preprocess-options', '--h2-time-limit', '120', '--search-options', '--decoupling', 'fork(search_type=asda, pruning=cost_frontier(irrelevance=TRANSITIONS), max_leaf_size=10000000)', '--search', 'astar(lmcut,       pruning_heuristic=lmcut(search_type=STAR),      pruning=stubborn_sets_decoupled(min_pruning_ratio=0.2, special_case_optimizations=true))']
Found plan file(s): []
exitcode: 99

remaining time: 594.0999999999999
config 5: relative time 17, remaining time 47, absolute time 214
args: ['/usr/bin/python3', '/planner/plan.py', 'ipc2018-decstar', 'domains/rubiks_cube_domain.pddl', 'problems/rubiks_cube_temp/p15.pddl', 'solutions/rubiks_cube/p15_sol.txt', '--config', 'opt-config01']
INFO     search stdin: None
INFO     search time limit: 214s
INFO     search memory limit: None
INFO     search command line string: /usr/bin/python3 /planner/plan.py ipc2018-decstar domains/rubiks_cube_domain.pddl problems/rubiks_cube_temp/p15.pddl solutions/rubiks_cube/p15_sol.txt --config opt-config01
INFO     Running translator.
INFO     translator inputs: ['/home/vidusha/intelligent_systems/planners/hapori-miplan/domains/rubiks_cube_domain.pddl', '/home/vidusha/intelligent_systems/planners/hapori-miplan/problems/rubiks_cube_temp/p15.pddl']
INFO     translator arguments: []
Parsing...
Parsing: [0.010s CPU, 0.008s wall-clock]
Normalizing task... [0.000s CPU, 0.001s wall-clock]
Instantiating...
Generating Datalog program... [0.000s CPU, 0.001s wall-clock]
Normalizing Datalog program...
Trivial rules: Converted to facts.
Normalizing Datalog program: [0.000s CPU, 0.004s wall-clock]
Preparing model... [0.000s CPU, 0.002s wall-clock]
Generated 193 rules.
Computing model... [0.030s CPU, 0.031s wall-clock]
505 relevant atoms
2304 auxiliary atoms
2809 final queue length
4653 total queue pushes
Completing instantiation... [0.190s CPU, 0.184s wall-clock]
Instantiating: [0.220s CPU, 0.223s wall-clock]
Computing fact groups...
Finding invariants...
68 initial candidates
Finding invariants: [0.010s CPU, 0.007s wall-clock]
Checking invariant weight... [0.000s CPU, 0.000s wall-clock]
Instantiating groups... [0.000s CPU, 0.000s wall-clock]
Collecting mutex groups... [0.000s CPU, 0.000s wall-clock]
Choosing groups...
480 uncovered facts
Choosing groups: [0.000s CPU, 0.000s wall-clock]
Building translation key... [0.000s CPU, 0.002s wall-clock]
Computing fact groups: [0.010s CPU, 0.013s wall-clock]
Building STRIPS to SAS dictionary... [0.000s CPU, 0.001s wall-clock]
Building dictionary for full mutex groups... [0.000s CPU, 0.001s wall-clock]
Building mutex information...
Building mutex information: [0.000s CPU, 0.001s wall-clock]
Translating task...
Processing axioms...
Simplifying axioms... [0.000s CPU, 0.000s wall-clock]
Processing axioms: [0.000s CPU, 0.003s wall-clock]
Translating task: [0.080s CPU, 0.081s wall-clock]
2304 effect conditions simplified
0 implied preconditions added
Detecting unreachable propositions...
0 operators removed
0 propositions removed
Detecting unreachable propositions: [0.010s CPU, 0.014s wall-clock]
Translator variables: 480
Translator derived variables: 0
Translator facts: 960
Translator goal facts: 20
Translator mutex groups: 0
Translator total mutex groups size: 0
Translator operators: 12
Translator axioms: 0
Translator task size: 10688
Translator peak memory: 34792 KB
Writing output... [0.010s CPU, 0.016s wall-clock]
Done! [0.360s CPU, 0.362s wall-clock]
INFO     Running preprocessor.
INFO     preprocessor input: output.sas
INFO     preprocessor arguments: ['--h2-time-limit', '120']
Building causal graph...
The causal graph is not acyclic.
480 variables of 480 necessary
0 of 0 mutex groups necessary.
12 of 12 operators necessary.
0 of 0 axiom rules necessary.
Initializing mutex computation...
Mutex computation initialized with 960 fluents.
iteration for mutex detection and operator pruning
Initialize m_index fw
Initialized mvalues forward: reached=230400, notReached=690240, spurious=960
Initialize m_ops fw
Computing mutexes...
Mutex computation finished with reached=920640, notReached=0, spurious=960
0 operators are spurious because were not triggered
H^2 mutexes added fw: 0, unreachable: 0
0 of 12 operators detected as spurious
Total mutex and disambiguation time: 0.05125 iterations: 2
0 of 0 mutex groups necessary.
12 of 12 operators necessary.
0 of 0 axiom rules necessary.
Change id of operators: 12
Change id of mutexes
Change id of goals
Change id of initial state
Remove unreachable facts from variables: 480
0 of 0 mutex groups necessary.
12 of 12 operators necessary.
0 of 0 axiom rules necessary.
Updating causal graph and pruning unnecessary facts
480 variables of 480 of 480 necessary
The causal graph is not acyclic.
480 variables of 480 necessary
0 of 0 mutex groups necessary.
12 of 12 operators necessary.
0 of 0 axiom rules necessary.
Building domain transition graphs...
solveable in poly time 0
Building successor generator...
Preprocessor variables: 480
Preprocessor facts: 960
Preprocessor derived variables: 0
Preprocessor operators: 12
Preprocessor mutex groups: 0
Preprocessor task size: 10688
Writing output...
done
INFO     Running search.
INFO     search input: output
INFO     search executable: /planner/planners/ipc2018-decstar/src/search/downward-release
INFO     search arguments: ['--decoupling', 'portfolio(fallback_on_abstain=false, overwrite_options=true, choose_max_leaves=true, factorings=[fork(search_type=asda, max_leaf_size=10000000), ifork(max_leaf_size=10000000), incarcs(max_leaf_size=1000000)])', '--search', 'astar(lmcut,      pruning_heuristic=lmcut(search_type=STAR),      pruning=stubborn_sets_decoupled(min_pruning_ratio=0.2, special_case_optimizations=true, use_single_var_ifork_optimization=true),      symmetry=symmetry_state_pruning(lex_prices=true, lex_num_states=false, lex_goal_cost=false))', '--internal-plan-file', '/home/vidusha/intelligent_systems/planners/hapori-miplan/solutions/rubiks_cube/p15_sol.txt']
performing Anytime Star Decoupled A* search
maximum leaf factor size 10000000
using default pruning method: BasicPruning
using fork factoring profile
performing Star Decoupled A* search
maximum leaf factor size 10000000
using default pruning method: BasicPruning
using inverted-fork factoring profile
performing Star Decoupled A* search
maximum leaf factor size 1000000
using default pruning method: BasicPruning
using incident-arcs factoring profile
performing Star Decoupled A* search
using default pruning method: BasicPruning
using factoring portfolio
reading input... [t=0s]
Simplifying transitions... done!
done reading input! [t=0.02s]
building causal graph...done! [t=0.11s]
Peak memory: 28212 KB
Command '['/planner/planners/ipc2018-decstar/src/search/downward-release', '--decoupling', 'portfolio(fallback_on_abstain=false, overwrite_options=true, choose_max_leaves=true, factorings=[fork(search_type=asda, max_leaf_size=10000000), ifork(max_leaf_size=10000000), incarcs(max_leaf_size=1000000)])', '--search', 'astar(lmcut,      pruning_heuristic=lmcut(search_type=STAR),      pruning=stubborn_sets_decoupled(min_pruning_ratio=0.2, special_case_optimizations=true, use_single_var_ifork_optimization=true),      symmetry=symmetry_state_pruning(lex_prices=true, lex_num_states=false, lex_goal_cost=false))', '--internal-plan-file', '/home/vidusha/intelligent_systems/planners/hapori-miplan/solutions/rubiks_cube/p15_sol.txt']' returned non-zero exit status 3
Image nick: ipc2018-decstar
Configs: ['opt-config01']
Plan file: /home/vidusha/intelligent_systems/planners/hapori-miplan/solutions/rubiks_cube/p15_sol.txt
Run image config opt-config01
Calling planner: ['python2', '/planner/planners/ipc2018-decstar/src/fast-downward.py', '--plan-file', '/home/vidusha/intelligent_systems/planners/hapori-miplan/solutions/rubiks_cube/p15_sol.txt', '/home/vidusha/intelligent_systems/planners/hapori-miplan/domains/rubiks_cube_domain.pddl', '/home/vidusha/intelligent_systems/planners/hapori-miplan/problems/rubiks_cube_temp/p15.pddl', '--preprocess-options', '--h2-time-limit', '120', '--search-options', '--decoupling', 'portfolio(fallback_on_abstain=false, overwrite_options=true, choose_max_leaves=true, factorings=[fork(search_type=asda, max_leaf_size=10000000), ifork(max_leaf_size=10000000), incarcs(max_leaf_size=1000000)])', '--search', 'astar(lmcut,      pruning_heuristic=lmcut(search_type=STAR),      pruning=stubborn_sets_decoupled(min_pruning_ratio=0.2, special_case_optimizations=true, use_single_var_ifork_optimization=true),      symmetry=symmetry_state_pruning(lex_prices=true, lex_num_states=false, lex_goal_cost=false))']
Found plan file(s): []
exitcode: 99

remaining time: 593.3599999999999
config 6: relative time 16, remaining time 30, absolute time 316
args: ['/usr/bin/python3', '/planner/plan.py', 'ipc2018-opt-delfi', 'domains/rubiks_cube_domain.pddl', 'problems/rubiks_cube_temp/p15.pddl', 'solutions/rubiks_cube/p15_sol.txt', '--config', 'h2-simpless-oss-cpdbshc900']
INFO     search stdin: None
INFO     search time limit: 316s
INFO     search memory limit: None
INFO     search command line string: /usr/bin/python3 /planner/plan.py ipc2018-opt-delfi domains/rubiks_cube_domain.pddl problems/rubiks_cube_temp/p15.pddl solutions/rubiks_cube/p15_sol.txt --config h2-simpless-oss-cpdbshc900
INFO     Running translator.
INFO     translator input: ['/home/vidusha/intelligent_systems/planners/hapori-miplan/domains/rubiks_cube_domain.pddl', '/home/vidusha/intelligent_systems/planners/hapori-miplan/problems/rubiks_cube_temp/p15.pddl']
INFO     translator arguments: []
INFO     translator time limit: 315.98s
INFO     translator memory limit: None
INFO     callstring: /usr/bin/python2 /planner/planners/ipc2018-opt-delfi/builds/release64/bin/translate/translate.py /home/vidusha/intelligent_systems/planners/hapori-miplan/domains/rubiks_cube_domain.pddl /home/vidusha/intelligent_systems/planners/hapori-miplan/problems/rubiks_cube_temp/p15.pddl
time limit 315.98 -> (316, 317)
Parsing...
Parsing: [0.010s CPU, 0.016s wall-clock]
Normalizing task... [0.010s CPU, 0.001s wall-clock]
Instantiating...
Generating Datalog program... [0.000s CPU, 0.001s wall-clock]
Normalizing Datalog program...
Trivial rules: Converted to facts.
Normalizing Datalog program: [0.000s CPU, 0.006s wall-clock]
Preparing model... [0.000s CPU, 0.002s wall-clock]
Generated 193 rules.
Computing model... [0.020s CPU, 0.021s wall-clock]
505 relevant atoms
2304 auxiliary atoms
2809 final queue length
4653 total queue pushes
Completing instantiation... [0.190s CPU, 0.183s wall-clock]
Instantiating: [0.210s CPU, 0.214s wall-clock]
Computing fact groups...
Finding invariants...
68 initial candidates
Finding invariants: [0.010s CPU, 0.008s wall-clock]
Checking invariant weight... [0.000s CPU, 0.000s wall-clock]
Instantiating groups... [0.000s CPU, 0.000s wall-clock]
Collecting mutex groups... [0.000s CPU, 0.000s wall-clock]
Choosing groups...
480 uncovered facts
Choosing groups: [0.000s CPU, 0.000s wall-clock]
Building translation key... [0.000s CPU, 0.002s wall-clock]
Computing fact groups: [0.010s CPU, 0.014s wall-clock]
Building STRIPS to SAS dictionary... [0.000s CPU, 0.001s wall-clock]
Building dictionary for full mutex groups... [0.000s CPU, 0.001s wall-clock]
Building mutex information...
Building mutex information: [0.000s CPU, 0.001s wall-clock]
Translating task...
Processing axioms...
Simplifying axioms... [0.000s CPU, 0.000s wall-clock]
Processing axioms: [0.010s CPU, 0.002s wall-clock]
Translating task: [0.090s CPU, 0.087s wall-clock]
0 effect conditions simplified
0 implied preconditions added
Detecting unreachable propositions...
0 operators removed
0 axioms removed
0 propositions removed
Detecting unreachable propositions: [0.030s CPU, 0.030s wall-clock]
Reordering and filtering variables...
480 of 480 variables necessary.
0 of 0 mutex groups necessary.
12 of 12 operators necessary.
0 of 0 axiom rules necessary.
Reordering and filtering variables: [0.010s CPU, 0.015s wall-clock]
Translator variables: 480
Translator derived variables: 0
Translator facts: 960
Translator goal facts: 20
Translator mutex groups: 0
Translator total mutex groups size: 0
Translator operators: 12
Translator axioms: 0
Translator task size: 10688
Translator peak memory: 34356 KB
Writing output... [0.010s CPU, 0.012s wall-clock]
Done! [0.390s CPU, 0.393s wall-clock]
INFO     Run task transformation (/planner/planners/ipc2018-opt-delfi/builds/release64/bin/preprocess).
INFO     Absolute path: /planner/planners/ipc2018-opt-delfi/builds/release64/bin/preprocess
INFO     callstring: /planner/planners/ipc2018-opt-delfi/builds/release64/bin/preprocess < output.sas
Building causal graph...
The causal graph is not acyclic.
480 variables of 480 necessary
0 of 0 mutex groups necessary.
12 of 12 operators necessary.
0 of 0 axiom rules necessary.
Initializing mutex computation...
Mutex computation initialized with 960 fluents.
iteration for mutex detection and operator pruning
Initialize m_index fw
Initialized mvalues forward: reached=230400, notReached=690240, spurious=960
Initialize m_ops fw
Computing mutexes...
Mutex computation finished with reached=920640, notReached=0, spurious=960
0 operators are spurious because were not triggered
H^2 mutexes added fw: 0, unreachable: 0
0 of 12 operators detected as spurious
Total mutex and disambiguation time: 0.048023 iterations: 2
0 of 0 mutex groups necessary.
12 of 12 operators necessary.
0 of 0 axiom rules necessary.
Change id of operators: 12
Change id of mutexes
Change id of goals
Change id of initial state
Remove unreachable facts from variables: 480
0 of 0 mutex groups necessary.
12 of 12 operators necessary.
0 of 0 axiom rules necessary.
Updating causal graph and pruning unnecessary facts
480 variables of 480 of 480 necessary
The causal graph is not acyclic.
480 variables of 480 necessary
0 of 0 mutex groups necessary.
12 of 12 operators necessary.
0 of 0 axiom rules necessary.
Building domain transition graphs...
solveable in poly time 0
Building successor generator...
Preprocessor variables: 480
Preprocessor facts: 960
Preprocessor derived variables: 0
Preprocessor operators: 12
Preprocessor mutex groups: 0
Preprocessor task size: 10688
Writing output...
done
INFO     Running search (release64).
INFO     search input: output.sas
INFO     search arguments: ['--symmetries', 'sym=structural_symmetries(search_symmetries=oss)', '--search', 'astar(cpdbs(patterns=hillclimbing(max_time=900),transform=multiply_out_conditional_effects),symmetries=sym,pruning=stubborn_sets_simple(minimum_pruning_ratio=0.01),num_por_probes=1000)']
INFO     search time limit: 315.42s
INFO     search memory limit: None
INFO     search executable: /planner/planners/ipc2018-opt-delfi/builds/release64/bin/downward
INFO     callstring: /planner/planners/ipc2018-opt-delfi/builds/release64/bin/downward --symmetries 'sym=structural_symmetries(search_symmetries=oss)' --search 'astar(cpdbs(patterns=hillclimbing(max_time=900),transform=multiply_out_conditional_effects),symmetries=sym,pruning=stubborn_sets_simple(minimum_pruning_ratio=0.01),num_por_probes=1000)' --internal-plan-file /home/vidusha/intelligent_systems/planners/hapori-miplan/solutions/rubiks_cube/p15_sol.txt < output.sas
time limit 315.42 -> (316, 317)
reading input... [t=6.0036e-05s]
done reading input! [t=0.00108543s]
packing state variables...done! [t=0.00108543s]
Variables: 480
FactPairs: 960
Bytes per state: 60
Building successor generator...done! [t=0.00108543s]
peak memory difference for root successor generator creation: 0 KB
time for root successor generation creation: 0s
done initializing global data [t=0.00108543s]
Command '['/planner/planners/ipc2018-opt-delfi/builds/release64/bin/downward', '--symmetries', 'sym=structural_symmetries(search_symmetries=oss)', '--search', 'astar(cpdbs(patterns=hillclimbing(max_time=900),transform=multiply_out_conditional_effects),symmetries=sym,pruning=stubborn_sets_simple(minimum_pruning_ratio=0.01),num_por_probes=1000)', '--internal-plan-file', '/home/vidusha/intelligent_systems/planners/hapori-miplan/solutions/rubiks_cube/p15_sol.txt']' returned non-zero exit status -9
Overall time: [40.820s CPU, 59.097s wall-clock]
Image nick: ipc2018-opt-delfi
Configs: ['h2-simpless-oss-cpdbshc900']
Plan file: /home/vidusha/intelligent_systems/planners/hapori-miplan/solutions/rubiks_cube/p15_sol.txt
Run image config h2-simpless-oss-cpdbshc900
Calling planner: ['python2', '/planner/planners/ipc2018-opt-delfi/fast-downward.py', '--build', 'release64', '--transform-task', '/planner/planners/ipc2018-opt-delfi/builds/release64/bin/preprocess', '--plan-file', '/home/vidusha/intelligent_systems/planners/hapori-miplan/solutions/rubiks_cube/p15_sol.txt', '/home/vidusha/intelligent_systems/planners/hapori-miplan/domains/rubiks_cube_domain.pddl', '/home/vidusha/intelligent_systems/planners/hapori-miplan/problems/rubiks_cube_temp/p15.pddl', '--symmetries', 'sym=structural_symmetries(search_symmetries=oss)', '--search', 'astar(cpdbs(patterns=hillclimbing(max_time=900),transform=multiply_out_conditional_effects),symmetries=sym,pruning=stubborn_sets_simple(minimum_pruning_ratio=0.01),num_por_probes=1000)']
Found plan file(s): []
exitcode: 99

remaining time: 552.4399999999998
config 7: relative time 14, remaining time 14, absolute time 552
args: ['/usr/bin/python3', '/planner/plan.py', 'ipc2018-opt-delfi', 'domains/rubiks_cube_domain.pddl', 'problems/rubiks_cube_temp/p15.pddl', 'solutions/rubiks_cube/p15_sol.txt', '--config', 'simpless-dks-masb50kmiasmdfp']
INFO     search stdin: None
INFO     search time limit: 552s
INFO     search memory limit: None
INFO     search command line string: /usr/bin/python3 /planner/plan.py ipc2018-opt-delfi domains/rubiks_cube_domain.pddl problems/rubiks_cube_temp/p15.pddl solutions/rubiks_cube/p15_sol.txt --config simpless-dks-masb50kmiasmdfp
INFO     Running translator.
INFO     translator input: ['/home/vidusha/intelligent_systems/planners/hapori-miplan/domains/rubiks_cube_domain.pddl', '/home/vidusha/intelligent_systems/planners/hapori-miplan/problems/rubiks_cube_temp/p15.pddl']
INFO     translator arguments: []
INFO     translator time limit: 551.97s
INFO     translator memory limit: None
INFO     callstring: /usr/bin/python2 /planner/planners/ipc2018-opt-delfi/builds/release64/bin/translate/translate.py /home/vidusha/intelligent_systems/planners/hapori-miplan/domains/rubiks_cube_domain.pddl /home/vidusha/intelligent_systems/planners/hapori-miplan/problems/rubiks_cube_temp/p15.pddl
time limit 551.97 -> (552, 553)
Parsing...
Parsing: [0.020s CPU, 0.021s wall-clock]
Normalizing task... [0.000s CPU, 0.001s wall-clock]
Instantiating...
Generating Datalog program... [0.000s CPU, 0.001s wall-clock]
Normalizing Datalog program...
Trivial rules: Converted to facts.
Normalizing Datalog program: [0.010s CPU, 0.007s wall-clock]
Preparing model... [0.000s CPU, 0.003s wall-clock]
Generated 193 rules.
Computing model... [0.020s CPU, 0.022s wall-clock]
505 relevant atoms
2304 auxiliary atoms
2809 final queue length
4653 total queue pushes
Completing instantiation... [0.190s CPU, 0.189s wall-clock]
Instantiating: [0.220s CPU, 0.223s wall-clock]
Computing fact groups...
Finding invariants...
68 initial candidates
Finding invariants: [0.010s CPU, 0.009s wall-clock]
Checking invariant weight... [0.000s CPU, 0.000s wall-clock]
Instantiating groups... [0.000s CPU, 0.000s wall-clock]
Collecting mutex groups... [0.000s CPU, 0.000s wall-clock]
Choosing groups...
480 uncovered facts
Choosing groups: [0.000s CPU, 0.000s wall-clock]
Building translation key... [0.010s CPU, 0.003s wall-clock]
Computing fact groups: [0.020s CPU, 0.017s wall-clock]
Building STRIPS to SAS dictionary... [0.000s CPU, 0.001s wall-clock]
Building dictionary for full mutex groups... [0.000s CPU, 0.001s wall-clock]
Building mutex information...
Building mutex information: [0.000s CPU, 0.001s wall-clock]
Translating task...
Processing axioms...
Simplifying axioms... [0.000s CPU, 0.000s wall-clock]
Processing axioms: [0.000s CPU, 0.003s wall-clock]
Translating task: [0.080s CPU, 0.086s wall-clock]
0 effect conditions simplified
0 implied preconditions added
Detecting unreachable propositions...
0 operators removed
0 axioms removed
0 propositions removed
Detecting unreachable propositions: [0.030s CPU, 0.027s wall-clock]
Reordering and filtering variables...
480 of 480 variables necessary.
0 of 0 mutex groups necessary.
12 of 12 operators necessary.
0 of 0 axiom rules necessary.
Reordering and filtering variables: [0.020s CPU, 0.014s wall-clock]
Translator variables: 480
Translator derived variables: 0
Translator facts: 960
Translator goal facts: 20
Translator mutex groups: 0
Translator total mutex groups size: 0
Translator operators: 12
Translator axioms: 0
Translator task size: 10688
Translator peak memory: 34252 KB
Writing output... [0.010s CPU, 0.011s wall-clock]
Done! [0.400s CPU, 0.406s wall-clock]
INFO     Running search (release64).
INFO     search input: output.sas
INFO     search arguments: ['--symmetries', 'sym=structural_symmetries(search_symmetries=dks)', '--search', 'astar(merge_and_shrink(shrink_strategy=shrink_bisimulation(greedy=false),merge_strategy=merge_precomputed(merge_tree=miasm(abstraction=miasm_merge_and_shrink(),fallback_merge_selector=score_based_filtering(scoring_functions=[goal_relevance,dfp,total_order(atomic_ts_order=reverse_level,product_ts_order=new_to_old,atomic_before_product=false)]))),label_reduction=exact(before_shrinking=true,before_merging=false),max_states=50000,threshold_before_merge=1,max_time=900),symmetries=sym,pruning=stubborn_sets_simple(minimum_pruning_ratio=0.01),num_por_probes=1000)']
INFO     search time limit: 551.5s
INFO     search memory limit: None
INFO     search executable: /planner/planners/ipc2018-opt-delfi/builds/release64/bin/downward
INFO     callstring: /planner/planners/ipc2018-opt-delfi/builds/release64/bin/downward --symmetries 'sym=structural_symmetries(search_symmetries=dks)' --search 'astar(merge_and_shrink(shrink_strategy=shrink_bisimulation(greedy=false),merge_strategy=merge_precomputed(merge_tree=miasm(abstraction=miasm_merge_and_shrink(),fallback_merge_selector=score_based_filtering(scoring_functions=[goal_relevance,dfp,total_order(atomic_ts_order=reverse_level,product_ts_order=new_to_old,atomic_before_product=false)]))),label_reduction=exact(before_shrinking=true,before_merging=false),max_states=50000,threshold_before_merge=1,max_time=900),symmetries=sym,pruning=stubborn_sets_simple(minimum_pruning_ratio=0.01),num_por_probes=1000)' --internal-plan-file /home/vidusha/intelligent_systems/planners/hapori-miplan/solutions/rubiks_cube/p15_sol.txt < output.sas
time limit 551.50 -> (552, 553)
reading input... [t=5.9676e-05s]
done reading input! [t=0.00326832s]
packing state variables...done! [t=0.00326832s]
Variables: 480
FactPairs: 960
Bytes per state: 60
Building successor generator...done! [t=0.00326832s]
peak memory difference for root successor generator creation: 0 KB
time for root successor generation creation: 0s
done initializing global data [t=0.00326832s]
Initializing merge-and-shrink heuristic...
Merge strategy options:
Type: precomputed
Merge tree options: 
Type: miasm
Update option: use random

Options related to size limits and shrinking: 
Transition system size limit: 50000
Transition system size limit right before merge: 50000
Threshold to trigger shrinking right before merge: 1

Shrink strategy options: 
Type: bisimulation
Bisimulation type: exact
At limit: return

Label reduction options:
Before merging: disabled
Before shrinking: enabled
Method: all transition systems with fixpoint computation
System order: random

Verbosity: verbose

Building atomic transition systems... 
done initializing transition system data 0
done building transitions 0.00391254
done creating transition systems 0.00391254
done creating mas representations 0.00391254
done creating distances 0.00391254
Atomic transition system #0: computing init and goal distances using unit-cost algorithm
Atomic transition system #1: computing init and goal distances using unit-cost algorithm
Atomic transition system #2: computing init and goal distances using unit-cost algorithm
Atomic transition system #3: computing init and goal distances using unit-cost algorithm
Atomic transition system #4: computing init and goal distances using unit-cost algorithm
Atomic transition system #5: computing init and goal distances using unit-cost algorithm
Atomic transition system #6: computing init and goal distances using unit-cost algorithm
Atomic transition system #7: computing init and goal distances using unit-cost algorithm
Atomic transition system #8: computing init and goal distances using unit-cost algorithm
Atomic transition system #9: computing init and goal distances using unit-cost algorithm
Atomic transition system #10: computing init and goal distances using unit-cost algorithm
Atomic transition system #11: computing init and goal distances using unit-cost algorithm
Atomic transition system #12: computing init and goal distances using unit-cost algorithm
Atomic transition system #13: computing init and goal distances using unit-cost algorithm
Atomic transition system #14: computing init and goal distances using unit-cost algorithm
Atomic transition system #15: computing init and goal distances using unit-cost algorithm
Atomic transition system #16: computing init and goal distances using unit-cost algorithm
Atomic transition system #17: computing init and goal distances using unit-cost algorithm
Atomic transition system #18: computing init and goal distances using unit-cost algorithm
Atomic transition system #19: computing init and goal distances using unit-cost algorithm
Atomic transition system #20: computing init and goal distances using unit-cost algorithm
Atomic transition system #21: computing init and goal distances using unit-cost algorithm
Atomic transition system #22: computing init and goal distances using unit-cost algorithm
Atomic transition system #23: computing init and goal distances using unit-cost algorithm
Atomic transition system #24: computing init and goal distances using unit-cost algorithm
Atomic transition system #25: computing init and goal distances using unit-cost algorithm
Atomic transition system #26: computing init and goal distances using unit-cost algorithm
Atomic transition system #27: computing init and goal distances using unit-cost algorithm
Atomic transition system #28: computing init and goal distances using unit-cost algorithm
Atomic transition system #29: computing init and goal distances using unit-cost algorithm
Atomic transition system #30: computing init and goal distances using unit-cost algorithm
Atomic transition system #31: computing init and goal distances using unit-cost algorithm
Atomic transition system #32: computing init and goal distances using unit-cost algorithm
Atomic transition system #33: computing init and goal distances using unit-cost algorithm
Atomic transition system #34: computing init and goal distances using unit-cost algorithm
Atomic transition system #35: computing init and goal distances using unit-cost algorithm
Atomic transition system #36: computing init and goal distances using unit-cost algorithm
Atomic transition system #37: computing init and goal distances using unit-cost algorithm
Atomic transition system #38: computing init and goal distances using unit-cost algorithm
Atomic transition system #39: computing init and goal distances using unit-cost algorithm
Atomic transition system #40: computing init and goal distances using unit-cost algorithm
Atomic transition system #41: computing init and goal distances using unit-cost algorithm
Atomic transition system #42: computing init and goal distances using unit-cost algorithm
Atomic transition system #43: computing init and goal distances using unit-cost algorithm
Atomic transition system #44: computing init and goal distances using unit-cost algorithm
Atomic transition system #45: computing init and goal distances using unit-cost algorithm
Atomic transition system #46: computing init and goal distances using unit-cost algorithm
Atomic transition system #47: computing init and goal distances using unit-cost algorithm
Atomic transition system #48: computing init and goal distances using unit-cost algorithm
Atomic transition system #49: computing init and goal distances using unit-cost algorithm
Atomic transition system #50: computing init and goal distances using unit-cost algorithm
Atomic transition system #51: computing init and goal distances using unit-cost algorithm
Atomic transition system #52: computing init and goal distances using unit-cost algorithm
Atomic transition system #53: computing init and goal distances using unit-cost algorithm
Atomic transition system #54: computing init and goal distances using unit-cost algorithm
Atomic transition system #55: computing init and goal distances using unit-cost algorithm
Atomic transition system #56: computing init and goal distances using unit-cost algorithm
Atomic transition system #57: computing init and goal distances using unit-cost algorithm
Atomic transition system #58: computing init and goal distances using unit-cost algorithm
Atomic transition system #59: computing init and goal distances using unit-cost algorithm
Atomic transition system #60: computing init and goal distances using unit-cost algorithm
Atomic transition system #61: computing init and goal distances using unit-cost algorithm
Atomic transition system #62: computing init and goal distances using unit-cost algorithm
Atomic transition system #63: computing init and goal distances using unit-cost algorithm
Atomic transition system #64: computing init and goal distances using unit-cost algorithm
Atomic transition system #65: computing init and goal distances using unit-cost algorithm
Atomic transition system #66: computing init and goal distances using unit-cost algorithm
Atomic transition system #67: computing init and goal distances using unit-cost algorithm
Atomic transition system #68: computing init and goal distances using unit-cost algorithm
Atomic transition system #69: computing init and goal distances using unit-cost algorithm
Atomic transition system #70: computing init and goal distances using unit-cost algorithm
Atomic transition system #71: computing init and goal distances using unit-cost algorithm
Atomic transition system #72: computing init and goal distances using unit-cost algorithm
Atomic transition system #73: computing init and goal distances using unit-cost algorithm
Atomic transition system #74: computing init and goal distances using unit-cost algorithm
Atomic transition system #75: computing init and goal distances using unit-cost algorithm
Atomic transition system #76: computing init and goal distances using unit-cost algorithm
Atomic transition system #77: computing init and goal distances using unit-cost algorithm
Atomic transition system #78: computing init and goal distances using unit-cost algorithm
Atomic transition system #79: computing init and goal distances using unit-cost algorithm
Atomic transition system #80: computing init and goal distances using unit-cost algorithm
Atomic transition system #81: computing init and goal distances using unit-cost algorithm
Atomic transition system #82: computing init and goal distances using unit-cost algorithm
Atomic transition system #83: computing init and goal distances using unit-cost algorithm
Atomic transition system #84: computing init and goal distances using unit-cost algorithm
Atomic transition system #85: computing init and goal distances using unit-cost algorithm
Atomic transition system #86: computing init and goal distances using unit-cost algorithm
Atomic transition system #87: computing init and goal distances using unit-cost algorithm
Atomic transition system #88: computing init and goal distances using unit-cost algorithm
Atomic transition system #89: computing init and goal distances using unit-cost algorithm
Atomic transition system #90: computing init and goal distances using unit-cost algorithm
Atomic transition system #91: computing init and goal distances using unit-cost algorithm
Atomic transition system #92: computing init and goal distances using unit-cost algorithm
Atomic transition system #93: computing init and goal distances using unit-cost algorithm
Atomic transition system #94: computing init and goal distances using unit-cost algorithm
Atomic transition system #95: computing init and goal distances using unit-cost algorithm
Atomic transition system #96: computing init and goal distances using unit-cost algorithm
Atomic transition system #97: computing init and goal distances using unit-cost algorithm
Atomic transition system #98: computing init and goal distances using unit-cost algorithm
Atomic transition system #99: computing init and goal distances using unit-cost algorithm
Atomic transition system #100: computing init and goal distances using unit-cost algorithm
Atomic transition system #101: computing init and goal distances using unit-cost algorithm
Atomic transition system #102: computing init and goal distances using unit-cost algorithm
Atomic transition system #103: computing init and goal distances using unit-cost algorithm
Atomic transition system #104: computing init and goal distances using unit-cost algorithm
Atomic transition system #105: computing init and goal distances using unit-cost algorithm
Atomic transition system #106: computing init and goal distances using unit-cost algorithm
Atomic transition system #107: computing init and goal distances using unit-cost algorithm
Atomic transition system #108: computing init and goal distances using unit-cost algorithm
Atomic transition system #109: computing init and goal distances using unit-cost algorithm
Atomic transition system #110: computing init and goal distances using unit-cost algorithm
Atomic transition system #111: computing init and goal distances using unit-cost algorithm
Atomic transition system #112: computing init and goal distances using unit-cost algorithm
Atomic transition system #113: computing init and goal distances using unit-cost algorithm
Atomic transition system #114: computing init and goal distances using unit-cost algorithm
Atomic transition system #115: computing init and goal distances using unit-cost algorithm
Atomic transition system #116: computing init and goal distances using unit-cost algorithm
Atomic transition system #117: computing init and goal distances using unit-cost algorithm
Atomic transition system #118: computing init and goal distances using unit-cost algorithm
Atomic transition system #119: computing init and goal distances using unit-cost algorithm
Atomic transition system #120: computing init and goal distances using unit-cost algorithm
Atomic transition system #121: computing init and goal distances using unit-cost algorithm
Atomic transition system #122: computing init and goal distances using unit-cost algorithm
Atomic transition system #123: computing init and goal distances using unit-cost algorithm
Atomic transition system #124: computing init and goal distances using unit-cost algorithm
Atomic transition system #125: computing init and goal distances using unit-cost algorithm
Atomic transition system #126: computing init and goal distances using unit-cost algorithm
Atomic transition system #127: computing init and goal distances using unit-cost algorithm
Atomic transition system #128: computing init and goal distances using unit-cost algorithm
Atomic transition system #129: computing init and goal distances using unit-cost algorithm
Atomic transition system #130: computing init and goal distances using unit-cost algorithm
Atomic transition system #131: computing init and goal distances using unit-cost algorithm
Atomic transition system #132: computing init and goal distances using unit-cost algorithm
Atomic transition system #133: computing init and goal distances using unit-cost algorithm
Atomic transition system #134: computing init and goal distances using unit-cost algorithm
Atomic transition system #135: computing init and goal distances using unit-cost algorithm
Atomic transition system #136: computing init and goal distances using unit-cost algorithm
Atomic transition system #137: computing init and goal distances using unit-cost algorithm
Atomic transition system #138: computing init and goal distances using unit-cost algorithm
Atomic transition system #139: computing init and goal distances using unit-cost algorithm
Atomic transition system #140: computing init and goal distances using unit-cost algorithm
Atomic transition system #141: computing init and goal distances using unit-cost algorithm
Atomic transition system #142: computing init and goal distances using unit-cost algorithm
Atomic transition system #143: computing init and goal distances using unit-cost algorithm
Atomic transition system #144: computing init and goal distances using unit-cost algorithm
Atomic transition system #145: computing init and goal distances using unit-cost algorithm
Atomic transition system #146: computing init and goal distances using unit-cost algorithm
Atomic transition system #147: computing init and goal distances using unit-cost algorithm
Atomic transition system #148: computing init and goal distances using unit-cost algorithm
Atomic transition system #149: computing init and goal distances using unit-cost algorithm
Atomic transition system #150: computing init and goal distances using unit-cost algorithm
Atomic transition system #151: computing init and goal distances using unit-cost algorithm
Atomic transition system #152: computing init and goal distances using unit-cost algorithm
Atomic transition system #153: computing init and goal distances using unit-cost algorithm
Atomic transition system #154: computing init and goal distances using unit-cost algorithm
Atomic transition system #155: computing init and goal distances using unit-cost algorithm
Atomic transition system #156: computing init and goal distances using unit-cost algorithm
Atomic transition system #157: computing init and goal distances using unit-cost algorithm
Atomic transition system #158: computing init and goal distances using unit-cost algorithm
Atomic transition system #159: computing init and goal distances using unit-cost algorithm
Atomic transition system #160: computing init and goal distances using unit-cost algorithm
Atomic transition system #161: computing init and goal distances using unit-cost algorithm
Atomic transition system #162: computing init and goal distances using unit-cost algorithm
Atomic transition system #163: computing init and goal distances using unit-cost algorithm
Atomic transition system #164: computing init and goal distances using unit-cost algorithm
Atomic transition system #165: computing init and goal distances using unit-cost algorithm
Atomic transition system #166: computing init and goal distances using unit-cost algorithm
Atomic transition system #167: computing init and goal distances using unit-cost algorithm
Atomic transition system #168: computing init and goal distances using unit-cost algorithm
Atomic transition system #169: computing init and goal distances using unit-cost algorithm
Atomic transition system #170: computing init and goal distances using unit-cost algorithm
Atomic transition system #171: computing init and goal distances using unit-cost algorithm
Atomic transition system #172: computing init and goal distances using unit-cost algorithm
Atomic transition system #173: computing init and goal distances using unit-cost algorithm
Atomic transition system #174: computing init and goal distances using unit-cost algorithm
Atomic transition system #175: computing init and goal distances using unit-cost algorithm
Atomic transition system #176: computing init and goal distances using unit-cost algorithm
Atomic transition system #177: computing init and goal distances using unit-cost algorithm
Atomic transition system #178: computing init and goal distances using unit-cost algorithm
Atomic transition system #179: computing init and goal distances using unit-cost algorithm
Atomic transition system #180: computing init and goal distances using unit-cost algorithm
Atomic transition system #181: computing init and goal distances using unit-cost algorithm
Atomic transition system #182: computing init and goal distances using unit-cost algorithm
Atomic transition system #183: computing init and goal distances using unit-cost algorithm
Atomic transition system #184: computing init and goal distances using unit-cost algorithm
Atomic transition system #185: computing init and goal distances using unit-cost algorithm
Atomic transition system #186: computing init and goal distances using unit-cost algorithm
Atomic transition system #187: computing init and goal distances using unit-cost algorithm
Atomic transition system #188: computing init and goal distances using unit-cost algorithm
Atomic transition system #189: computing init and goal distances using unit-cost algorithm
Atomic transition system #190: computing init and goal distances using unit-cost algorithm
Atomic transition system #191: computing init and goal distances using unit-cost algorithm
Atomic transition system #192: computing init and goal distances using unit-cost algorithm
Atomic transition system #193: computing init and goal distances using unit-cost algorithm
Atomic transition system #194: computing init and goal distances using unit-cost algorithm
Atomic transition system #195: computing init and goal distances using unit-cost algorithm
Atomic transition system #196: computing init and goal distances using unit-cost algorithm
Atomic transition system #197: computing init and goal distances using unit-cost algorithm
Atomic transition system #198: computing init and goal distances using unit-cost algorithm
Atomic transition system #199: computing init and goal distances using unit-cost algorithm
Atomic transition system #200: computing init and goal distances using unit-cost algorithm
Atomic transition system #201: computing init and goal distances using unit-cost algorithm
Atomic transition system #202: computing init and goal distances using unit-cost algorithm
Atomic transition system #203: computing init and goal distances using unit-cost algorithm
Atomic transition system #204: computing init and goal distances using unit-cost algorithm
Atomic transition system #205: computing init and goal distances using unit-cost algorithm
Atomic transition system #206: computing init and goal distances using unit-cost algorithm
Atomic transition system #207: computing init and goal distances using unit-cost algorithm
Atomic transition system #208: computing init and goal distances using unit-cost algorithm
Atomic transition system #209: computing init and goal distances using unit-cost algorithm
Atomic transition system #210: computing init and goal distances using unit-cost algorithm
Atomic transition system #211: computing init and goal distances using unit-cost algorithm
Atomic transition system #212: computing init and goal distances using unit-cost algorithm
Atomic transition system #213: computing init and goal distances using unit-cost algorithm
Atomic transition system #214: computing init and goal distances using unit-cost algorithm
Atomic transition system #215: computing init and goal distances using unit-cost algorithm
Atomic transition system #216: computing init and goal distances using unit-cost algorithm
Atomic transition system #217: computing init and goal distances using unit-cost algorithm
Atomic transition system #218: computing init and goal distances using unit-cost algorithm
Atomic transition system #219: computing init and goal distances using unit-cost algorithm
Atomic transition system #220: computing init and goal distances using unit-cost algorithm
Atomic transition system #221: computing init and goal distances using unit-cost algorithm
Atomic transition system #222: computing init and goal distances using unit-cost algorithm
Atomic transition system #223: computing init and goal distances using unit-cost algorithm
Atomic transition system #224: computing init and goal distances using unit-cost algorithm
Atomic transition system #225: computing init and goal distances using unit-cost algorithm
Atomic transition system #226: computing init and goal distances using unit-cost algorithm
Atomic transition system #227: computing init and goal distances using unit-cost algorithm
Atomic transition system #228: computing init and goal distances using unit-cost algorithm
Atomic transition system #229: computing init and goal distances using unit-cost algorithm
Atomic transition system #230: computing init and goal distances using unit-cost algorithm
Atomic transition system #231: computing init and goal distances using unit-cost algorithm
Atomic transition system #232: computing init and goal distances using unit-cost algorithm
Atomic transition system #233: computing init and goal distances using unit-cost algorithm
Atomic transition system #234: computing init and goal distances using unit-cost algorithm
Atomic transition system #235: computing init and goal distances using unit-cost algorithm
Atomic transition system #236: computing init and goal distances using unit-cost algorithm
Atomic transition system #237: computing init and goal distances using unit-cost algorithm
Atomic transition system #238: computing init and goal distances using unit-cost algorithm
Atomic transition system #239: computing init and goal distances using unit-cost algorithm
Atomic transition system #240: computing init and goal distances using unit-cost algorithm
Atomic transition system #241: computing init and goal distances using unit-cost algorithm
Atomic transition system #242: computing init and goal distances using unit-cost algorithm
Atomic transition system #243: computing init and goal distances using unit-cost algorithm
Atomic transition system #244: computing init and goal distances using unit-cost algorithm
Atomic transition system #245: computing init and goal distances using unit-cost algorithm
Atomic transition system #246: computing init and goal distances using unit-cost algorithm
Atomic transition system #247: computing init and goal distances using unit-cost algorithm
Atomic transition system #248: computing init and goal distances using unit-cost algorithm
Atomic transition system #249: computing init and goal distances using unit-cost algorithm
Atomic transition system #250: computing init and goal distances using unit-cost algorithm
Atomic transition system #251: computing init and goal distances using unit-cost algorithm
Atomic transition system #252: computing init and goal distances using unit-cost algorithm
Atomic transition system #253: computing init and goal distances using unit-cost algorithm
Atomic transition system #254: computing init and goal distances using unit-cost algorithm
Atomic transition system #255: computing init and goal distances using unit-cost algorithm
Atomic transition system #256: computing init and goal distances using unit-cost algorithm
Atomic transition system #257: computing init and goal distances using unit-cost algorithm
Atomic transition system #258: computing init and goal distances using unit-cost algorithm
Atomic transition system #259: computing init and goal distances using unit-cost algorithm
Atomic transition system #260: computing init and goal distances using unit-cost algorithm
Atomic transition system #261: computing init and goal distances using unit-cost algorithm
Atomic transition system #262: computing init and goal distances using unit-cost algorithm
Atomic transition system #263: computing init and goal distances using unit-cost algorithm
Atomic transition system #264: computing init and goal distances using unit-cost algorithm
Atomic transition system #265: computing init and goal distances using unit-cost algorithm
Atomic transition system #266: computing init and goal distances using unit-cost algorithm
Atomic transition system #267: computing init and goal distances using unit-cost algorithm
Atomic transition system #268: computing init and goal distances using unit-cost algorithm
Atomic transition system #269: computing init and goal distances using unit-cost algorithm
Atomic transition system #270: computing init and goal distances using unit-cost algorithm
Atomic transition system #271: computing init and goal distances using unit-cost algorithm
Atomic transition system #272: computing init and goal distances using unit-cost algorithm
Atomic transition system #273: computing init and goal distances using unit-cost algorithm
Atomic transition system #274: computing init and goal distances using unit-cost algorithm
Atomic transition system #275: computing init and goal distances using unit-cost algorithm
Atomic transition system #276: computing init and goal distances using unit-cost algorithm
Atomic transition system #277: computing init and goal distances using unit-cost algorithm
Atomic transition system #278: computing init and goal distances using unit-cost algorithm
Atomic transition system #279: computing init and goal distances using unit-cost algorithm
Atomic transition system #280: computing init and goal distances using unit-cost algorithm
Atomic transition system #281: computing init and goal distances using unit-cost algorithm
Atomic transition system #282: computing init and goal distances using unit-cost algorithm
Atomic transition system #283: computing init and goal distances using unit-cost algorithm
Atomic transition system #284: computing init and goal distances using unit-cost algorithm
Atomic transition system #285: computing init and goal distances using unit-cost algorithm
Atomic transition system #286: computing init and goal distances using unit-cost algorithm
Atomic transition system #287: computing init and goal distances using unit-cost algorithm
Atomic transition system #288: computing init and goal distances using unit-cost algorithm
Atomic transition system #289: computing init and goal distances using unit-cost algorithm
Atomic transition system #290: computing init and goal distances using unit-cost algorithm
Atomic transition system #291: computing init and goal distances using unit-cost algorithm
Atomic transition system #292: computing init and goal distances using unit-cost algorithm
Atomic transition system #293: computing init and goal distances using unit-cost algorithm
Atomic transition system #294: computing init and goal distances using unit-cost algorithm
Atomic transition system #295: computing init and goal distances using unit-cost algorithm
Atomic transition system #296: computing init and goal distances using unit-cost algorithm
Atomic transition system #297: computing init and goal distances using unit-cost algorithm
Atomic transition system #298: computing init and goal distances using unit-cost algorithm
Atomic transition system #299: computing init and goal distances using unit-cost algorithm
Atomic transition system #300: computing init and goal distances using unit-cost algorithm
Atomic transition system #301: computing init and goal distances using unit-cost algorithm
Atomic transition system #302: computing init and goal distances using unit-cost algorithm
Atomic transition system #303: computing init and goal distances using unit-cost algorithm
Atomic transition system #304: computing init and goal distances using unit-cost algorithm
Atomic transition system #305: computing init and goal distances using unit-cost algorithm
Atomic transition system #306: computing init and goal distances using unit-cost algorithm
Atomic transition system #307: computing init and goal distances using unit-cost algorithm
Atomic transition system #308: computing init and goal distances using unit-cost algorithm
Atomic transition system #309: computing init and goal distances using unit-cost algorithm
Atomic transition system #310: computing init and goal distances using unit-cost algorithm
Atomic transition system #311: computing init and goal distances using unit-cost algorithm
Atomic transition system #312: computing init and goal distances using unit-cost algorithm
Atomic transition system #313: computing init and goal distances using unit-cost algorithm
Atomic transition system #314: computing init and goal distances using unit-cost algorithm
Atomic transition system #315: computing init and goal distances using unit-cost algorithm
Atomic transition system #316: computing init and goal distances using unit-cost algorithm
Atomic transition system #317: computing init and goal distances using unit-cost algorithm
Atomic transition system #318: computing init and goal distances using unit-cost algorithm
Atomic transition system #319: computing init and goal distances using unit-cost algorithm
Atomic transition system #320: computing init and goal distances using unit-cost algorithm
Atomic transition system #321: computing init and goal distances using unit-cost algorithm
Atomic transition system #322: computing init and goal distances using unit-cost algorithm
Atomic transition system #323: computing init and goal distances using unit-cost algorithm
Atomic transition system #324: computing init and goal distances using unit-cost algorithm
Atomic transition system #325: computing init and goal distances using unit-cost algorithm
Atomic transition system #326: computing init and goal distances using unit-cost algorithm
Atomic transition system #327: computing init and goal distances using unit-cost algorithm
Atomic transition system #328: computing init and goal distances using unit-cost algorithm
Atomic transition system #329: computing init and goal distances using unit-cost algorithm
Atomic transition system #330: computing init and goal distances using unit-cost algorithm
Atomic transition system #331: computing init and goal distances using unit-cost algorithm
Atomic transition system #332: computing init and goal distances using unit-cost algorithm
Atomic transition system #333: computing init and goal distances using unit-cost algorithm
Atomic transition system #334: computing init and goal distances using unit-cost algorithm
Atomic transition system #335: computing init and goal distances using unit-cost algorithm
Atomic transition system #336: computing init and goal distances using unit-cost algorithm
Atomic transition system #337: computing init and goal distances using unit-cost algorithm
Atomic transition system #338: computing init and goal distances using unit-cost algorithm
Atomic transition system #339: computing init and goal distances using unit-cost algorithm
Atomic transition system #340: computing init and goal distances using unit-cost algorithm
Atomic transition system #341: computing init and goal distances using unit-cost algorithm
Atomic transition system #342: computing init and goal distances using unit-cost algorithm
Atomic transition system #343: computing init and goal distances using unit-cost algorithm
Atomic transition system #344: computing init and goal distances using unit-cost algorithm
Atomic transition system #345: computing init and goal distances using unit-cost algorithm
Atomic transition system #346: computing init and goal distances using unit-cost algorithm
Atomic transition system #347: computing init and goal distances using unit-cost algorithm
Atomic transition system #348: computing init and goal distances using unit-cost algorithm
Atomic transition system #349: computing init and goal distances using unit-cost algorithm
Atomic transition system #350: computing init and goal distances using unit-cost algorithm
Atomic transition system #351: computing init and goal distances using unit-cost algorithm
Atomic transition system #352: computing init and goal distances using unit-cost algorithm
Atomic transition system #353: computing init and goal distances using unit-cost algorithm
Atomic transition system #354: computing init and goal distances using unit-cost algorithm
Atomic transition system #355: computing init and goal distances using unit-cost algorithm
Atomic transition system #356: computing init and goal distances using unit-cost algorithm
Atomic transition system #357: computing init and goal distances using unit-cost algorithm
Atomic transition system #358: computing init and goal distances using unit-cost algorithm
Atomic transition system #359: computing init and goal distances using unit-cost algorithm
Atomic transition system #360: computing init and goal distances using unit-cost algorithm
Atomic transition system #361: computing init and goal distances using unit-cost algorithm
Atomic transition system #362: computing init and goal distances using unit-cost algorithm
Atomic transition system #363: computing init and goal distances using unit-cost algorithm
Atomic transition system #364: computing init and goal distances using unit-cost algorithm
Atomic transition system #365: computing init and goal distances using unit-cost algorithm
Atomic transition system #366: computing init and goal distances using unit-cost algorithm
Atomic transition system #367: computing init and goal distances using unit-cost algorithm
Atomic transition system #368: computing init and goal distances using unit-cost algorithm
Atomic transition system #369: computing init and goal distances using unit-cost algorithm
Atomic transition system #370: computing init and goal distances using unit-cost algorithm
Atomic transition system #371: computing init and goal distances using unit-cost algorithm
Atomic transition system #372: computing init and goal distances using unit-cost algorithm
Atomic transition system #373: computing init and goal distances using unit-cost algorithm
Atomic transition system #374: computing init and goal distances using unit-cost algorithm
Atomic transition system #375: computing init and goal distances using unit-cost algorithm
Atomic transition system #376: computing init and goal distances using unit-cost algorithm
Atomic transition system #377: computing init and goal distances using unit-cost algorithm
Atomic transition system #378: computing init and goal distances using unit-cost algorithm
Atomic transition system #379: computing init and goal distances using unit-cost algorithm
Atomic transition system #380: computing init and goal distances using unit-cost algorithm
Atomic transition system #381: computing init and goal distances using unit-cost algorithm
Atomic transition system #382: computing init and goal distances using unit-cost algorithm
Atomic transition system #383: computing init and goal distances using unit-cost algorithm
Atomic transition system #384: computing init and goal distances using unit-cost algorithm
Atomic transition system #385: computing init and goal distances using unit-cost algorithm
Atomic transition system #386: computing init and goal distances using unit-cost algorithm
Atomic transition system #387: computing init and goal distances using unit-cost algorithm
Atomic transition system #388: computing init and goal distances using unit-cost algorithm
Atomic transition system #389: computing init and goal distances using unit-cost algorithm
Atomic transition system #390: computing init and goal distances using unit-cost algorithm
Atomic transition system #391: computing init and goal distances using unit-cost algorithm
Atomic transition system #392: computing init and goal distances using unit-cost algorithm
Atomic transition system #393: computing init and goal distances using unit-cost algorithm
Atomic transition system #394: computing init and goal distances using unit-cost algorithm
Atomic transition system #395: computing init and goal distances using unit-cost algorithm
Atomic transition system #396: computing init and goal distances using unit-cost algorithm
Atomic transition system #397: computing init and goal distances using unit-cost algorithm
Atomic transition system #398: computing init and goal distances using unit-cost algorithm
Atomic transition system #399: computing init and goal distances using unit-cost algorithm
Atomic transition system #400: computing init and goal distances using unit-cost algorithm
Atomic transition system #401: computing init and goal distances using unit-cost algorithm
Atomic transition system #402: computing init and goal distances using unit-cost algorithm
Atomic transition system #403: computing init and goal distances using unit-cost algorithm
Atomic transition system #404: computing init and goal distances using unit-cost algorithm
Atomic transition system #405: computing init and goal distances using unit-cost algorithm
Atomic transition system #406: computing init and goal distances using unit-cost algorithm
Atomic transition system #407: computing init and goal distances using unit-cost algorithm
Atomic transition system #408: computing init and goal distances using unit-cost algorithm
Atomic transition system #409: computing init and goal distances using unit-cost algorithm
Atomic transition system #410: computing init and goal distances using unit-cost algorithm
Atomic transition system #411: computing init and goal distances using unit-cost algorithm
Atomic transition system #412: computing init and goal distances using unit-cost algorithm
Atomic transition system #413: computing init and goal distances using unit-cost algorithm
Atomic transition system #414: computing init and goal distances using unit-cost algorithm
Atomic transition system #415: computing init and goal distances using unit-cost algorithm
Atomic transition system #416: computing init and goal distances using unit-cost algorithm
Atomic transition system #417: computing init and goal distances using unit-cost algorithm
Atomic transition system #418: computing init and goal distances using unit-cost algorithm
Atomic transition system #419: computing init and goal distances using unit-cost algorithm
Atomic transition system #420: computing init and goal distances using unit-cost algorithm
Atomic transition system #421: computing init and goal distances using unit-cost algorithm
Atomic transition system #422: computing init and goal distances using unit-cost algorithm
Atomic transition system #423: computing init and goal distances using unit-cost algorithm
Atomic transition system #424: computing init and goal distances using unit-cost algorithm
Atomic transition system #425: computing init and goal distances using unit-cost algorithm
Atomic transition system #426: computing init and goal distances using unit-cost algorithm
Atomic transition system #427: computing init and goal distances using unit-cost algorithm
Atomic transition system #428: computing init and goal distances using unit-cost algorithm
Atomic transition system #429: computing init and goal distances using unit-cost algorithm
Atomic transition system #430: computing init and goal distances using unit-cost algorithm
Atomic transition system #431: computing init and goal distances using unit-cost algorithm
Atomic transition system #432: computing init and goal distances using unit-cost algorithm
Atomic transition system #433: computing init and goal distances using unit-cost algorithm
Atomic transition system #434: computing init and goal distances using unit-cost algorithm
Atomic transition system #435: computing init and goal distances using unit-cost algorithm
Atomic transition system #436: computing init and goal distances using unit-cost algorithm
Atomic transition system #437: computing init and goal distances using unit-cost algorithm
Atomic transition system #438: computing init and goal distances using unit-cost algorithm
Atomic transition system #439: computing init and goal distances using unit-cost algorithm
Atomic transition system #440: computing init and goal distances using unit-cost algorithm
Atomic transition system #441: computing init and goal distances using unit-cost algorithm
Atomic transition system #442: computing init and goal distances using unit-cost algorithm
Atomic transition system #443: computing init and goal distances using unit-cost algorithm
Atomic transition system #444: computing init and goal distances using unit-cost algorithm
Atomic transition system #445: computing init and goal distances using unit-cost algorithm
Atomic transition system #446: computing init and goal distances using unit-cost algorithm
Atomic transition system #447: computing init and goal distances using unit-cost algorithm
Atomic transition system #448: computing init and goal distances using unit-cost algorithm
Atomic transition system #449: computing init and goal distances using unit-cost algorithm
Atomic transition system #450: computing init and goal distances using unit-cost algorithm
Atomic transition system #451: computing init and goal distances using unit-cost algorithm
Atomic transition system #452: computing init and goal distances using unit-cost algorithm
Atomic transition system #453: computing init and goal distances using unit-cost algorithm
Atomic transition system #454: computing init and goal distances using unit-cost algorithm
Atomic transition system #455: computing init and goal distances using unit-cost algorithm
Atomic transition system #456: computing init and goal distances using unit-cost algorithm
Atomic transition system #457: computing init and goal distances using unit-cost algorithm
Atomic transition system #458: computing init and goal distances using unit-cost algorithm
Atomic transition system #459: computing init and goal distances using unit-cost algorithm
Atomic transition system #460: computing init and goal distances using unit-cost algorithm
Atomic transition system #461: computing init and goal distances using unit-cost algorithm
Atomic transition system #462: computing init and goal distances using unit-cost algorithm
Atomic transition system #463: computing init and goal distances using unit-cost algorithm
Atomic transition system #464: computing init and goal distances using unit-cost algorithm
Atomic transition system #465: computing init and goal distances using unit-cost algorithm
Atomic transition system #466: computing init and goal distances using unit-cost algorithm
Atomic transition system #467: computing init and goal distances using unit-cost algorithm
Atomic transition system #468: computing init and goal distances using unit-cost algorithm
Atomic transition system #469: computing init and goal distances using unit-cost algorithm
Atomic transition system #470: computing init and goal distances using unit-cost algorithm
Atomic transition system #471: computing init and goal distances using unit-cost algorithm
Atomic transition system #472: computing init and goal distances using unit-cost algorithm
Atomic transition system #473: computing init and goal distances using unit-cost algorithm
Atomic transition system #474: computing init and goal distances using unit-cost algorithm
Atomic transition system #475: computing init and goal distances using unit-cost algorithm
Atomic transition system #476: computing init and goal distances using unit-cost algorithm
Atomic transition system #477: computing init and goal distances using unit-cost algorithm
Atomic transition system #478: computing init and goal distances using unit-cost algorithm
Atomic transition system #479: computing init and goal distances using unit-cost algorithm
done creating FTS 0.00391254
Atomic transition system #0: not applying abstraction (same number of states)
Atomic transition system #1: not applying abstraction (same number of states)
Atomic transition system #2: not applying abstraction (same number of states)
Atomic transition system #3: not applying abstraction (same number of states)
Atomic transition system #4: not applying abstraction (same number of states)
Atomic transition system #5: not applying abstraction (same number of states)
Atomic transition system #6: not applying abstraction (same number of states)
Atomic transition system #7: not applying abstraction (same number of states)
Atomic transition system #8: not applying abstraction (same number of states)
Atomic transition system #9: not applying abstraction (same number of states)
Atomic transition system #10: not applying abstraction (same number of states)
Atomic transition system #11: not applying abstraction (same number of states)
Atomic transition system #12: not applying abstraction (same number of states)
Atomic transition system #13: not applying abstraction (same number of states)
Atomic transition system #14: not applying abstraction (same number of states)
Atomic transition system #15: not applying abstraction (same number of states)
Atomic transition system #16: not applying abstraction (same number of states)
Atomic transition system #17: not applying abstraction (same number of states)
Atomic transition system #18: not applying abstraction (same number of states)
Atomic transition system #19: not applying abstraction (same number of states)
Atomic transition system #20: not applying abstraction (same number of states)
Atomic transition system #21: not applying abstraction (same number of states)
Atomic transition system #22: not applying abstraction (same number of states)
Atomic transition system #23: not applying abstraction (same number of states)
Atomic transition system #24: not applying abstraction (same number of states)
Atomic transition system #25: not applying abstraction (same number of states)
Atomic transition system #26: not applying abstraction (same number of states)
Atomic transition system #27: not applying abstraction (same number of states)
Atomic transition system #28: not applying abstraction (same number of states)
Atomic transition system #29: not applying abstraction (same number of states)
Atomic transition system #30: not applying abstraction (same number of states)
Atomic transition system #31: not applying abstraction (same number of states)
Atomic transition system #32: not applying abstraction (same number of states)
Atomic transition system #33: not applying abstraction (same number of states)
Atomic transition system #34: not applying abstraction (same number of states)
Atomic transition system #35: not applying abstraction (same number of states)
Atomic transition system #36: not applying abstraction (same number of states)
Atomic transition system #37: not applying abstraction (same number of states)
Atomic transition system #38: not applying abstraction (same number of states)
Atomic transition system #39: not applying abstraction (same number of states)
Atomic transition system #40: not applying abstraction (same number of states)
Atomic transition system #41: not applying abstraction (same number of states)
Atomic transition system #42: not applying abstraction (same number of states)
Atomic transition system #43: not applying abstraction (same number of states)
Atomic transition system #44: not applying abstraction (same number of states)
Atomic transition system #45: not applying abstraction (same number of states)
Atomic transition system #46: not applying abstraction (same number of states)
Atomic transition system #47: not applying abstraction (same number of states)
Atomic transition system #48: not applying abstraction (same number of states)
Atomic transition system #49: not applying abstraction (same number of states)
Atomic transition system #50: not applying abstraction (same number of states)
Atomic transition system #51: not applying abstraction (same number of states)
Atomic transition system #52: not applying abstraction (same number of states)
Atomic transition system #53: not applying abstraction (same number of states)
Atomic transition system #54: not applying abstraction (same number of states)
Atomic transition system #55: not applying abstraction (same number of states)
Atomic transition system #56: not applying abstraction (same number of states)
Atomic transition system #57: not applying abstraction (same number of states)
Atomic transition system #58: not applying abstraction (same number of states)
Atomic transition system #59: not applying abstraction (same number of states)
Atomic transition system #60: not applying abstraction (same number of states)
Atomic transition system #61: not applying abstraction (same number of states)
Atomic transition system #62: not applying abstraction (same number of states)
Atomic transition system #63: not applying abstraction (same number of states)
Atomic transition system #64: not applying abstraction (same number of states)
Atomic transition system #65: not applying abstraction (same number of states)
Atomic transition system #66: not applying abstraction (same number of states)
Atomic transition system #67: not applying abstraction (same number of states)
Atomic transition system #68: not applying abstraction (same number of states)
Atomic transition system #69: not applying abstraction (same number of states)
Atomic transition system #70: not applying abstraction (same number of states)
Atomic transition system #71: not applying abstraction (same number of states)
Atomic transition system #72: not applying abstraction (same number of states)
Atomic transition system #73: not applying abstraction (same number of states)
Atomic transition system #74: not applying abstraction (same number of states)
Atomic transition system #75: not applying abstraction (same number of states)
Atomic transition system #76: not applying abstraction (same number of states)
Atomic transition system #77: not applying abstraction (same number of states)
Atomic transition system #78: not applying abstraction (same number of states)
Atomic transition system #79: not applying abstraction (same number of states)
Atomic transition system #80: not applying abstraction (same number of states)
Atomic transition system #81: not applying abstraction (same number of states)
Atomic transition system #82: not applying abstraction (same number of states)
Atomic transition system #83: not applying abstraction (same number of states)
Atomic transition system #84: not applying abstraction (same number of states)
Atomic transition system #85: not applying abstraction (same number of states)
Atomic transition system #86: not applying abstraction (same number of states)
Atomic transition system #87: not applying abstraction (same number of states)
Atomic transition system #88: not applying abstraction (same number of states)
Atomic transition system #89: not applying abstraction (same number of states)
Atomic transition system #90: not applying abstraction (same number of states)
Atomic transition system #91: not applying abstraction (same number of states)
Atomic transition system #92: not applying abstraction (same number of states)
Atomic transition system #93: not applying abstraction (same number of states)
Atomic transition system #94: not applying abstraction (same number of states)
Atomic transition system #95: not applying abstraction (same number of states)
Atomic transition system #96: not applying abstraction (same number of states)
Atomic transition system #97: not applying abstraction (same number of states)
Atomic transition system #98: not applying abstraction (same number of states)
Atomic transition system #99: not applying abstraction (same number of states)
Atomic transition system #100: not applying abstraction (same number of states)
Atomic transition system #101: not applying abstraction (same number of states)
Atomic transition system #102: not applying abstraction (same number of states)
Atomic transition system #103: not applying abstraction (same number of states)
Atomic transition system #104: not applying abstraction (same number of states)
Atomic transition system #105: not applying abstraction (same number of states)
Atomic transition system #106: not applying abstraction (same number of states)
Atomic transition system #107: not applying abstraction (same number of states)
Atomic transition system #108: not applying abstraction (same number of states)
Atomic transition system #109: not applying abstraction (same number of states)
Atomic transition system #110: not applying abstraction (same number of states)
Atomic transition system #111: not applying abstraction (same number of states)
Atomic transition system #112: not applying abstraction (same number of states)
Atomic transition system #113: not applying abstraction (same number of states)
Atomic transition system #114: not applying abstraction (same number of states)
Atomic transition system #115: not applying abstraction (same number of states)
Atomic transition system #116: not applying abstraction (same number of states)
Atomic transition system #117: not applying abstraction (same number of states)
Atomic transition system #118: not applying abstraction (same number of states)
Atomic transition system #119: not applying abstraction (same number of states)
Atomic transition system #120: not applying abstraction (same number of states)
Atomic transition system #121: not applying abstraction (same number of states)
Atomic transition system #122: not applying abstraction (same number of states)
Atomic transition system #123: not applying abstraction (same number of states)
Atomic transition system #124: not applying abstraction (same number of states)
Atomic transition system #125: not applying abstraction (same number of states)
Atomic transition system #126: not applying abstraction (same number of states)
Atomic transition system #127: not applying abstraction (same number of states)
Atomic transition system #128: not applying abstraction (same number of states)
Atomic transition system #129: not applying abstraction (same number of states)
Atomic transition system #130: not applying abstraction (same number of states)
Atomic transition system #131: not applying abstraction (same number of states)
Atomic transition system #132: not applying abstraction (same number of states)
Atomic transition system #133: not applying abstraction (same number of states)
Atomic transition system #134: not applying abstraction (same number of states)
Atomic transition system #135: not applying abstraction (same number of states)
Atomic transition system #136: not applying abstraction (same number of states)
Atomic transition system #137: not applying abstraction (same number of states)
Atomic transition system #138: not applying abstraction (same number of states)
Atomic transition system #139: not applying abstraction (same number of states)
Atomic transition system #140: not applying abstraction (same number of states)
Atomic transition system #141: not applying abstraction (same number of states)
Atomic transition system #142: not applying abstraction (same number of states)
Atomic transition system #143: not applying abstraction (same number of states)
Atomic transition system #144: not applying abstraction (same number of states)
Atomic transition system #145: not applying abstraction (same number of states)
Atomic transition system #146: not applying abstraction (same number of states)
Atomic transition system #147: not applying abstraction (same number of states)
Atomic transition system #148: not applying abstraction (same number of states)
Atomic transition system #149: not applying abstraction (same number of states)
Atomic transition system #150: not applying abstraction (same number of states)
Atomic transition system #151: not applying abstraction (same number of states)
Atomic transition system #152: not applying abstraction (same number of states)
Atomic transition system #153: not applying abstraction (same number of states)
Atomic transition system #154: not applying abstraction (same number of states)
Atomic transition system #155: not applying abstraction (same number of states)
Atomic transition system #156: not applying abstraction (same number of states)
Atomic transition system #157: not applying abstraction (same number of states)
Atomic transition system #158: not applying abstraction (same number of states)
Atomic transition system #159: not applying abstraction (same number of states)
Atomic transition system #160: not applying abstraction (same number of states)
Atomic transition system #161: not applying abstraction (same number of states)
Atomic transition system #162: not applying abstraction (same number of states)
Atomic transition system #163: not applying abstraction (same number of states)
Atomic transition system #164: not applying abstraction (same number of states)
Atomic transition system #165: not applying abstraction (same number of states)
Atomic transition system #166: not applying abstraction (same number of states)
Atomic transition system #167: not applying abstraction (same number of states)
Atomic transition system #168: not applying abstraction (same number of states)
Atomic transition system #169: not applying abstraction (same number of states)
Atomic transition system #170: not applying abstraction (same number of states)
Atomic transition system #171: not applying abstraction (same number of states)
Atomic transition system #172: not applying abstraction (same number of states)
Atomic transition system #173: not applying abstraction (same number of states)
Atomic transition system #174: not applying abstraction (same number of states)
Atomic transition system #175: not applying abstraction (same number of states)
Atomic transition system #176: not applying abstraction (same number of states)
Atomic transition system #177: not applying abstraction (same number of states)
Atomic transition system #178: not applying abstraction (same number of states)
Atomic transition system #179: not applying abstraction (same number of states)
Atomic transition system #180: not applying abstraction (same number of states)
Atomic transition system #181: not applying abstraction (same number of states)
Atomic transition system #182: not applying abstraction (same number of states)
Atomic transition system #183: not applying abstraction (same number of states)
Atomic transition system #184: not applying abstraction (same number of states)
Atomic transition system #185: not applying abstraction (same number of states)
Atomic transition system #186: not applying abstraction (same number of states)
Atomic transition system #187: not applying abstraction (same number of states)
Atomic transition system #188: not applying abstraction (same number of states)
Atomic transition system #189: not applying abstraction (same number of states)
Atomic transition system #190: not applying abstraction (same number of states)
Atomic transition system #191: not applying abstraction (same number of states)
Atomic transition system #192: not applying abstraction (same number of states)
Atomic transition system #193: not applying abstraction (same number of states)
Atomic transition system #194: not applying abstraction (same number of states)
Atomic transition system #195: not applying abstraction (same number of states)
Atomic transition system #196: not applying abstraction (same number of states)
Atomic transition system #197: not applying abstraction (same number of states)
Atomic transition system #198: not applying abstraction (same number of states)
Atomic transition system #199: not applying abstraction (same number of states)
Atomic transition system #200: not applying abstraction (same number of states)
Atomic transition system #201: not applying abstraction (same number of states)
Atomic transition system #202: not applying abstraction (same number of states)
Atomic transition system #203: not applying abstraction (same number of states)
Atomic transition system #204: not applying abstraction (same number of states)
Atomic transition system #205: not applying abstraction (same number of states)
Atomic transition system #206: not applying abstraction (same number of states)
Atomic transition system #207: not applying abstraction (same number of states)
Atomic transition system #208: not applying abstraction (same number of states)
Atomic transition system #209: not applying abstraction (same number of states)
Atomic transition system #210: not applying abstraction (same number of states)
Atomic transition system #211: not applying abstraction (same number of states)
Atomic transition system #212: not applying abstraction (same number of states)
Atomic transition system #213: not applying abstraction (same number of states)
Atomic transition system #214: not applying abstraction (same number of states)
Atomic transition system #215: not applying abstraction (same number of states)
Atomic transition system #216: not applying abstraction (same number of states)
Atomic transition system #217: not applying abstraction (same number of states)
Atomic transition system #218: not applying abstraction (same number of states)
Atomic transition system #219: not applying abstraction (same number of states)
Atomic transition system #220: not applying abstraction (same number of states)
Atomic transition system #221: not applying abstraction (same number of states)
Atomic transition system #222: not applying abstraction (same number of states)
Atomic transition system #223: not applying abstraction (same number of states)
Atomic transition system #224: not applying abstraction (same number of states)
Atomic transition system #225: not applying abstraction (same number of states)
Atomic transition system #226: not applying abstraction (same number of states)
Atomic transition system #227: not applying abstraction (same number of states)
Atomic transition system #228: not applying abstraction (same number of states)
Atomic transition system #229: not applying abstraction (same number of states)
Atomic transition system #230: not applying abstraction (same number of states)
Atomic transition system #231: not applying abstraction (same number of states)
Atomic transition system #232: not applying abstraction (same number of states)
Atomic transition system #233: not applying abstraction (same number of states)
Atomic transition system #234: not applying abstraction (same number of states)
Atomic transition system #235: not applying abstraction (same number of states)
Atomic transition system #236: not applying abstraction (same number of states)
Atomic transition system #237: not applying abstraction (same number of states)
Atomic transition system #238: not applying abstraction (same number of states)
Atomic transition system #239: not applying abstraction (same number of states)
Atomic transition system #240: not applying abstraction (same number of states)
Atomic transition system #241: not applying abstraction (same number of states)
Atomic transition system #242: not applying abstraction (same number of states)
Atomic transition system #243: not applying abstraction (same number of states)
Atomic transition system #244: not applying abstraction (same number of states)
Atomic transition system #245: not applying abstraction (same number of states)
Atomic transition system #246: not applying abstraction (same number of states)
Atomic transition system #247: not applying abstraction (same number of states)
Atomic transition system #248: not applying abstraction (same number of states)
Atomic transition system #249: not applying abstraction (same number of states)
Atomic transition system #250: not applying abstraction (same number of states)
Atomic transition system #251: not applying abstraction (same number of states)
Atomic transition system #252: not applying abstraction (same number of states)
Atomic transition system #253: not applying abstraction (same number of states)
Atomic transition system #254: not applying abstraction (same number of states)
Atomic transition system #255: not applying abstraction (same number of states)
Atomic transition system #256: not applying abstraction (same number of states)
Atomic transition system #257: not applying abstraction (same number of states)
Atomic transition system #258: not applying abstraction (same number of states)
Atomic transition system #259: not applying abstraction (same number of states)
Atomic transition system #260: not applying abstraction (same number of states)
Atomic transition system #261: not applying abstraction (same number of states)
Atomic transition system #262: not applying abstraction (same number of states)
Atomic transition system #263: not applying abstraction (same number of states)
Atomic transition system #264: not applying abstraction (same number of states)
Atomic transition system #265: not applying abstraction (same number of states)
Atomic transition system #266: not applying abstraction (same number of states)
Atomic transition system #267: not applying abstraction (same number of states)
Atomic transition system #268: not applying abstraction (same number of states)
Atomic transition system #269: not applying abstraction (same number of states)
Atomic transition system #270: not applying abstraction (same number of states)
Atomic transition system #271: not applying abstraction (same number of states)
Atomic transition system #272: not applying abstraction (same number of states)
Atomic transition system #273: not applying abstraction (same number of states)
Atomic transition system #274: not applying abstraction (same number of states)
Atomic transition system #275: not applying abstraction (same number of states)
Atomic transition system #276: not applying abstraction (same number of states)
Atomic transition system #277: not applying abstraction (same number of states)
Atomic transition system #278: not applying abstraction (same number of states)
Atomic transition system #279: not applying abstraction (same number of states)
Atomic transition system #280: not applying abstraction (same number of states)
Atomic transition system #281: not applying abstraction (same number of states)
Atomic transition system #282: not applying abstraction (same number of states)
Atomic transition system #283: not applying abstraction (same number of states)
Atomic transition system #284: not applying abstraction (same number of states)
Atomic transition system #285: not applying abstraction (same number of states)
Atomic transition system #286: not applying abstraction (same number of states)
Atomic transition system #287: not applying abstraction (same number of states)
Atomic transition system #288: not applying abstraction (same number of states)
Atomic transition system #289: not applying abstraction (same number of states)
Atomic transition system #290: not applying abstraction (same number of states)
Atomic transition system #291: not applying abstraction (same number of states)
Atomic transition system #292: not applying abstraction (same number of states)
Atomic transition system #293: not applying abstraction (same number of states)
Atomic transition system #294: not applying abstraction (same number of states)
Atomic transition system #295: not applying abstraction (same number of states)
Atomic transition system #296: not applying abstraction (same number of states)
Atomic transition system #297: not applying abstraction (same number of states)
Atomic transition system #298: not applying abstraction (same number of states)
Atomic transition system #299: not applying abstraction (same number of states)
Atomic transition system #300: not applying abstraction (same number of states)
Atomic transition system #301: not applying abstraction (same number of states)
Atomic transition system #302: not applying abstraction (same number of states)
Atomic transition system #303: not applying abstraction (same number of states)
Atomic transition system #304: not applying abstraction (same number of states)
Atomic transition system #305: not applying abstraction (same number of states)
Atomic transition system #306: not applying abstraction (same number of states)
Atomic transition system #307: not applying abstraction (same number of states)
Atomic transition system #308: not applying abstraction (same number of states)
Atomic transition system #309: not applying abstraction (same number of states)
Atomic transition system #310: not applying abstraction (same number of states)
Atomic transition system #311: not applying abstraction (same number of states)
Atomic transition system #312: not applying abstraction (same number of states)
Atomic transition system #313: not applying abstraction (same number of states)
Atomic transition system #314: not applying abstraction (same number of states)
Atomic transition system #315: not applying abstraction (same number of states)
Atomic transition system #316: not applying abstraction (same number of states)
Atomic transition system #317: not applying abstraction (same number of states)
Atomic transition system #318: not applying abstraction (same number of states)
Atomic transition system #319: not applying abstraction (same number of states)
Atomic transition system #320: not applying abstraction (same number of states)
Atomic transition system #321: not applying abstraction (same number of states)
Atomic transition system #322: not applying abstraction (same number of states)
Atomic transition system #323: not applying abstraction (same number of states)
Atomic transition system #324: not applying abstraction (same number of states)
Atomic transition system #325: not applying abstraction (same number of states)
Atomic transition system #326: not applying abstraction (same number of states)
Atomic transition system #327: not applying abstraction (same number of states)
Atomic transition system #328: not applying abstraction (same number of states)
Atomic transition system #329: not applying abstraction (same number of states)
Atomic transition system #330: not applying abstraction (same number of states)
Atomic transition system #331: not applying abstraction (same number of states)
Atomic transition system #332: not applying abstraction (same number of states)
Atomic transition system #333: not applying abstraction (same number of states)
Atomic transition system #334: not applying abstraction (same number of states)
Atomic transition system #335: not applying abstraction (same number of states)
Atomic transition system #336: not applying abstraction (same number of states)
Atomic transition system #337: not applying abstraction (same number of states)
Atomic transition system #338: not applying abstraction (same number of states)
Atomic transition system #339: not applying abstraction (same number of states)
Atomic transition system #340: not applying abstraction (same number of states)
Atomic transition system #341: not applying abstraction (same number of states)
Atomic transition system #342: not applying abstraction (same number of states)
Atomic transition system #343: not applying abstraction (same number of states)
Atomic transition system #344: not applying abstraction (same number of states)
Atomic transition system #345: not applying abstraction (same number of states)
Atomic transition system #346: not applying abstraction (same number of states)
Atomic transition system #347: not applying abstraction (same number of states)
Atomic transition system #348: not applying abstraction (same number of states)
Atomic transition system #349: not applying abstraction (same number of states)
Atomic transition system #350: not applying abstraction (same number of states)
Atomic transition system #351: not applying abstraction (same number of states)
Atomic transition system #352: not applying abstraction (same number of states)
Atomic transition system #353: not applying abstraction (same number of states)
Atomic transition system #354: not applying abstraction (same number of states)
Atomic transition system #355: not applying abstraction (same number of states)
Atomic transition system #356: not applying abstraction (same number of states)
Atomic transition system #357: not applying abstraction (same number of states)
Atomic transition system #358: not applying abstraction (same number of states)
Atomic transition system #359: not applying abstraction (same number of states)
Atomic transition system #360: not applying abstraction (same number of states)
Atomic transition system #361: not applying abstraction (same number of states)
Atomic transition system #362: not applying abstraction (same number of states)
Atomic transition system #363: not applying abstraction (same number of states)
Atomic transition system #364: not applying abstraction (same number of states)
Atomic transition system #365: not applying abstraction (same number of states)
Atomic transition system #366: not applying abstraction (same number of states)
Atomic transition system #367: not applying abstraction (same number of states)
Atomic transition system #368: not applying abstraction (same number of states)
Atomic transition system #369: not applying abstraction (same number of states)
Atomic transition system #370: not applying abstraction (same number of states)
Atomic transition system #371: not applying abstraction (same number of states)
Atomic transition system #372: not applying abstraction (same number of states)
Atomic transition system #373: not applying abstraction (same number of states)
Atomic transition system #374: not applying abstraction (same number of states)
Atomic transition system #375: not applying abstraction (same number of states)
Atomic transition system #376: not applying abstraction (same number of states)
Atomic transition system #377: not applying abstraction (same number of states)
Atomic transition system #378: not applying abstraction (same number of states)
Atomic transition system #379: not applying abstraction (same number of states)
Atomic transition system #380: not applying abstraction (same number of states)
Atomic transition system #381: not applying abstraction (same number of states)
Atomic transition system #382: not applying abstraction (same number of states)
Atomic transition system #383: not applying abstraction (same number of states)
Atomic transition system #384: not applying abstraction (same number of states)
Atomic transition system #385: not applying abstraction (same number of states)
Atomic transition system #386: not applying abstraction (same number of states)
Atomic transition system #387: not applying abstraction (same number of states)
Atomic transition system #388: not applying abstraction (same number of states)
Atomic transition system #389: not applying abstraction (same number of states)
Atomic transition system #390: not applying abstraction (same number of states)
Atomic transition system #391: not applying abstraction (same number of states)
Atomic transition system #392: not applying abstraction (same number of states)
Atomic transition system #393: not applying abstraction (same number of states)
Atomic transition system #394: not applying abstraction (same number of states)
Atomic transition system #395: not applying abstraction (same number of states)
Atomic transition system #396: not applying abstraction (same number of states)
Atomic transition system #397: not applying abstraction (same number of states)
Atomic transition system #398: not applying abstraction (same number of states)
Atomic transition system #399: not applying abstraction (same number of states)
Atomic transition system #400: not applying abstraction (same number of states)
Atomic transition system #401: not applying abstraction (same number of states)
Atomic transition system #402: not applying abstraction (same number of states)
Atomic transition system #403: not applying abstraction (same number of states)
Atomic transition system #404: not applying abstraction (same number of states)
Atomic transition system #405: not applying abstraction (same number of states)
Atomic transition system #406: not applying abstraction (same number of states)
Atomic transition system #407: not applying abstraction (same number of states)
Atomic transition system #408: not applying abstraction (same number of states)
Atomic transition system #409: not applying abstraction (same number of states)
Atomic transition system #410: not applying abstraction (same number of states)
Atomic transition system #411: not applying abstraction (same number of states)
Atomic transition system #412: not applying abstraction (same number of states)
Atomic transition system #413: not applying abstraction (same number of states)
Atomic transition system #414: not applying abstraction (same number of states)
Atomic transition system #415: not applying abstraction (same number of states)
Atomic transition system #416: not applying abstraction (same number of states)
Atomic transition system #417: not applying abstraction (same number of states)
Atomic transition system #418: not applying abstraction (same number of states)
Atomic transition system #419: not applying abstraction (same number of states)
Atomic transition system #420: not applying abstraction (same number of states)
Atomic transition system #421: not applying abstraction (same number of states)
Atomic transition system #422: not applying abstraction (same number of states)
Atomic transition system #423: not applying abstraction (same number of states)
Atomic transition system #424: not applying abstraction (same number of states)
Atomic transition system #425: not applying abstraction (same number of states)
Atomic transition system #426: not applying abstraction (same number of states)
Atomic transition system #427: not applying abstraction (same number of states)
Atomic transition system #428: not applying abstraction (same number of states)
Atomic transition system #429: not applying abstraction (same number of states)
Atomic transition system #430: not applying abstraction (same number of states)
Atomic transition system #431: not applying abstraction (same number of states)
Atomic transition system #432: not applying abstraction (same number of states)
Atomic transition system #433: not applying abstraction (same number of states)
Atomic transition system #434: not applying abstraction (same number of states)
Atomic transition system #435: not applying abstraction (same number of states)
Atomic transition system #436: not applying abstraction (same number of states)
Atomic transition system #437: not applying abstraction (same number of states)
Atomic transition system #438: not applying abstraction (same number of states)
Atomic transition system #439: not applying abstraction (same number of states)
Atomic transition system #440: not applying abstraction (same number of states)
Atomic transition system #441: not applying abstraction (same number of states)
Atomic transition system #442: not applying abstraction (same number of states)
Atomic transition system #443: not applying abstraction (same number of states)
Atomic transition system #444: not applying abstraction (same number of states)
Atomic transition system #445: not applying abstraction (same number of states)
Atomic transition system #446: not applying abstraction (same number of states)
Atomic transition system #447: not applying abstraction (same number of states)
Atomic transition system #448: not applying abstraction (same number of states)
Atomic transition system #449: not applying abstraction (same number of states)
Atomic transition system #450: not applying abstraction (same number of states)
Atomic transition system #451: not applying abstraction (same number of states)
Atomic transition system #452: not applying abstraction (same number of states)
Atomic transition system #453: not applying abstraction (same number of states)
Atomic transition system #454: not applying abstraction (same number of states)
Atomic transition system #455: not applying abstraction (same number of states)
Atomic transition system #456: not applying abstraction (same number of states)
Atomic transition system #457: not applying abstraction (same number of states)
Atomic transition system #458: not applying abstraction (same number of states)
Atomic transition system #459: not applying abstraction (same number of states)
Atomic transition system #460: not applying abstraction (same number of states)
Atomic transition system #461: not applying abstraction (same number of states)
Atomic transition system #462: not applying abstraction (same number of states)
Atomic transition system #463: not applying abstraction (same number of states)
Atomic transition system #464: not applying abstraction (same number of states)
Atomic transition system #465: not applying abstraction (same number of states)
Atomic transition system #466: not applying abstraction (same number of states)
Atomic transition system #467: not applying abstraction (same number of states)
Atomic transition system #468: not applying abstraction (same number of states)
Atomic transition system #469: not applying abstraction (same number of states)
Atomic transition system #470: not applying abstraction (same number of states)
Atomic transition system #471: not applying abstraction (same number of states)
Atomic transition system #472: not applying abstraction (same number of states)
Atomic transition system #473: not applying abstraction (same number of states)
Atomic transition system #474: not applying abstraction (same number of states)
Atomic transition system #475: not applying abstraction (same number of states)
Atomic transition system #476: not applying abstraction (same number of states)
Atomic transition system #477: not applying abstraction (same number of states)
Atomic transition system #478: not applying abstraction (same number of states)
Atomic transition system #479: not applying abstraction (same number of states)
t=0.00794493s (after computation of atomic transition systems)

building causal graph...done! [t=0.120107s]
done initializing transition system data 0
done building transitions 0
done creating transition systems 0
done creating mas representations 0
done creating distances 0
done creating FTS 0
Found a trivial variable partitioning, using fallback merge strategy
Next pair of indices: (0, 47)
Atomic transition system #0: 2 states, 6 arcs 
Atomic transition system #0: init h=0
Atomic transition system #47: 2 states, 6 arcs 
Atomic transition system #47: init h=1
t=3.29386s (after computation of next merge)
Label reduction: 12 labels, 6 after reduction
t=3.37007s (after label reduction)
Atomic transition system #0: current size: 2 (shrink threshold: 1)
Atomic transition system #0: applying abstraction (2 to 1 states)
Atomic transition system #0: simplification was not f-preserving!
Atomic transition system #0: computing init and goal distances using unit-cost algorithm
Atomic transition system #0: 1 states, 1 arcs 
Atomic transition system #0: init h=0
Atomic transition system #47: current size: 2 (shrink threshold: 1)
Atomic transition system #47: not applying abstraction (same number of states)
t=3.37007s (after shrinking)
Merging atomic transition system #0 and atomic transition system #47
Composite transition system with 2/480 vars: computing init and goal distances using unit-cost algorithm
Composite transition system with 2/480 vars: 2 states, 6 arcs 
Composite transition system with 2/480 vars: init h=1
Difference of init h values: 0
t=3.37007s (after merging)
Composite transition system with 2/480 vars: not applying abstraction (same number of states)
Current peak memory increase of merge-and-shrink computation: 78848 KB

Next pair of indices: (1, 480)
Atomic transition system #1: 2 states, 6 arcs 
Atomic transition system #1: init h=0
Composite transition system with 2/480 vars: 2 states, 6 arcs 
Composite transition system with 2/480 vars: init h=1
t=4.82608s (after computation of next merge)
Atomic transition system #1: current size: 2 (shrink threshold: 1)
Atomic transition system #1: applying abstraction (2 to 1 states)
Atomic transition system #1: simplification was not f-preserving!
Atomic transition system #1: computing init and goal distances using unit-cost algorithm
Atomic transition system #1: 1 states, 1 arcs 
Atomic transition system #1: init h=0
Composite transition system with 2/480 vars: current size: 2 (shrink threshold: 1)
Composite transition system with 2/480 vars: not applying abstraction (same number of states)
t=4.9016s (after shrinking)
Merging atomic transition system #1 and composite transition system with 2/480 vars
Composite transition system with 3/480 vars: computing init and goal distances using unit-cost algorithm
Composite transition system with 3/480 vars: 2 states, 6 arcs 
Composite transition system with 3/480 vars: init h=1
Difference of init h values: 0
t=4.90163s (after merging)
Composite transition system with 3/480 vars: not applying abstraction (same number of states)
Current peak memory increase of merge-and-shrink computation: 78848 KB

Next pair of indices: (2, 481)
Atomic transition system #2: 2 states, 6 arcs 
Atomic transition system #2: init h=0
Composite transition system with 3/480 vars: 2 states, 6 arcs 
Composite transition system with 3/480 vars: init h=1
t=6.33603s (after computation of next merge)
Atomic transition system #2: current size: 2 (shrink threshold: 1)
Atomic transition system #2: applying abstraction (2 to 1 states)
Atomic transition system #2: simplification was not f-preserving!
Atomic transition system #2: computing init and goal distances using unit-cost algorithm
Atomic transition system #2: 1 states, 1 arcs 
Atomic transition system #2: init h=0
Composite transition system with 3/480 vars: current size: 2 (shrink threshold: 1)
Composite transition system with 3/480 vars: not applying abstraction (same number of states)
t=6.41338s (after shrinking)
Merging atomic transition system #2 and composite transition system with 3/480 vars
Composite transition system with 4/480 vars: computing init and goal distances using unit-cost algorithm
Composite transition system with 4/480 vars: 2 states, 6 arcs 
Composite transition system with 4/480 vars: init h=1
Difference of init h values: 0
t=6.41343s (after merging)
Composite transition system with 4/480 vars: not applying abstraction (same number of states)
Current peak memory increase of merge-and-shrink computation: 78848 KB

Next pair of indices: (5, 482)
Atomic transition system #5: 2 states, 6 arcs 
Atomic transition system #5: init h=0
Composite transition system with 4/480 vars: 2 states, 6 arcs 
Composite transition system with 4/480 vars: init h=1
t=7.85607s (after computation of next merge)
Atomic transition system #5: current size: 2 (shrink threshold: 1)
Atomic transition system #5: applying abstraction (2 to 1 states)
Atomic transition system #5: simplification was not f-preserving!
Atomic transition system #5: computing init and goal distances using unit-cost algorithm
Atomic transition system #5: 1 states, 1 arcs 
Atomic transition system #5: init h=0
Composite transition system with 4/480 vars: current size: 2 (shrink threshold: 1)
Composite transition system with 4/480 vars: not applying abstraction (same number of states)
t=7.92923s (after shrinking)
Merging atomic transition system #5 and composite transition system with 4/480 vars
Composite transition system with 5/480 vars: computing init and goal distances using unit-cost algorithm
Composite transition system with 5/480 vars: 2 states, 6 arcs 
Composite transition system with 5/480 vars: init h=1
Difference of init h values: 0
t=7.92927s (after merging)
Composite transition system with 5/480 vars: not applying abstraction (same number of states)
Current peak memory increase of merge-and-shrink computation: 78848 KB

Next pair of indices: (6, 483)
Atomic transition system #6: 2 states, 6 arcs 
Atomic transition system #6: init h=0
Composite transition system with 5/480 vars: 2 states, 6 arcs 
Composite transition system with 5/480 vars: init h=1
t=9.38658s (after computation of next merge)
Atomic transition system #6: current size: 2 (shrink threshold: 1)
Atomic transition system #6: applying abstraction (2 to 1 states)
Atomic transition system #6: simplification was not f-preserving!
Atomic transition system #6: computing init and goal distances using unit-cost algorithm
Atomic transition system #6: 1 states, 1 arcs 
Atomic transition system #6: init h=0
Composite transition system with 5/480 vars: current size: 2 (shrink threshold: 1)
Composite transition system with 5/480 vars: not applying abstraction (same number of states)
t=9.46277s (after shrinking)
Merging atomic transition system #6 and composite transition system with 5/480 vars
Composite transition system with 6/480 vars: computing init and goal distances using unit-cost algorithm
Composite transition system with 6/480 vars: 2 states, 6 arcs 
Composite transition system with 6/480 vars: init h=1
Difference of init h values: 0
t=9.4628s (after merging)
Composite transition system with 6/480 vars: not applying abstraction (same number of states)
Current peak memory increase of merge-and-shrink computation: 78848 KB

Next pair of indices: (7, 484)
Atomic transition system #7: 2 states, 6 arcs 
Atomic transition system #7: init h=0
Composite transition system with 6/480 vars: 2 states, 6 arcs 
Composite transition system with 6/480 vars: init h=1
t=10.8925s (after computation of next merge)
Atomic transition system #7: current size: 2 (shrink threshold: 1)
Atomic transition system #7: applying abstraction (2 to 1 states)
Atomic transition system #7: simplification was not f-preserving!
Atomic transition system #7: computing init and goal distances using unit-cost algorithm
Atomic transition system #7: 1 states, 1 arcs 
Atomic transition system #7: init h=0
Composite transition system with 6/480 vars: current size: 2 (shrink threshold: 1)
Composite transition system with 6/480 vars: not applying abstraction (same number of states)
t=10.9708s (after shrinking)
Merging atomic transition system #7 and composite transition system with 6/480 vars
Composite transition system with 7/480 vars: computing init and goal distances using unit-cost algorithm
Composite transition system with 7/480 vars: 2 states, 6 arcs 
Composite transition system with 7/480 vars: init h=1
Difference of init h values: 0
t=10.9708s (after merging)
Composite transition system with 7/480 vars: not applying abstraction (same number of states)
Current peak memory increase of merge-and-shrink computation: 78848 KB

Next pair of indices: (8, 485)
Atomic transition system #8: 2 states, 6 arcs 
Atomic transition system #8: init h=0
Composite transition system with 7/480 vars: 2 states, 6 arcs 
Composite transition system with 7/480 vars: init h=1
t=12.3879s (after computation of next merge)
Atomic transition system #8: current size: 2 (shrink threshold: 1)
Atomic transition system #8: applying abstraction (2 to 1 states)
Atomic transition system #8: simplification was not f-preserving!
Atomic transition system #8: computing init and goal distances using unit-cost algorithm
Atomic transition system #8: 1 states, 1 arcs 
Atomic transition system #8: init h=0
Composite transition system with 7/480 vars: current size: 2 (shrink threshold: 1)
Composite transition system with 7/480 vars: not applying abstraction (same number of states)
t=12.4647s (after shrinking)
Merging atomic transition system #8 and composite transition system with 7/480 vars
Composite transition system with 8/480 vars: computing init and goal distances using unit-cost algorithm
Composite transition system with 8/480 vars: 2 states, 6 arcs 
Composite transition system with 8/480 vars: init h=1
Difference of init h values: 0
t=12.4647s (after merging)
Composite transition system with 8/480 vars: not applying abstraction (same number of states)
Current peak memory increase of merge-and-shrink computation: 78848 KB

Next pair of indices: (9, 486)
Atomic transition system #9: 2 states, 6 arcs 
Atomic transition system #9: init h=0
Composite transition system with 8/480 vars: 2 states, 6 arcs 
Composite transition system with 8/480 vars: init h=1
t=13.8946s (after computation of next merge)
Atomic transition system #9: current size: 2 (shrink threshold: 1)
Atomic transition system #9: applying abstraction (2 to 1 states)
Atomic transition system #9: simplification was not f-preserving!
Atomic transition system #9: computing init and goal distances using unit-cost algorithm
Atomic transition system #9: 1 states, 1 arcs 
Atomic transition system #9: init h=0
Composite transition system with 8/480 vars: current size: 2 (shrink threshold: 1)
Composite transition system with 8/480 vars: not applying abstraction (same number of states)
t=13.9709s (after shrinking)
Merging atomic transition system #9 and composite transition system with 8/480 vars
Composite transition system with 9/480 vars: computing init and goal distances using unit-cost algorithm
Composite transition system with 9/480 vars: 2 states, 6 arcs 
Composite transition system with 9/480 vars: init h=1
Difference of init h values: 0
t=13.9709s (after merging)
Composite transition system with 9/480 vars: not applying abstraction (same number of states)
Current peak memory increase of merge-and-shrink computation: 78848 KB

Next pair of indices: (10, 487)
Atomic transition system #10: 2 states, 6 arcs 
Atomic transition system #10: init h=0
Composite transition system with 9/480 vars: 2 states, 6 arcs 
Composite transition system with 9/480 vars: init h=1
t=15.3942s (after computation of next merge)
Atomic transition system #10: current size: 2 (shrink threshold: 1)
Atomic transition system #10: applying abstraction (2 to 1 states)
Atomic transition system #10: simplification was not f-preserving!
Atomic transition system #10: computing init and goal distances using unit-cost algorithm
Atomic transition system #10: 1 states, 1 arcs 
Atomic transition system #10: init h=0
Composite transition system with 9/480 vars: current size: 2 (shrink threshold: 1)
Composite transition system with 9/480 vars: not applying abstraction (same number of states)
t=15.4711s (after shrinking)
Merging atomic transition system #10 and composite transition system with 9/480 vars
Composite transition system with 10/480 vars: computing init and goal distances using unit-cost algorithm
Composite transition system with 10/480 vars: 2 states, 6 arcs 
Composite transition system with 10/480 vars: init h=1
Difference of init h values: 0
t=15.4711s (after merging)
Composite transition system with 10/480 vars: not applying abstraction (same number of states)
Current peak memory increase of merge-and-shrink computation: 78848 KB

Next pair of indices: (11, 488)
Atomic transition system #11: 2 states, 6 arcs 
Atomic transition system #11: init h=0
Composite transition system with 10/480 vars: 2 states, 6 arcs 
Composite transition system with 10/480 vars: init h=1
t=16.8935s (after computation of next merge)
Atomic transition system #11: current size: 2 (shrink threshold: 1)
Atomic transition system #11: applying abstraction (2 to 1 states)
Atomic transition system #11: simplification was not f-preserving!
Atomic transition system #11: computing init and goal distances using unit-cost algorithm
Atomic transition system #11: 1 states, 1 arcs 
Atomic transition system #11: init h=0
Composite transition system with 10/480 vars: current size: 2 (shrink threshold: 1)
Composite transition system with 10/480 vars: not applying abstraction (same number of states)
t=16.9696s (after shrinking)
Merging atomic transition system #11 and composite transition system with 10/480 vars
Composite transition system with 11/480 vars: computing init and goal distances using unit-cost algorithm
Composite transition system with 11/480 vars: 2 states, 6 arcs 
Composite transition system with 11/480 vars: init h=1
Difference of init h values: 0
t=16.9696s (after merging)
Composite transition system with 11/480 vars: not applying abstraction (same number of states)
Current peak memory increase of merge-and-shrink computation: 78848 KB

Next pair of indices: (13, 489)
Atomic transition system #13: 2 states, 6 arcs 
Atomic transition system #13: init h=0
Composite transition system with 11/480 vars: 2 states, 6 arcs 
Composite transition system with 11/480 vars: init h=1
t=18.4048s (after computation of next merge)
Atomic transition system #13: current size: 2 (shrink threshold: 1)
Atomic transition system #13: applying abstraction (2 to 1 states)
Atomic transition system #13: simplification was not f-preserving!
Atomic transition system #13: computing init and goal distances using unit-cost algorithm
Atomic transition system #13: 1 states, 1 arcs 
Atomic transition system #13: init h=0
Composite transition system with 11/480 vars: current size: 2 (shrink threshold: 1)
Composite transition system with 11/480 vars: not applying abstraction (same number of states)
t=18.4797s (after shrinking)
Merging atomic transition system #13 and composite transition system with 11/480 vars
Composite transition system with 12/480 vars: computing init and goal distances using unit-cost algorithm
Composite transition system with 12/480 vars: 2 states, 6 arcs 
Composite transition system with 12/480 vars: init h=1
Difference of init h values: 0
t=18.4798s (after merging)
Composite transition system with 12/480 vars: not applying abstraction (same number of states)
Current peak memory increase of merge-and-shrink computation: 78848 KB

Next pair of indices: (14, 490)
Atomic transition system #14: 2 states, 6 arcs 
Atomic transition system #14: init h=0
Composite transition system with 12/480 vars: 2 states, 6 arcs 
Composite transition system with 12/480 vars: init h=1
t=19.9106s (after computation of next merge)
Atomic transition system #14: current size: 2 (shrink threshold: 1)
Atomic transition system #14: applying abstraction (2 to 1 states)
Atomic transition system #14: simplification was not f-preserving!
Atomic transition system #14: computing init and goal distances using unit-cost algorithm
Atomic transition system #14: 1 states, 1 arcs 
Atomic transition system #14: init h=0
Composite transition system with 12/480 vars: current size: 2 (shrink threshold: 1)
Composite transition system with 12/480 vars: not applying abstraction (same number of states)
t=19.9858s (after shrinking)
Merging atomic transition system #14 and composite transition system with 12/480 vars
Composite transition system with 13/480 vars: computing init and goal distances using unit-cost algorithm
Composite transition system with 13/480 vars: 2 states, 6 arcs 
Composite transition system with 13/480 vars: init h=1
Difference of init h values: 0
t=19.9858s (after merging)
Composite transition system with 13/480 vars: not applying abstraction (same number of states)
Current peak memory increase of merge-and-shrink computation: 78848 KB

Next pair of indices: (15, 491)
Atomic transition system #15: 2 states, 6 arcs 
Atomic transition system #15: init h=0
Composite transition system with 13/480 vars: 2 states, 6 arcs 
Composite transition system with 13/480 vars: init h=1
t=21.3954s (after computation of next merge)
Atomic transition system #15: current size: 2 (shrink threshold: 1)
Atomic transition system #15: applying abstraction (2 to 1 states)
Atomic transition system #15: simplification was not f-preserving!
Atomic transition system #15: computing init and goal distances using unit-cost algorithm
Atomic transition system #15: 1 states, 1 arcs 
Atomic transition system #15: init h=0
Composite transition system with 13/480 vars: current size: 2 (shrink threshold: 1)
Composite transition system with 13/480 vars: not applying abstraction (same number of states)
t=21.4648s (after shrinking)
Merging atomic transition system #15 and composite transition system with 13/480 vars
Composite transition system with 14/480 vars: computing init and goal distances using unit-cost algorithm
Composite transition system with 14/480 vars: 2 states, 6 arcs 
Composite transition system with 14/480 vars: init h=1
Difference of init h values: 0
t=21.4648s (after merging)
Composite transition system with 14/480 vars: not applying abstraction (same number of states)
Current peak memory increase of merge-and-shrink computation: 78848 KB

Next pair of indices: (23, 492)
Atomic transition system #23: 2 states, 6 arcs 
Atomic transition system #23: init h=1
Composite transition system with 14/480 vars: 2 states, 6 arcs 
Composite transition system with 14/480 vars: init h=1
t=22.8817s (after computation of next merge)
Atomic transition system #23: current size: 2 (shrink threshold: 1)
Atomic transition system #23: not applying abstraction (same number of states)
Composite transition system with 14/480 vars: current size: 2 (shrink threshold: 1)
Composite transition system with 14/480 vars: not applying abstraction (same number of states)
Merging atomic transition system #23 and composite transition system with 14/480 vars
Composite transition system with 15/480 vars: computing init and goal distances using unit-cost algorithm
Composite transition system with 15/480 vars: 4 states, 36 arcs 
Composite transition system with 15/480 vars: init h=1
Difference of init h values: 0
t=22.9584s (after merging)
Composite transition system with 15/480 vars: not applying abstraction (same number of states)
Current peak memory increase of merge-and-shrink computation: 78848 KB

Next pair of indices: (4, 493)
Atomic transition system #4: 2 states, 6 arcs 
Atomic transition system #4: init h=0
Composite transition system with 15/480 vars: 4 states, 36 arcs 
Composite transition system with 15/480 vars: init h=1
t=24.3297s (after computation of next merge)
Atomic transition system #4: current size: 2 (shrink threshold: 1)
Atomic transition system #4: applying abstraction (2 to 1 states)
Atomic transition system #4: simplification was not f-preserving!
Atomic transition system #4: computing init and goal distances using unit-cost algorithm
Atomic transition system #4: 1 states, 1 arcs 
Atomic transition system #4: init h=0
Composite transition system with 15/480 vars: current size: 4 (shrink threshold: 1)
Composite transition system with 15/480 vars: not applying abstraction (same number of states)
t=24.4025s (after shrinking)
Merging atomic transition system #4 and composite transition system with 15/480 vars
Composite transition system with 16/480 vars: computing init and goal distances using unit-cost algorithm
Composite transition system with 16/480 vars: 4 states, 36 arcs 
Composite transition system with 16/480 vars: init h=1
Difference of init h values: 0
t=24.4025s (after merging)
Composite transition system with 16/480 vars: not applying abstraction (same number of states)
Current peak memory increase of merge-and-shrink computation: 78848 KB

Next pair of indices: (16, 494)
Atomic transition system #16: 2 states, 6 arcs 
Atomic transition system #16: init h=0
Composite transition system with 16/480 vars: 4 states, 36 arcs 
Composite transition system with 16/480 vars: init h=1
t=25.7803s (after computation of next merge)
Atomic transition system #16: current size: 2 (shrink threshold: 1)
Atomic transition system #16: applying abstraction (2 to 1 states)
Atomic transition system #16: simplification was not f-preserving!
Atomic transition system #16: computing init and goal distances using unit-cost algorithm
Atomic transition system #16: 1 states, 1 arcs 
Atomic transition system #16: init h=0
Composite transition system with 16/480 vars: current size: 4 (shrink threshold: 1)
Composite transition system with 16/480 vars: not applying abstraction (same number of states)
t=25.852s (after shrinking)
Merging atomic transition system #16 and composite transition system with 16/480 vars
Composite transition system with 17/480 vars: computing init and goal distances using unit-cost algorithm
Composite transition system with 17/480 vars: 4 states, 36 arcs 
Composite transition system with 17/480 vars: init h=1
Difference of init h values: 0
t=25.852s (after merging)
Composite transition system with 17/480 vars: not applying abstraction (same number of states)
Current peak memory increase of merge-and-shrink computation: 78848 KB

Next pair of indices: (17, 495)
Atomic transition system #17: 2 states, 6 arcs 
Atomic transition system #17: init h=0
Composite transition system with 17/480 vars: 4 states, 36 arcs 
Composite transition system with 17/480 vars: init h=1
t=27.2259s (after computation of next merge)
Atomic transition system #17: current size: 2 (shrink threshold: 1)
Atomic transition system #17: applying abstraction (2 to 1 states)
Atomic transition system #17: simplification was not f-preserving!
Atomic transition system #17: computing init and goal distances using unit-cost algorithm
Atomic transition system #17: 1 states, 1 arcs 
Atomic transition system #17: init h=0
Composite transition system with 17/480 vars: current size: 4 (shrink threshold: 1)
Composite transition system with 17/480 vars: not applying abstraction (same number of states)
t=27.2999s (after shrinking)
Merging atomic transition system #17 and composite transition system with 17/480 vars
Composite transition system with 18/480 vars: computing init and goal distances using unit-cost algorithm
Composite transition system with 18/480 vars: 4 states, 36 arcs 
Composite transition system with 18/480 vars: init h=1
Difference of init h values: 0
t=27.3s (after merging)
Composite transition system with 18/480 vars: not applying abstraction (same number of states)
Current peak memory increase of merge-and-shrink computation: 78848 KB

Next pair of indices: (20, 496)
Atomic transition system #20: 2 states, 6 arcs 
Atomic transition system #20: init h=0
Composite transition system with 18/480 vars: 4 states, 36 arcs 
Composite transition system with 18/480 vars: init h=1
t=28.6775s (after computation of next merge)
Atomic transition system #20: current size: 2 (shrink threshold: 1)
Atomic transition system #20: applying abstraction (2 to 1 states)
Atomic transition system #20: simplification was not f-preserving!
Atomic transition system #20: computing init and goal distances using unit-cost algorithm
Atomic transition system #20: 1 states, 1 arcs 
Atomic transition system #20: init h=0
Composite transition system with 18/480 vars: current size: 4 (shrink threshold: 1)
Composite transition system with 18/480 vars: not applying abstraction (same number of states)
t=28.7474s (after shrinking)
Merging atomic transition system #20 and composite transition system with 18/480 vars
Composite transition system with 19/480 vars: computing init and goal distances using unit-cost algorithm
Composite transition system with 19/480 vars: 4 states, 36 arcs 
Composite transition system with 19/480 vars: init h=1
Difference of init h values: 0
t=28.7474s (after merging)
Composite transition system with 19/480 vars: not applying abstraction (same number of states)
Current peak memory increase of merge-and-shrink computation: 78848 KB

Next pair of indices: (21, 497)
Atomic transition system #21: 2 states, 6 arcs 
Atomic transition system #21: init h=0
Composite transition system with 19/480 vars: 4 states, 36 arcs 
Composite transition system with 19/480 vars: init h=1
t=30.1225s (after computation of next merge)
Atomic transition system #21: current size: 2 (shrink threshold: 1)
Atomic transition system #21: applying abstraction (2 to 1 states)
Atomic transition system #21: simplification was not f-preserving!
Atomic transition system #21: computing init and goal distances using unit-cost algorithm
Atomic transition system #21: 1 states, 1 arcs 
Atomic transition system #21: init h=0
Composite transition system with 19/480 vars: current size: 4 (shrink threshold: 1)
Composite transition system with 19/480 vars: not applying abstraction (same number of states)
t=30.1988s (after shrinking)
Merging atomic transition system #21 and composite transition system with 19/480 vars
Composite transition system with 20/480 vars: computing init and goal distances using unit-cost algorithm
Composite transition system with 20/480 vars: 4 states, 36 arcs 
Composite transition system with 20/480 vars: init h=1
Difference of init h values: 0
t=30.1989s (after merging)
Composite transition system with 20/480 vars: not applying abstraction (same number of states)
Current peak memory increase of merge-and-shrink computation: 78848 KB

Next pair of indices: (22, 498)
Atomic transition system #22: 2 states, 6 arcs 
Atomic transition system #22: init h=0
Composite transition system with 20/480 vars: 4 states, 36 arcs 
Composite transition system with 20/480 vars: init h=1
t=31.5679s (after computation of next merge)
Atomic transition system #22: current size: 2 (shrink threshold: 1)
Atomic transition system #22: applying abstraction (2 to 1 states)
Atomic transition system #22: simplification was not f-preserving!
Atomic transition system #22: computing init and goal distances using unit-cost algorithm
Atomic transition system #22: 1 states, 1 arcs 
Atomic transition system #22: init h=0
Composite transition system with 20/480 vars: current size: 4 (shrink threshold: 1)
Composite transition system with 20/480 vars: not applying abstraction (same number of states)
t=31.6428s (after shrinking)
Merging atomic transition system #22 and composite transition system with 20/480 vars
Composite transition system with 21/480 vars: computing init and goal distances using unit-cost algorithm
Composite transition system with 21/480 vars: 4 states, 36 arcs 
Composite transition system with 21/480 vars: init h=1
Difference of init h values: 0
t=31.6428s (after merging)
Composite transition system with 21/480 vars: not applying abstraction (same number of states)
Current peak memory increase of merge-and-shrink computation: 78848 KB

Next pair of indices: (24, 499)
Atomic transition system #24: 2 states, 6 arcs 
Atomic transition system #24: init h=0
Composite transition system with 21/480 vars: 4 states, 36 arcs 
Composite transition system with 21/480 vars: init h=1
t=33.0218s (after computation of next merge)
Atomic transition system #24: current size: 2 (shrink threshold: 1)
Atomic transition system #24: applying abstraction (2 to 1 states)
Atomic transition system #24: simplification was not f-preserving!
Atomic transition system #24: computing init and goal distances using unit-cost algorithm
Atomic transition system #24: 1 states, 1 arcs 
Atomic transition system #24: init h=0
Composite transition system with 21/480 vars: current size: 4 (shrink threshold: 1)
Composite transition system with 21/480 vars: not applying abstraction (same number of states)
t=33.0973s (after shrinking)
Merging atomic transition system #24 and composite transition system with 21/480 vars
Composite transition system with 22/480 vars: computing init and goal distances using unit-cost algorithm
Composite transition system with 22/480 vars: 4 states, 36 arcs 
Composite transition system with 22/480 vars: init h=1
Difference of init h values: 0
t=33.0973s (after merging)
Composite transition system with 22/480 vars: not applying abstraction (same number of states)
Current peak memory increase of merge-and-shrink computation: 78848 KB

Next pair of indices: (25, 500)
Atomic transition system #25: 2 states, 6 arcs 
Atomic transition system #25: init h=0
Composite transition system with 22/480 vars: 4 states, 36 arcs 
Composite transition system with 22/480 vars: init h=1
t=34.4771s (after computation of next merge)
Atomic transition system #25: current size: 2 (shrink threshold: 1)
Atomic transition system #25: applying abstraction (2 to 1 states)
Atomic transition system #25: simplification was not f-preserving!
Atomic transition system #25: computing init and goal distances using unit-cost algorithm
Atomic transition system #25: 1 states, 1 arcs 
Atomic transition system #25: init h=0
Composite transition system with 22/480 vars: current size: 4 (shrink threshold: 1)
Composite transition system with 22/480 vars: not applying abstraction (same number of states)
t=34.5543s (after shrinking)
Merging atomic transition system #25 and composite transition system with 22/480 vars
Composite transition system with 23/480 vars: computing init and goal distances using unit-cost algorithm
Composite transition system with 23/480 vars: 4 states, 36 arcs 
Composite transition system with 23/480 vars: init h=1
Difference of init h values: 0
t=34.5544s (after merging)
Composite transition system with 23/480 vars: not applying abstraction (same number of states)
Current peak memory increase of merge-and-shrink computation: 78848 KB

Next pair of indices: (26, 501)
Atomic transition system #26: 2 states, 6 arcs 
Atomic transition system #26: init h=0
Composite transition system with 23/480 vars: 4 states, 36 arcs 
Composite transition system with 23/480 vars: init h=1
t=35.9536s (after computation of next merge)
Atomic transition system #26: current size: 2 (shrink threshold: 1)
Atomic transition system #26: applying abstraction (2 to 1 states)
Atomic transition system #26: simplification was not f-preserving!
Atomic transition system #26: computing init and goal distances using unit-cost algorithm
Atomic transition system #26: 1 states, 1 arcs 
Atomic transition system #26: init h=0
Composite transition system with 23/480 vars: current size: 4 (shrink threshold: 1)
Composite transition system with 23/480 vars: not applying abstraction (same number of states)
t=36.0297s (after shrinking)
Merging atomic transition system #26 and composite transition system with 23/480 vars
Composite transition system with 24/480 vars: computing init and goal distances using unit-cost algorithm
Composite transition system with 24/480 vars: 4 states, 36 arcs 
Composite transition system with 24/480 vars: init h=1
Difference of init h values: 0
t=36.0297s (after merging)
Composite transition system with 24/480 vars: not applying abstraction (same number of states)
Current peak memory increase of merge-and-shrink computation: 78848 KB

Next pair of indices: (28, 502)
Atomic transition system #28: 2 states, 6 arcs 
Atomic transition system #28: init h=0
Composite transition system with 24/480 vars: 4 states, 36 arcs 
Composite transition system with 24/480 vars: init h=1
t=37.4048s (after computation of next merge)
Atomic transition system #28: current size: 2 (shrink threshold: 1)
Atomic transition system #28: applying abstraction (2 to 1 states)
Atomic transition system #28: simplification was not f-preserving!
Atomic transition system #28: computing init and goal distances using unit-cost algorithm
Atomic transition system #28: 1 states, 1 arcs 
Atomic transition system #28: init h=0
Composite transition system with 24/480 vars: current size: 4 (shrink threshold: 1)
Composite transition system with 24/480 vars: not applying abstraction (same number of states)
t=37.4836s (after shrinking)
Merging atomic transition system #28 and composite transition system with 24/480 vars
Composite transition system with 25/480 vars: computing init and goal distances using unit-cost algorithm
Composite transition system with 25/480 vars: 4 states, 36 arcs 
Composite transition system with 25/480 vars: init h=1
Difference of init h values: 0
t=37.4837s (after merging)
Composite transition system with 25/480 vars: not applying abstraction (same number of states)
Current peak memory increase of merge-and-shrink computation: 78848 KB

Next pair of indices: (29, 503)
Atomic transition system #29: 2 states, 6 arcs 
Atomic transition system #29: init h=0
Composite transition system with 25/480 vars: 4 states, 36 arcs 
Composite transition system with 25/480 vars: init h=1
t=38.8608s (after computation of next merge)
Atomic transition system #29: current size: 2 (shrink threshold: 1)
Atomic transition system #29: applying abstraction (2 to 1 states)
Atomic transition system #29: simplification was not f-preserving!
Atomic transition system #29: computing init and goal distances using unit-cost algorithm
Atomic transition system #29: 1 states, 1 arcs 
Atomic transition system #29: init h=0
Composite transition system with 25/480 vars: current size: 4 (shrink threshold: 1)
Composite transition system with 25/480 vars: not applying abstraction (same number of states)
t=38.9283s (after shrinking)
Merging atomic transition system #29 and composite transition system with 25/480 vars
Composite transition system with 26/480 vars: computing init and goal distances using unit-cost algorithm
Composite transition system with 26/480 vars: 4 states, 36 arcs 
Composite transition system with 26/480 vars: init h=1
Difference of init h values: 0
t=38.9284s (after merging)
Composite transition system with 26/480 vars: not applying abstraction (same number of states)
Current peak memory increase of merge-and-shrink computation: 78848 KB

Next pair of indices: (30, 504)
Atomic transition system #30: 2 states, 6 arcs 
Atomic transition system #30: init h=0
Composite transition system with 26/480 vars: 4 states, 36 arcs 
Composite transition system with 26/480 vars: init h=1
t=40.2965s (after computation of next merge)
Atomic transition system #30: current size: 2 (shrink threshold: 1)
Atomic transition system #30: applying abstraction (2 to 1 states)
Atomic transition system #30: simplification was not f-preserving!
Atomic transition system #30: computing init and goal distances using unit-cost algorithm
Atomic transition system #30: 1 states, 1 arcs 
Atomic transition system #30: init h=0
Composite transition system with 26/480 vars: current size: 4 (shrink threshold: 1)
Composite transition system with 26/480 vars: not applying abstraction (same number of states)
t=40.3702s (after shrinking)
Merging atomic transition system #30 and composite transition system with 26/480 vars
Composite transition system with 27/480 vars: computing init and goal distances using unit-cost algorithm
Composite transition system with 27/480 vars: 4 states, 36 arcs 
Composite transition system with 27/480 vars: init h=1
Difference of init h values: 0
t=40.3703s (after merging)
Composite transition system with 27/480 vars: not applying abstraction (same number of states)
Current peak memory increase of merge-and-shrink computation: 78848 KB

Next pair of indices: (31, 505)
Atomic transition system #31: 2 states, 6 arcs 
Atomic transition system #31: init h=0
Composite transition system with 27/480 vars: 4 states, 36 arcs 
Composite transition system with 27/480 vars: init h=1
t=41.7273s (after computation of next merge)
Atomic transition system #31: current size: 2 (shrink threshold: 1)
Atomic transition system #31: applying abstraction (2 to 1 states)
Atomic transition system #31: simplification was not f-preserving!
Atomic transition system #31: computing init and goal distances using unit-cost algorithm
Atomic transition system #31: 1 states, 1 arcs 
Atomic transition system #31: init h=0
Composite transition system with 27/480 vars: current size: 4 (shrink threshold: 1)
Composite transition system with 27/480 vars: not applying abstraction (same number of states)
t=41.8059s (after shrinking)
Merging atomic transition system #31 and composite transition system with 27/480 vars
Composite transition system with 28/480 vars: computing init and goal distances using unit-cost algorithm
Composite transition system with 28/480 vars: 4 states, 36 arcs 
Composite transition system with 28/480 vars: init h=1
Difference of init h values: 0
t=41.8059s (after merging)
Composite transition system with 28/480 vars: not applying abstraction (same number of states)
Current peak memory increase of merge-and-shrink computation: 78848 KB

Next pair of indices: (32, 506)
Atomic transition system #32: 2 states, 6 arcs 
Atomic transition system #32: init h=0
Composite transition system with 28/480 vars: 4 states, 36 arcs 
Composite transition system with 28/480 vars: init h=1
t=43.1894s (after computation of next merge)
Atomic transition system #32: current size: 2 (shrink threshold: 1)
Atomic transition system #32: applying abstraction (2 to 1 states)
Atomic transition system #32: simplification was not f-preserving!
Atomic transition system #32: computing init and goal distances using unit-cost algorithm
Atomic transition system #32: 1 states, 1 arcs 
Atomic transition system #32: init h=0
Composite transition system with 28/480 vars: current size: 4 (shrink threshold: 1)
Composite transition system with 28/480 vars: not applying abstraction (same number of states)
t=43.2582s (after shrinking)
Merging atomic transition system #32 and composite transition system with 28/480 vars
Composite transition system with 29/480 vars: computing init and goal distances using unit-cost algorithm
Composite transition system with 29/480 vars: 4 states, 36 arcs 
Composite transition system with 29/480 vars: init h=1
Difference of init h values: 0
t=43.2583s (after merging)
Composite transition system with 29/480 vars: not applying abstraction (same number of states)
Current peak memory increase of merge-and-shrink computation: 78848 KB

Next pair of indices: (33, 507)
Atomic transition system #33: 2 states, 6 arcs 
Atomic transition system #33: init h=0
Composite transition system with 29/480 vars: 4 states, 36 arcs 
Composite transition system with 29/480 vars: init h=1
t=44.6461s (after computation of next merge)
Atomic transition system #33: current size: 2 (shrink threshold: 1)
Atomic transition system #33: applying abstraction (2 to 1 states)
Atomic transition system #33: simplification was not f-preserving!
Atomic transition system #33: computing init and goal distances using unit-cost algorithm
Atomic transition system #33: 1 states, 1 arcs 
Atomic transition system #33: init h=0
Composite transition system with 29/480 vars: current size: 4 (shrink threshold: 1)
Composite transition system with 29/480 vars: not applying abstraction (same number of states)
t=44.7142s (after shrinking)
Merging atomic transition system #33 and composite transition system with 29/480 vars
Composite transition system with 30/480 vars: computing init and goal distances using unit-cost algorithm
Composite transition system with 30/480 vars: 4 states, 36 arcs 
Composite transition system with 30/480 vars: init h=1
Difference of init h values: 0
t=44.7143s (after merging)
Composite transition system with 30/480 vars: not applying abstraction (same number of states)
Current peak memory increase of merge-and-shrink computation: 78848 KB

Next pair of indices: (34, 508)
Atomic transition system #34: 2 states, 6 arcs 
Atomic transition system #34: init h=0
Composite transition system with 30/480 vars: 4 states, 36 arcs 
Composite transition system with 30/480 vars: init h=1
t=46.0846s (after computation of next merge)
Atomic transition system #34: current size: 2 (shrink threshold: 1)
Atomic transition system #34: applying abstraction (2 to 1 states)
Atomic transition system #34: simplification was not f-preserving!
Atomic transition system #34: computing init and goal distances using unit-cost algorithm
Atomic transition system #34: 1 states, 1 arcs 
Atomic transition system #34: init h=0
Composite transition system with 30/480 vars: current size: 4 (shrink threshold: 1)
Composite transition system with 30/480 vars: not applying abstraction (same number of states)
t=46.1545s (after shrinking)
Merging atomic transition system #34 and composite transition system with 30/480 vars
Composite transition system with 31/480 vars: computing init and goal distances using unit-cost algorithm
Composite transition system with 31/480 vars: 4 states, 36 arcs 
Composite transition system with 31/480 vars: init h=1
Difference of init h values: 0
t=46.1545s (after merging)
Composite transition system with 31/480 vars: not applying abstraction (same number of states)
Current peak memory increase of merge-and-shrink computation: 78848 KB

Next pair of indices: (35, 509)
Atomic transition system #35: 2 states, 6 arcs 
Atomic transition system #35: init h=0
Composite transition system with 31/480 vars: 4 states, 36 arcs 
Composite transition system with 31/480 vars: init h=1
t=47.5112s (after computation of next merge)
Atomic transition system #35: current size: 2 (shrink threshold: 1)
Atomic transition system #35: applying abstraction (2 to 1 states)
Atomic transition system #35: simplification was not f-preserving!
Atomic transition system #35: computing init and goal distances using unit-cost algorithm
Atomic transition system #35: 1 states, 1 arcs 
Atomic transition system #35: init h=0
Composite transition system with 31/480 vars: current size: 4 (shrink threshold: 1)
Composite transition system with 31/480 vars: not applying abstraction (same number of states)
t=47.5818s (after shrinking)
Merging atomic transition system #35 and composite transition system with 31/480 vars
Composite transition system with 32/480 vars: computing init and goal distances using unit-cost algorithm
Composite transition system with 32/480 vars: 4 states, 36 arcs 
Composite transition system with 32/480 vars: init h=1
Difference of init h values: 0
t=47.5819s (after merging)
Composite transition system with 32/480 vars: not applying abstraction (same number of states)
Current peak memory increase of merge-and-shrink computation: 78848 KB

Next pair of indices: (37, 510)
Atomic transition system #37: 2 states, 6 arcs 
Atomic transition system #37: init h=0
Composite transition system with 32/480 vars: 4 states, 36 arcs 
Composite transition system with 32/480 vars: init h=1
t=48.9276s (after computation of next merge)
Atomic transition system #37: current size: 2 (shrink threshold: 1)
Atomic transition system #37: applying abstraction (2 to 1 states)
Atomic transition system #37: simplification was not f-preserving!
Atomic transition system #37: computing init and goal distances using unit-cost algorithm
Atomic transition system #37: 1 states, 1 arcs 
Atomic transition system #37: init h=0
Composite transition system with 32/480 vars: current size: 4 (shrink threshold: 1)
Composite transition system with 32/480 vars: not applying abstraction (same number of states)
t=48.9988s (after shrinking)
Merging atomic transition system #37 and composite transition system with 32/480 vars
Composite transition system with 33/480 vars: computing init and goal distances using unit-cost algorithm
Composite transition system with 33/480 vars: 4 states, 36 arcs 
Composite transition system with 33/480 vars: init h=1
Difference of init h values: 0
t=48.9988s (after merging)
Composite transition system with 33/480 vars: not applying abstraction (same number of states)
Current peak memory increase of merge-and-shrink computation: 78848 KB

Next pair of indices: (38, 511)
Atomic transition system #38: 2 states, 6 arcs 
Atomic transition system #38: init h=0
Composite transition system with 33/480 vars: 4 states, 36 arcs 
Composite transition system with 33/480 vars: init h=1
t=50.3381s (after computation of next merge)
Atomic transition system #38: current size: 2 (shrink threshold: 1)
Atomic transition system #38: applying abstraction (2 to 1 states)
Atomic transition system #38: simplification was not f-preserving!
Atomic transition system #38: computing init and goal distances using unit-cost algorithm
Atomic transition system #38: 1 states, 1 arcs 
Atomic transition system #38: init h=0
Composite transition system with 33/480 vars: current size: 4 (shrink threshold: 1)
Composite transition system with 33/480 vars: not applying abstraction (same number of states)
t=50.4073s (after shrinking)
Merging atomic transition system #38 and composite transition system with 33/480 vars
Composite transition system with 34/480 vars: computing init and goal distances using unit-cost algorithm
Composite transition system with 34/480 vars: 4 states, 36 arcs 
Composite transition system with 34/480 vars: init h=1
Difference of init h values: 0
t=50.4074s (after merging)
Composite transition system with 34/480 vars: not applying abstraction (same number of states)
Current peak memory increase of merge-and-shrink computation: 78848 KB

Next pair of indices: (39, 512)
Atomic transition system #39: 2 states, 6 arcs 
Atomic transition system #39: init h=0
Composite transition system with 34/480 vars: 4 states, 36 arcs 
Composite transition system with 34/480 vars: init h=1
t=51.7455s (after computation of next merge)
Atomic transition system #39: current size: 2 (shrink threshold: 1)
Atomic transition system #39: applying abstraction (2 to 1 states)
Atomic transition system #39: simplification was not f-preserving!
Atomic transition system #39: computing init and goal distances using unit-cost algorithm
Atomic transition system #39: 1 states, 1 arcs 
Atomic transition system #39: init h=0
Composite transition system with 34/480 vars: current size: 4 (shrink threshold: 1)
Composite transition system with 34/480 vars: not applying abstraction (same number of states)
t=51.8111s (after shrinking)
Merging atomic transition system #39 and composite transition system with 34/480 vars
Composite transition system with 35/480 vars: computing init and goal distances using unit-cost algorithm
Composite transition system with 35/480 vars: 4 states, 36 arcs 
Composite transition system with 35/480 vars: init h=1
Difference of init h values: 0
t=51.8111s (after merging)
Composite transition system with 35/480 vars: not applying abstraction (same number of states)
Current peak memory increase of merge-and-shrink computation: 78848 KB

Next pair of indices: (40, 513)
Atomic transition system #40: 2 states, 6 arcs 
Atomic transition system #40: init h=0
Composite transition system with 35/480 vars: 4 states, 36 arcs 
Composite transition system with 35/480 vars: init h=1
t=53.1255s (after computation of next merge)
Atomic transition system #40: current size: 2 (shrink threshold: 1)
Atomic transition system #40: applying abstraction (2 to 1 states)
Atomic transition system #40: simplification was not f-preserving!
Atomic transition system #40: computing init and goal distances using unit-cost algorithm
Atomic transition system #40: 1 states, 1 arcs 
Atomic transition system #40: init h=0
Composite transition system with 35/480 vars: current size: 4 (shrink threshold: 1)
Composite transition system with 35/480 vars: not applying abstraction (same number of states)
t=53.1934s (after shrinking)
Merging atomic transition system #40 and composite transition system with 35/480 vars
Composite transition system with 36/480 vars: computing init and goal distances using unit-cost algorithm
Composite transition system with 36/480 vars: 4 states, 36 arcs 
Composite transition system with 36/480 vars: init h=1
Difference of init h values: 0
t=53.1934s (after merging)
Composite transition system with 36/480 vars: not applying abstraction (same number of states)
Current peak memory increase of merge-and-shrink computation: 78848 KB

Next pair of indices: (41, 514)
Atomic transition system #41: 2 states, 6 arcs 
Atomic transition system #41: init h=0
Composite transition system with 36/480 vars: 4 states, 36 arcs 
Composite transition system with 36/480 vars: init h=1
t=54.5172s (after computation of next merge)
Atomic transition system #41: current size: 2 (shrink threshold: 1)
Atomic transition system #41: applying abstraction (2 to 1 states)
Atomic transition system #41: simplification was not f-preserving!
Atomic transition system #41: computing init and goal distances using unit-cost algorithm
Atomic transition system #41: 1 states, 1 arcs 
Atomic transition system #41: init h=0
Composite transition system with 36/480 vars: current size: 4 (shrink threshold: 1)
Composite transition system with 36/480 vars: not applying abstraction (same number of states)
t=54.5875s (after shrinking)
Merging atomic transition system #41 and composite transition system with 36/480 vars
Composite transition system with 37/480 vars: computing init and goal distances using unit-cost algorithm
Composite transition system with 37/480 vars: 4 states, 36 arcs 
Composite transition system with 37/480 vars: init h=1
Difference of init h values: 0
t=54.5875s (after merging)
Composite transition system with 37/480 vars: not applying abstraction (same number of states)
Current peak memory increase of merge-and-shrink computation: 78848 KB

Next pair of indices: (44, 515)
Atomic transition system #44: 2 states, 6 arcs 
Atomic transition system #44: init h=0
Composite transition system with 37/480 vars: 4 states, 36 arcs 
Composite transition system with 37/480 vars: init h=1
t=55.9018s (after computation of next merge)
Atomic transition system #44: current size: 2 (shrink threshold: 1)
Atomic transition system #44: applying abstraction (2 to 1 states)
Atomic transition system #44: simplification was not f-preserving!
Atomic transition system #44: computing init and goal distances using unit-cost algorithm
Atomic transition system #44: 1 states, 1 arcs 
Atomic transition system #44: init h=0
Composite transition system with 37/480 vars: current size: 4 (shrink threshold: 1)
Composite transition system with 37/480 vars: not applying abstraction (same number of states)
t=55.9719s (after shrinking)
Merging atomic transition system #44 and composite transition system with 37/480 vars
Composite transition system with 38/480 vars: computing init and goal distances using unit-cost algorithm
Composite transition system with 38/480 vars: 4 states, 36 arcs 
Composite transition system with 38/480 vars: init h=1
Difference of init h values: 0
t=55.9719s (after merging)
Composite transition system with 38/480 vars: not applying abstraction (same number of states)
Current peak memory increase of merge-and-shrink computation: 78848 KB

Next pair of indices: (45, 516)
Atomic transition system #45: 2 states, 6 arcs 
Atomic transition system #45: init h=0
Composite transition system with 38/480 vars: 4 states, 36 arcs 
Composite transition system with 38/480 vars: init h=1
t=57.2778s (after computation of next merge)
Atomic transition system #45: current size: 2 (shrink threshold: 1)
Atomic transition system #45: applying abstraction (2 to 1 states)
Atomic transition system #45: simplification was not f-preserving!
Atomic transition system #45: computing init and goal distances using unit-cost algorithm
Atomic transition system #45: 1 states, 1 arcs 
Atomic transition system #45: init h=0
Composite transition system with 38/480 vars: current size: 4 (shrink threshold: 1)
Composite transition system with 38/480 vars: not applying abstraction (same number of states)
t=57.3433s (after shrinking)
Merging atomic transition system #45 and composite transition system with 38/480 vars
Composite transition system with 39/480 vars: computing init and goal distances using unit-cost algorithm
Composite transition system with 39/480 vars: 4 states, 36 arcs 
Composite transition system with 39/480 vars: init h=1
Difference of init h values: 0
t=57.3433s (after merging)
Composite transition system with 39/480 vars: not applying abstraction (same number of states)
Current peak memory increase of merge-and-shrink computation: 78848 KB

Next pair of indices: (46, 517)
Atomic transition system #46: 2 states, 6 arcs 
Atomic transition system #46: init h=0
Composite transition system with 39/480 vars: 4 states, 36 arcs 
Composite transition system with 39/480 vars: init h=1
t=58.6582s (after computation of next merge)
Atomic transition system #46: current size: 2 (shrink threshold: 1)
Atomic transition system #46: applying abstraction (2 to 1 states)
Atomic transition system #46: simplification was not f-preserving!
Atomic transition system #46: computing init and goal distances using unit-cost algorithm
Atomic transition system #46: 1 states, 1 arcs 
Atomic transition system #46: init h=0
Composite transition system with 39/480 vars: current size: 4 (shrink threshold: 1)
Composite transition system with 39/480 vars: not applying abstraction (same number of states)
t=58.7282s (after shrinking)
Merging atomic transition system #46 and composite transition system with 39/480 vars
Composite transition system with 40/480 vars: computing init and goal distances using unit-cost algorithm
Composite transition system with 40/480 vars: 4 states, 36 arcs 
Composite transition system with 40/480 vars: init h=1
Difference of init h values: 0
t=58.7282s (after merging)
Composite transition system with 40/480 vars: not applying abstraction (same number of states)
Current peak memory increase of merge-and-shrink computation: 78848 KB

Next pair of indices: (48, 518)
Atomic transition system #48: 2 states, 6 arcs 
Atomic transition system #48: init h=0
Composite transition system with 40/480 vars: 4 states, 36 arcs 
Composite transition system with 40/480 vars: init h=1
t=60.0308s (after computation of next merge)
Atomic transition system #48: current size: 2 (shrink threshold: 1)
Atomic transition system #48: applying abstraction (2 to 1 states)
Atomic transition system #48: simplification was not f-preserving!
Atomic transition system #48: computing init and goal distances using unit-cost algorithm
Atomic transition system #48: 1 states, 1 arcs 
Atomic transition system #48: init h=0
Composite transition system with 40/480 vars: current size: 4 (shrink threshold: 1)
Composite transition system with 40/480 vars: not applying abstraction (same number of states)
t=60.0935s (after shrinking)
Merging atomic transition system #48 and composite transition system with 40/480 vars
Composite transition system with 41/480 vars: computing init and goal distances using unit-cost algorithm
Composite transition system with 41/480 vars: 4 states, 36 arcs 
Composite transition system with 41/480 vars: init h=1
Difference of init h values: 0
t=60.0936s (after merging)
Composite transition system with 41/480 vars: not applying abstraction (same number of states)
Current peak memory increase of merge-and-shrink computation: 78848 KB

Next pair of indices: (49, 519)
Atomic transition system #49: 2 states, 6 arcs 
Atomic transition system #49: init h=0
Composite transition system with 41/480 vars: 4 states, 36 arcs 
Composite transition system with 41/480 vars: init h=1
t=61.3975s (after computation of next merge)
Atomic transition system #49: current size: 2 (shrink threshold: 1)
Atomic transition system #49: applying abstraction (2 to 1 states)
Atomic transition system #49: simplification was not f-preserving!
Atomic transition system #49: computing init and goal distances using unit-cost algorithm
Atomic transition system #49: 1 states, 1 arcs 
Atomic transition system #49: init h=0
Composite transition system with 41/480 vars: current size: 4 (shrink threshold: 1)
Composite transition system with 41/480 vars: not applying abstraction (same number of states)
t=61.4659s (after shrinking)
Merging atomic transition system #49 and composite transition system with 41/480 vars
Composite transition system with 42/480 vars: computing init and goal distances using unit-cost algorithm
Composite transition system with 42/480 vars: 4 states, 36 arcs 
Composite transition system with 42/480 vars: init h=1
Difference of init h values: 0
t=61.466s (after merging)
Composite transition system with 42/480 vars: not applying abstraction (same number of states)
Current peak memory increase of merge-and-shrink computation: 78848 KB

Next pair of indices: (50, 520)
Atomic transition system #50: 2 states, 6 arcs 
Atomic transition system #50: init h=0
Composite transition system with 42/480 vars: 4 states, 36 arcs 
Composite transition system with 42/480 vars: init h=1
t=62.7599s (after computation of next merge)
Atomic transition system #50: current size: 2 (shrink threshold: 1)
Atomic transition system #50: applying abstraction (2 to 1 states)
Atomic transition system #50: simplification was not f-preserving!
Atomic transition system #50: computing init and goal distances using unit-cost algorithm
Atomic transition system #50: 1 states, 1 arcs 
Atomic transition system #50: init h=0
Composite transition system with 42/480 vars: current size: 4 (shrink threshold: 1)
Composite transition system with 42/480 vars: not applying abstraction (same number of states)
t=62.8275s (after shrinking)
Merging atomic transition system #50 and composite transition system with 42/480 vars
Composite transition system with 43/480 vars: computing init and goal distances using unit-cost algorithm
Composite transition system with 43/480 vars: 4 states, 36 arcs 
Composite transition system with 43/480 vars: init h=1
Difference of init h values: 0
t=62.8276s (after merging)
Composite transition system with 43/480 vars: not applying abstraction (same number of states)
Current peak memory increase of merge-and-shrink computation: 78848 KB

Next pair of indices: (52, 521)
Atomic transition system #52: 2 states, 6 arcs 
Atomic transition system #52: init h=0
Composite transition system with 43/480 vars: 4 states, 36 arcs 
Composite transition system with 43/480 vars: init h=1
t=64.1257s (after computation of next merge)
Atomic transition system #52: current size: 2 (shrink threshold: 1)
Atomic transition system #52: applying abstraction (2 to 1 states)
Atomic transition system #52: simplification was not f-preserving!
Atomic transition system #52: computing init and goal distances using unit-cost algorithm
Atomic transition system #52: 1 states, 1 arcs 
Atomic transition system #52: init h=0
Composite transition system with 43/480 vars: current size: 4 (shrink threshold: 1)
Composite transition system with 43/480 vars: not applying abstraction (same number of states)
t=64.1942s (after shrinking)
Merging atomic transition system #52 and composite transition system with 43/480 vars
Composite transition system with 44/480 vars: computing init and goal distances using unit-cost algorithm
Composite transition system with 44/480 vars: 4 states, 36 arcs 
Composite transition system with 44/480 vars: init h=1
Difference of init h values: 0
t=64.1943s (after merging)
Composite transition system with 44/480 vars: not applying abstraction (same number of states)
Current peak memory increase of merge-and-shrink computation: 78848 KB

Next pair of indices: (53, 522)
Atomic transition system #53: 2 states, 6 arcs 
Atomic transition system #53: init h=0
Composite transition system with 44/480 vars: 4 states, 36 arcs 
Composite transition system with 44/480 vars: init h=1
t=65.5108s (after computation of next merge)
Atomic transition system #53: current size: 2 (shrink threshold: 1)
Atomic transition system #53: applying abstraction (2 to 1 states)
Atomic transition system #53: simplification was not f-preserving!
Atomic transition system #53: computing init and goal distances using unit-cost algorithm
Atomic transition system #53: 1 states, 1 arcs 
Atomic transition system #53: init h=0
Composite transition system with 44/480 vars: current size: 4 (shrink threshold: 1)
Composite transition system with 44/480 vars: not applying abstraction (same number of states)
t=65.5786s (after shrinking)
Merging atomic transition system #53 and composite transition system with 44/480 vars
Composite transition system with 45/480 vars: computing init and goal distances using unit-cost algorithm
Composite transition system with 45/480 vars: 4 states, 36 arcs 
Composite transition system with 45/480 vars: init h=1
Difference of init h values: 0
t=65.5787s (after merging)
Composite transition system with 45/480 vars: not applying abstraction (same number of states)
Current peak memory increase of merge-and-shrink computation: 78848 KB

Next pair of indices: (54, 523)
Atomic transition system #54: 2 states, 6 arcs 
Atomic transition system #54: init h=0
Composite transition system with 45/480 vars: 4 states, 36 arcs 
Composite transition system with 45/480 vars: init h=1
t=66.8831s (after computation of next merge)
Atomic transition system #54: current size: 2 (shrink threshold: 1)
Atomic transition system #54: applying abstraction (2 to 1 states)
Atomic transition system #54: simplification was not f-preserving!
Atomic transition system #54: computing init and goal distances using unit-cost algorithm
Atomic transition system #54: 1 states, 1 arcs 
Atomic transition system #54: init h=0
Composite transition system with 45/480 vars: current size: 4 (shrink threshold: 1)
Composite transition system with 45/480 vars: not applying abstraction (same number of states)
t=66.9459s (after shrinking)
Merging atomic transition system #54 and composite transition system with 45/480 vars
Composite transition system with 46/480 vars: computing init and goal distances using unit-cost algorithm
Composite transition system with 46/480 vars: 4 states, 36 arcs 
Composite transition system with 46/480 vars: init h=1
Difference of init h values: 0
t=66.9459s (after merging)
Composite transition system with 46/480 vars: not applying abstraction (same number of states)
Current peak memory increase of merge-and-shrink computation: 78848 KB

Next pair of indices: (55, 524)
Atomic transition system #55: 2 states, 6 arcs 
Atomic transition system #55: init h=0
Composite transition system with 46/480 vars: 4 states, 36 arcs 
Composite transition system with 46/480 vars: init h=1
t=68.5945s (after computation of next merge)
Atomic transition system #55: current size: 2 (shrink threshold: 1)
Atomic transition system #55: applying abstraction (2 to 1 states)
Atomic transition system #55: simplification was not f-preserving!
Atomic transition system #55: computing init and goal distances using unit-cost algorithm
Atomic transition system #55: 1 states, 1 arcs 
Atomic transition system #55: init h=0
Composite transition system with 46/480 vars: current size: 4 (shrink threshold: 1)
Composite transition system with 46/480 vars: not applying abstraction (same number of states)
t=68.6755s (after shrinking)
Merging atomic transition system #55 and composite transition system with 46/480 vars
Composite transition system with 47/480 vars: computing init and goal distances using unit-cost algorithm
Composite transition system with 47/480 vars: 4 states, 36 arcs 
Composite transition system with 47/480 vars: init h=1
Difference of init h values: 0
t=68.6756s (after merging)
Composite transition system with 47/480 vars: not applying abstraction (same number of states)
Current peak memory increase of merge-and-shrink computation: 78848 KB

Next pair of indices: (56, 525)
Atomic transition system #56: 2 states, 6 arcs 
Atomic transition system #56: init h=0
Composite transition system with 47/480 vars: 4 states, 36 arcs 
Composite transition system with 47/480 vars: init h=1
t=70.2201s (after computation of next merge)
Atomic transition system #56: current size: 2 (shrink threshold: 1)
Atomic transition system #56: applying abstraction (2 to 1 states)
Atomic transition system #56: simplification was not f-preserving!
Atomic transition system #56: computing init and goal distances using unit-cost algorithm
Atomic transition system #56: 1 states, 1 arcs 
Atomic transition system #56: init h=0
Composite transition system with 47/480 vars: current size: 4 (shrink threshold: 1)
Composite transition system with 47/480 vars: not applying abstraction (same number of states)
t=70.2852s (after shrinking)
Merging atomic transition system #56 and composite transition system with 47/480 vars
Composite transition system with 48/480 vars: computing init and goal distances using unit-cost algorithm
Composite transition system with 48/480 vars: 4 states, 36 arcs 
Composite transition system with 48/480 vars: init h=1
Difference of init h values: 0
t=70.2852s (after merging)
Composite transition system with 48/480 vars: not applying abstraction (same number of states)
Current peak memory increase of merge-and-shrink computation: 78848 KB

Next pair of indices: (57, 526)
Atomic transition system #57: 2 states, 6 arcs 
Atomic transition system #57: init h=0
Composite transition system with 48/480 vars: 4 states, 36 arcs 
Composite transition system with 48/480 vars: init h=1
t=71.6s (after computation of next merge)
Atomic transition system #57: current size: 2 (shrink threshold: 1)
Atomic transition system #57: applying abstraction (2 to 1 states)
Atomic transition system #57: simplification was not f-preserving!
Atomic transition system #57: computing init and goal distances using unit-cost algorithm
Atomic transition system #57: 1 states, 1 arcs 
Atomic transition system #57: init h=0
Composite transition system with 48/480 vars: current size: 4 (shrink threshold: 1)
Composite transition system with 48/480 vars: not applying abstraction (same number of states)
t=71.6661s (after shrinking)
Merging atomic transition system #57 and composite transition system with 48/480 vars
Composite transition system with 49/480 vars: computing init and goal distances using unit-cost algorithm
Composite transition system with 49/480 vars: 4 states, 36 arcs 
Composite transition system with 49/480 vars: init h=1
Difference of init h values: 0
t=71.6661s (after merging)
Composite transition system with 49/480 vars: not applying abstraction (same number of states)
Current peak memory increase of merge-and-shrink computation: 78848 KB

Next pair of indices: (58, 527)
Atomic transition system #58: 2 states, 6 arcs 
Atomic transition system #58: init h=0
Composite transition system with 49/480 vars: 4 states, 36 arcs 
Composite transition system with 49/480 vars: init h=1
t=72.9978s (after computation of next merge)
Atomic transition system #58: current size: 2 (shrink threshold: 1)
Atomic transition system #58: applying abstraction (2 to 1 states)
Atomic transition system #58: simplification was not f-preserving!
Atomic transition system #58: computing init and goal distances using unit-cost algorithm
Atomic transition system #58: 1 states, 1 arcs 
Atomic transition system #58: init h=0
Composite transition system with 49/480 vars: current size: 4 (shrink threshold: 1)
Composite transition system with 49/480 vars: not applying abstraction (same number of states)
t=73.0595s (after shrinking)
Merging atomic transition system #58 and composite transition system with 49/480 vars
Composite transition system with 50/480 vars: computing init and goal distances using unit-cost algorithm
Composite transition system with 50/480 vars: 4 states, 36 arcs 
Composite transition system with 50/480 vars: init h=1
Difference of init h values: 0
t=73.0596s (after merging)
Composite transition system with 50/480 vars: not applying abstraction (same number of states)
Current peak memory increase of merge-and-shrink computation: 78848 KB

Next pair of indices: (59, 528)
Atomic transition system #59: 2 states, 6 arcs 
Atomic transition system #59: init h=0
Composite transition system with 50/480 vars: 4 states, 36 arcs 
Composite transition system with 50/480 vars: init h=1
t=74.3499s (after computation of next merge)
Atomic transition system #59: current size: 2 (shrink threshold: 1)
Atomic transition system #59: applying abstraction (2 to 1 states)
Atomic transition system #59: simplification was not f-preserving!
Atomic transition system #59: computing init and goal distances using unit-cost algorithm
Atomic transition system #59: 1 states, 1 arcs 
Atomic transition system #59: init h=0
Composite transition system with 50/480 vars: current size: 4 (shrink threshold: 1)
Composite transition system with 50/480 vars: not applying abstraction (same number of states)
t=74.4105s (after shrinking)
Merging atomic transition system #59 and composite transition system with 50/480 vars
Composite transition system with 51/480 vars: computing init and goal distances using unit-cost algorithm
Composite transition system with 51/480 vars: 4 states, 36 arcs 
Composite transition system with 51/480 vars: init h=1
Difference of init h values: 0
t=74.4106s (after merging)
Composite transition system with 51/480 vars: not applying abstraction (same number of states)
Current peak memory increase of merge-and-shrink computation: 78848 KB

Next pair of indices: (60, 529)
Atomic transition system #60: 2 states, 6 arcs 
Atomic transition system #60: init h=0
Composite transition system with 51/480 vars: 4 states, 36 arcs 
Composite transition system with 51/480 vars: init h=1
t=75.6939s (after computation of next merge)
Atomic transition system #60: current size: 2 (shrink threshold: 1)
Atomic transition system #60: applying abstraction (2 to 1 states)
Atomic transition system #60: simplification was not f-preserving!
Atomic transition system #60: computing init and goal distances using unit-cost algorithm
Atomic transition system #60: 1 states, 1 arcs 
Atomic transition system #60: init h=0
Composite transition system with 51/480 vars: current size: 4 (shrink threshold: 1)
Composite transition system with 51/480 vars: not applying abstraction (same number of states)
t=75.7566s (after shrinking)
Merging atomic transition system #60 and composite transition system with 51/480 vars
Composite transition system with 52/480 vars: computing init and goal distances using unit-cost algorithm
Composite transition system with 52/480 vars: 4 states, 36 arcs 
Composite transition system with 52/480 vars: init h=1
Difference of init h values: 0
t=75.7567s (after merging)
Composite transition system with 52/480 vars: not applying abstraction (same number of states)
Current peak memory increase of merge-and-shrink computation: 78848 KB

Next pair of indices: (62, 530)
Atomic transition system #62: 2 states, 6 arcs 
Atomic transition system #62: init h=0
Composite transition system with 52/480 vars: 4 states, 36 arcs 
Composite transition system with 52/480 vars: init h=1
t=77.0595s (after computation of next merge)
Atomic transition system #62: current size: 2 (shrink threshold: 1)
Atomic transition system #62: applying abstraction (2 to 1 states)
Atomic transition system #62: simplification was not f-preserving!
Atomic transition system #62: computing init and goal distances using unit-cost algorithm
Atomic transition system #62: 1 states, 1 arcs 
Atomic transition system #62: init h=0
Composite transition system with 52/480 vars: current size: 4 (shrink threshold: 1)
Composite transition system with 52/480 vars: not applying abstraction (same number of states)
t=77.1259s (after shrinking)
Merging atomic transition system #62 and composite transition system with 52/480 vars
Composite transition system with 53/480 vars: computing init and goal distances using unit-cost algorithm
Composite transition system with 53/480 vars: 4 states, 36 arcs 
Composite transition system with 53/480 vars: init h=1
Difference of init h values: 0
t=77.1259s (after merging)
Composite transition system with 53/480 vars: not applying abstraction (same number of states)
Current peak memory increase of merge-and-shrink computation: 78848 KB

Next pair of indices: (63, 531)
Atomic transition system #63: 2 states, 6 arcs 
Atomic transition system #63: init h=0
Composite transition system with 53/480 vars: 4 states, 36 arcs 
Composite transition system with 53/480 vars: init h=1
t=78.4476s (after computation of next merge)
Atomic transition system #63: current size: 2 (shrink threshold: 1)
Atomic transition system #63: applying abstraction (2 to 1 states)
Atomic transition system #63: simplification was not f-preserving!
Atomic transition system #63: computing init and goal distances using unit-cost algorithm
Atomic transition system #63: 1 states, 1 arcs 
Atomic transition system #63: init h=0
Composite transition system with 53/480 vars: current size: 4 (shrink threshold: 1)
Composite transition system with 53/480 vars: not applying abstraction (same number of states)
t=78.5101s (after shrinking)
Merging atomic transition system #63 and composite transition system with 53/480 vars
Composite transition system with 54/480 vars: computing init and goal distances using unit-cost algorithm
Composite transition system with 54/480 vars: 4 states, 36 arcs 
Composite transition system with 54/480 vars: init h=1
Difference of init h values: 0
t=78.5102s (after merging)
Composite transition system with 54/480 vars: not applying abstraction (same number of states)
Current peak memory increase of merge-and-shrink computation: 78848 KB

Next pair of indices: (64, 532)
Atomic transition system #64: 2 states, 6 arcs 
Atomic transition system #64: init h=0
Composite transition system with 54/480 vars: 4 states, 36 arcs 
Composite transition system with 54/480 vars: init h=1
t=79.7921s (after computation of next merge)
Atomic transition system #64: current size: 2 (shrink threshold: 1)
Atomic transition system #64: applying abstraction (2 to 1 states)
Atomic transition system #64: simplification was not f-preserving!
Atomic transition system #64: computing init and goal distances using unit-cost algorithm
Atomic transition system #64: 1 states, 1 arcs 
Atomic transition system #64: init h=0
Composite transition system with 54/480 vars: current size: 4 (shrink threshold: 1)
Composite transition system with 54/480 vars: not applying abstraction (same number of states)
t=79.8513s (after shrinking)
Merging atomic transition system #64 and composite transition system with 54/480 vars
Composite transition system with 55/480 vars: computing init and goal distances using unit-cost algorithm
Composite transition system with 55/480 vars: 4 states, 36 arcs 
Composite transition system with 55/480 vars: init h=1
Difference of init h values: 0
t=79.8514s (after merging)
Composite transition system with 55/480 vars: not applying abstraction (same number of states)
Current peak memory increase of merge-and-shrink computation: 78848 KB

Next pair of indices: (65, 533)
Atomic transition system #65: 2 states, 6 arcs 
Atomic transition system #65: init h=0
Composite transition system with 55/480 vars: 4 states, 36 arcs 
Composite transition system with 55/480 vars: init h=1
t=81.1411s (after computation of next merge)
Atomic transition system #65: current size: 2 (shrink threshold: 1)
Atomic transition system #65: applying abstraction (2 to 1 states)
Atomic transition system #65: simplification was not f-preserving!
Atomic transition system #65: computing init and goal distances using unit-cost algorithm
Atomic transition system #65: 1 states, 1 arcs 
Atomic transition system #65: init h=0
Composite transition system with 55/480 vars: current size: 4 (shrink threshold: 1)
Composite transition system with 55/480 vars: not applying abstraction (same number of states)
t=81.1992s (after shrinking)
Merging atomic transition system #65 and composite transition system with 55/480 vars
Composite transition system with 56/480 vars: computing init and goal distances using unit-cost algorithm
Composite transition system with 56/480 vars: 4 states, 36 arcs 
Composite transition system with 56/480 vars: init h=1
Difference of init h values: 0
t=81.1992s (after merging)
Composite transition system with 56/480 vars: not applying abstraction (same number of states)
Current peak memory increase of merge-and-shrink computation: 78848 KB

Next pair of indices: (67, 534)
Atomic transition system #67: 2 states, 6 arcs 
Atomic transition system #67: init h=0
Composite transition system with 56/480 vars: 4 states, 36 arcs 
Composite transition system with 56/480 vars: init h=1
t=82.4909s (after computation of next merge)
Atomic transition system #67: current size: 2 (shrink threshold: 1)
Atomic transition system #67: applying abstraction (2 to 1 states)
Atomic transition system #67: simplification was not f-preserving!
Atomic transition system #67: computing init and goal distances using unit-cost algorithm
Atomic transition system #67: 1 states, 1 arcs 
Atomic transition system #67: init h=0
Composite transition system with 56/480 vars: current size: 4 (shrink threshold: 1)
Composite transition system with 56/480 vars: not applying abstraction (same number of states)
t=82.5523s (after shrinking)
Merging atomic transition system #67 and composite transition system with 56/480 vars
Composite transition system with 57/480 vars: computing init and goal distances using unit-cost algorithm
Composite transition system with 57/480 vars: 4 states, 36 arcs 
Composite transition system with 57/480 vars: init h=1
Difference of init h values: 0
t=82.5523s (after merging)
Composite transition system with 57/480 vars: not applying abstraction (same number of states)
Current peak memory increase of merge-and-shrink computation: 78848 KB

Next pair of indices: (68, 535)
Atomic transition system #68: 2 states, 6 arcs 
Atomic transition system #68: init h=0
Composite transition system with 57/480 vars: 4 states, 36 arcs 
Composite transition system with 57/480 vars: init h=1
t=83.828s (after computation of next merge)
Atomic transition system #68: current size: 2 (shrink threshold: 1)
Atomic transition system #68: applying abstraction (2 to 1 states)
Atomic transition system #68: simplification was not f-preserving!
Atomic transition system #68: computing init and goal distances using unit-cost algorithm
Atomic transition system #68: 1 states, 1 arcs 
Atomic transition system #68: init h=0
Composite transition system with 57/480 vars: current size: 4 (shrink threshold: 1)
Composite transition system with 57/480 vars: not applying abstraction (same number of states)
t=83.8918s (after shrinking)
Merging atomic transition system #68 and composite transition system with 57/480 vars
Composite transition system with 58/480 vars: computing init and goal distances using unit-cost algorithm
Composite transition system with 58/480 vars: 4 states, 36 arcs 
Composite transition system with 58/480 vars: init h=1
Difference of init h values: 0
t=83.8919s (after merging)
Composite transition system with 58/480 vars: not applying abstraction (same number of states)
Current peak memory increase of merge-and-shrink computation: 78848 KB

Next pair of indices: (70, 536)
Atomic transition system #70: 2 states, 6 arcs 
Atomic transition system #70: init h=0
Composite transition system with 58/480 vars: 4 states, 36 arcs 
Composite transition system with 58/480 vars: init h=1
t=85.1611s (after computation of next merge)
Atomic transition system #70: current size: 2 (shrink threshold: 1)
Atomic transition system #70: applying abstraction (2 to 1 states)
Atomic transition system #70: simplification was not f-preserving!
Atomic transition system #70: computing init and goal distances using unit-cost algorithm
Atomic transition system #70: 1 states, 1 arcs 
Atomic transition system #70: init h=0
Composite transition system with 58/480 vars: current size: 4 (shrink threshold: 1)
Composite transition system with 58/480 vars: not applying abstraction (same number of states)
t=85.2236s (after shrinking)
Merging atomic transition system #70 and composite transition system with 58/480 vars
Composite transition system with 59/480 vars: computing init and goal distances using unit-cost algorithm
Composite transition system with 59/480 vars: 4 states, 36 arcs 
Composite transition system with 59/480 vars: init h=1
Difference of init h values: 0
t=85.2236s (after merging)
Composite transition system with 59/480 vars: not applying abstraction (same number of states)
Current peak memory increase of merge-and-shrink computation: 78848 KB

Next pair of indices: (71, 537)
Atomic transition system #71: 2 states, 6 arcs 
Atomic transition system #71: init h=0
Composite transition system with 59/480 vars: 4 states, 36 arcs 
Composite transition system with 59/480 vars: init h=1
t=86.5095s (after computation of next merge)
Atomic transition system #71: current size: 2 (shrink threshold: 1)
Atomic transition system #71: not applying abstraction (same number of states)
Composite transition system with 59/480 vars: current size: 4 (shrink threshold: 1)
Composite transition system with 59/480 vars: not applying abstraction (same number of states)
Merging atomic transition system #71 and composite transition system with 59/480 vars
Composite transition system with 60/480 vars: computing init and goal distances using unit-cost algorithm
Composite transition system with 60/480 vars: 8 states, 104 arcs 
Composite transition system with 60/480 vars: init h=1
Difference of init h values: 0
t=86.5681s (after merging)
Composite transition system with 60/480 vars: not applying abstraction (same number of states)
Current peak memory increase of merge-and-shrink computation: 78848 KB

Next pair of indices: (3, 538)
Atomic transition system #3: 2 states, 6 arcs 
Atomic transition system #3: init h=0
Composite transition system with 60/480 vars: 8 states, 104 arcs 
Composite transition system with 60/480 vars: init h=1
t=87.7743s (after computation of next merge)
Atomic transition system #3: current size: 2 (shrink threshold: 1)
Atomic transition system #3: applying abstraction (2 to 1 states)
Atomic transition system #3: simplification was not f-preserving!
Atomic transition system #3: computing init and goal distances using unit-cost algorithm
Atomic transition system #3: 1 states, 1 arcs 
Atomic transition system #3: init h=0
Composite transition system with 60/480 vars: current size: 8 (shrink threshold: 1)
Composite transition system with 60/480 vars: not applying abstraction (same number of states)
t=87.8382s (after shrinking)
Merging atomic transition system #3 and composite transition system with 60/480 vars
Composite transition system with 61/480 vars: computing init and goal distances using unit-cost algorithm
Composite transition system with 61/480 vars: 8 states, 104 arcs 
Composite transition system with 61/480 vars: init h=1
Difference of init h values: 0
t=87.8383s (after merging)
Composite transition system with 61/480 vars: not applying abstraction (same number of states)
Current peak memory increase of merge-and-shrink computation: 78848 KB

Next pair of indices: (12, 539)
Atomic transition system #12: 2 states, 6 arcs 
Atomic transition system #12: init h=0
Composite transition system with 61/480 vars: 8 states, 104 arcs 
Composite transition system with 61/480 vars: init h=1
t=89.0371s (after computation of next merge)
Atomic transition system #12: current size: 2 (shrink threshold: 1)
Atomic transition system #12: applying abstraction (2 to 1 states)
Atomic transition system #12: simplification was not f-preserving!
Atomic transition system #12: computing init and goal distances using unit-cost algorithm
Atomic transition system #12: 1 states, 1 arcs 
Atomic transition system #12: init h=0
Composite transition system with 61/480 vars: current size: 8 (shrink threshold: 1)
Composite transition system with 61/480 vars: not applying abstraction (same number of states)
t=89.0994s (after shrinking)
Merging atomic transition system #12 and composite transition system with 61/480 vars
Composite transition system with 62/480 vars: computing init and goal distances using unit-cost algorithm
Composite transition system with 62/480 vars: 8 states, 104 arcs 
Composite transition system with 62/480 vars: init h=1
Difference of init h values: 0
t=89.0994s (after merging)
Composite transition system with 62/480 vars: not applying abstraction (same number of states)
Current peak memory increase of merge-and-shrink computation: 78848 KB

Next pair of indices: (18, 540)
Atomic transition system #18: 2 states, 6 arcs 
Atomic transition system #18: init h=0
Composite transition system with 62/480 vars: 8 states, 104 arcs 
Composite transition system with 62/480 vars: init h=1
t=90.3274s (after computation of next merge)
Atomic transition system #18: current size: 2 (shrink threshold: 1)
Atomic transition system #18: applying abstraction (2 to 1 states)
Atomic transition system #18: simplification was not f-preserving!
Atomic transition system #18: computing init and goal distances using unit-cost algorithm
Atomic transition system #18: 1 states, 1 arcs 
Atomic transition system #18: init h=0
Composite transition system with 62/480 vars: current size: 8 (shrink threshold: 1)
Composite transition system with 62/480 vars: not applying abstraction (same number of states)
t=90.4s (after shrinking)
Merging atomic transition system #18 and composite transition system with 62/480 vars
Composite transition system with 63/480 vars: computing init and goal distances using unit-cost algorithm
Composite transition system with 63/480 vars: 8 states, 104 arcs 
Composite transition system with 63/480 vars: init h=1
Difference of init h values: 0
t=90.4s (after merging)
Composite transition system with 63/480 vars: not applying abstraction (same number of states)
Current peak memory increase of merge-and-shrink computation: 78848 KB

Next pair of indices: (19, 541)
Atomic transition system #19: 2 states, 6 arcs 
Atomic transition system #19: init h=0
Composite transition system with 63/480 vars: 8 states, 104 arcs 
Composite transition system with 63/480 vars: init h=1
t=91.8359s (after computation of next merge)
Atomic transition system #19: current size: 2 (shrink threshold: 1)
Atomic transition system #19: applying abstraction (2 to 1 states)
Atomic transition system #19: simplification was not f-preserving!
Atomic transition system #19: computing init and goal distances using unit-cost algorithm
Atomic transition system #19: 1 states, 1 arcs 
Atomic transition system #19: init h=0
Composite transition system with 63/480 vars: current size: 8 (shrink threshold: 1)
Composite transition system with 63/480 vars: not applying abstraction (same number of states)
t=91.9652s (after shrinking)
Merging atomic transition system #19 and composite transition system with 63/480 vars
Composite transition system with 64/480 vars: computing init and goal distances using unit-cost algorithm
Composite transition system with 64/480 vars: 8 states, 104 arcs 
Composite transition system with 64/480 vars: init h=1
Difference of init h values: 0
t=91.9653s (after merging)
Composite transition system with 64/480 vars: not applying abstraction (same number of states)
Current peak memory increase of merge-and-shrink computation: 78848 KB

Next pair of indices: (27, 542)
Atomic transition system #27: 2 states, 6 arcs 
Atomic transition system #27: init h=0
Composite transition system with 64/480 vars: 8 states, 104 arcs 
Composite transition system with 64/480 vars: init h=1
t=93.8361s (after computation of next merge)
Atomic transition system #27: current size: 2 (shrink threshold: 1)
Atomic transition system #27: applying abstraction (2 to 1 states)
Atomic transition system #27: simplification was not f-preserving!
Atomic transition system #27: computing init and goal distances using unit-cost algorithm
Atomic transition system #27: 1 states, 1 arcs 
Atomic transition system #27: init h=0
Composite transition system with 64/480 vars: current size: 8 (shrink threshold: 1)
Composite transition system with 64/480 vars: not applying abstraction (same number of states)
t=93.9193s (after shrinking)
Merging atomic transition system #27 and composite transition system with 64/480 vars
Composite transition system with 65/480 vars: computing init and goal distances using unit-cost algorithm
Composite transition system with 65/480 vars: 8 states, 104 arcs 
Composite transition system with 65/480 vars: init h=1
Difference of init h values: 0
t=93.9194s (after merging)
Composite transition system with 65/480 vars: not applying abstraction (same number of states)
Current peak memory increase of merge-and-shrink computation: 78848 KB

Next pair of indices: (36, 543)
Atomic transition system #36: 2 states, 6 arcs 
Atomic transition system #36: init h=0
Composite transition system with 65/480 vars: 8 states, 104 arcs 
Composite transition system with 65/480 vars: init h=1
t=95.7557s (after computation of next merge)
Atomic transition system #36: current size: 2 (shrink threshold: 1)
Atomic transition system #36: applying abstraction (2 to 1 states)
Atomic transition system #36: simplification was not f-preserving!
Atomic transition system #36: computing init and goal distances using unit-cost algorithm
Atomic transition system #36: 1 states, 1 arcs 
Atomic transition system #36: init h=0
Composite transition system with 65/480 vars: current size: 8 (shrink threshold: 1)
Composite transition system with 65/480 vars: not applying abstraction (same number of states)
t=95.8719s (after shrinking)
Merging atomic transition system #36 and composite transition system with 65/480 vars
Composite transition system with 66/480 vars: computing init and goal distances using unit-cost algorithm
Composite transition system with 66/480 vars: 8 states, 104 arcs 
Composite transition system with 66/480 vars: init h=1
Difference of init h values: 0
t=95.872s (after merging)
Composite transition system with 66/480 vars: not applying abstraction (same number of states)
Current peak memory increase of merge-and-shrink computation: 78848 KB

Next pair of indices: (42, 544)
Atomic transition system #42: 2 states, 6 arcs 
Atomic transition system #42: init h=0
Composite transition system with 66/480 vars: 8 states, 104 arcs 
Composite transition system with 66/480 vars: init h=1
t=97.6411s (after computation of next merge)
Atomic transition system #42: current size: 2 (shrink threshold: 1)
Atomic transition system #42: applying abstraction (2 to 1 states)
Atomic transition system #42: simplification was not f-preserving!
Atomic transition system #42: computing init and goal distances using unit-cost algorithm
Atomic transition system #42: 1 states, 1 arcs 
Atomic transition system #42: init h=0
Composite transition system with 66/480 vars: current size: 8 (shrink threshold: 1)
Composite transition system with 66/480 vars: not applying abstraction (same number of states)
t=97.7092s (after shrinking)
Merging atomic transition system #42 and composite transition system with 66/480 vars
Composite transition system with 67/480 vars: computing init and goal distances using unit-cost algorithm
Composite transition system with 67/480 vars: 8 states, 104 arcs 
Composite transition system with 67/480 vars: init h=1
Difference of init h values: 0
t=97.7092s (after merging)
Composite transition system with 67/480 vars: not applying abstraction (same number of states)
Current peak memory increase of merge-and-shrink computation: 78848 KB

Next pair of indices: (43, 545)
Atomic transition system #43: 2 states, 6 arcs 
Atomic transition system #43: init h=0
Composite transition system with 67/480 vars: 8 states, 104 arcs 
Composite transition system with 67/480 vars: init h=1
t=98.9776s (after computation of next merge)
Atomic transition system #43: current size: 2 (shrink threshold: 1)
Atomic transition system #43: applying abstraction (2 to 1 states)
Atomic transition system #43: simplification was not f-preserving!
Atomic transition system #43: computing init and goal distances using unit-cost algorithm
Atomic transition system #43: 1 states, 1 arcs 
Atomic transition system #43: init h=0
Composite transition system with 67/480 vars: current size: 8 (shrink threshold: 1)
Composite transition system with 67/480 vars: not applying abstraction (same number of states)
t=99.0378s (after shrinking)
Merging atomic transition system #43 and composite transition system with 67/480 vars
Composite transition system with 68/480 vars: computing init and goal distances using unit-cost algorithm
Composite transition system with 68/480 vars: 8 states, 104 arcs 
Composite transition system with 68/480 vars: init h=1
Difference of init h values: 0
t=99.0378s (after merging)
Composite transition system with 68/480 vars: not applying abstraction (same number of states)
Current peak memory increase of merge-and-shrink computation: 78848 KB

Next pair of indices: (51, 546)
Atomic transition system #51: 2 states, 6 arcs 
Atomic transition system #51: init h=0
Composite transition system with 68/480 vars: 8 states, 104 arcs 
Composite transition system with 68/480 vars: init h=1
t=100.292s (after computation of next merge)
Atomic transition system #51: current size: 2 (shrink threshold: 1)
Atomic transition system #51: applying abstraction (2 to 1 states)
Atomic transition system #51: simplification was not f-preserving!
Atomic transition system #51: computing init and goal distances using unit-cost algorithm
Atomic transition system #51: 1 states, 1 arcs 
Atomic transition system #51: init h=0
Composite transition system with 68/480 vars: current size: 8 (shrink threshold: 1)
Composite transition system with 68/480 vars: not applying abstraction (same number of states)
t=100.355s (after shrinking)
Merging atomic transition system #51 and composite transition system with 68/480 vars
Composite transition system with 69/480 vars: computing init and goal distances using unit-cost algorithm
Composite transition system with 69/480 vars: 8 states, 104 arcs 
Composite transition system with 69/480 vars: init h=1
Difference of init h values: 0
t=100.355s (after merging)
Composite transition system with 69/480 vars: not applying abstraction (same number of states)
Current peak memory increase of merge-and-shrink computation: 78848 KB

Next pair of indices: (61, 547)
Atomic transition system #61: 2 states, 6 arcs 
Atomic transition system #61: init h=0
Composite transition system with 69/480 vars: 8 states, 104 arcs 
Composite transition system with 69/480 vars: init h=1
t=101.6s (after computation of next merge)
Atomic transition system #61: current size: 2 (shrink threshold: 1)
Atomic transition system #61: applying abstraction (2 to 1 states)
Atomic transition system #61: simplification was not f-preserving!
Atomic transition system #61: computing init and goal distances using unit-cost algorithm
Atomic transition system #61: 1 states, 1 arcs 
Atomic transition system #61: init h=0
Composite transition system with 69/480 vars: current size: 8 (shrink threshold: 1)
Composite transition system with 69/480 vars: not applying abstraction (same number of states)
t=101.659s (after shrinking)
Merging atomic transition system #61 and composite transition system with 69/480 vars
Composite transition system with 70/480 vars: computing init and goal distances using unit-cost algorithm
Composite transition system with 70/480 vars: 8 states, 104 arcs 
Composite transition system with 70/480 vars: init h=1
Difference of init h values: 0
t=101.659s (after merging)
Composite transition system with 70/480 vars: not applying abstraction (same number of states)
Current peak memory increase of merge-and-shrink computation: 78848 KB

Next pair of indices: (66, 548)
Atomic transition system #66: 2 states, 6 arcs 
Atomic transition system #66: init h=0
Composite transition system with 70/480 vars: 8 states, 104 arcs 
Composite transition system with 70/480 vars: init h=1
t=102.902s (after computation of next merge)
Atomic transition system #66: current size: 2 (shrink threshold: 1)
Atomic transition system #66: applying abstraction (2 to 1 states)
Atomic transition system #66: simplification was not f-preserving!
Atomic transition system #66: computing init and goal distances using unit-cost algorithm
Atomic transition system #66: 1 states, 1 arcs 
Atomic transition system #66: init h=0
Composite transition system with 70/480 vars: current size: 8 (shrink threshold: 1)
Composite transition system with 70/480 vars: not applying abstraction (same number of states)
t=102.958s (after shrinking)
Merging atomic transition system #66 and composite transition system with 70/480 vars
Composite transition system with 71/480 vars: computing init and goal distances using unit-cost algorithm
Composite transition system with 71/480 vars: 8 states, 104 arcs 
Composite transition system with 71/480 vars: init h=1
Difference of init h values: 0
t=102.958s (after merging)
Composite transition system with 71/480 vars: not applying abstraction (same number of states)
Current peak memory increase of merge-and-shrink computation: 78848 KB

Next pair of indices: (69, 549)
Atomic transition system #69: 2 states, 6 arcs 
Atomic transition system #69: init h=0
Composite transition system with 71/480 vars: 8 states, 104 arcs 
Composite transition system with 71/480 vars: init h=1
t=104.212s (after computation of next merge)
Atomic transition system #69: current size: 2 (shrink threshold: 1)
Atomic transition system #69: applying abstraction (2 to 1 states)
Atomic transition system #69: simplification was not f-preserving!
Atomic transition system #69: computing init and goal distances using unit-cost algorithm
Atomic transition system #69: 1 states, 1 arcs 
Atomic transition system #69: init h=0
Composite transition system with 71/480 vars: current size: 8 (shrink threshold: 1)
Composite transition system with 71/480 vars: not applying abstraction (same number of states)
t=104.275s (after shrinking)
Merging atomic transition system #69 and composite transition system with 71/480 vars
Composite transition system with 72/480 vars: computing init and goal distances using unit-cost algorithm
Composite transition system with 72/480 vars: 8 states, 104 arcs 
Composite transition system with 72/480 vars: init h=1
Difference of init h values: 0
t=104.275s (after merging)
Composite transition system with 72/480 vars: not applying abstraction (same number of states)
Current peak memory increase of merge-and-shrink computation: 78848 KB

Next pair of indices: (72, 550)
Atomic transition system #72: 2 states, 6 arcs 
Atomic transition system #72: init h=0
Composite transition system with 72/480 vars: 8 states, 104 arcs 
Composite transition system with 72/480 vars: init h=1
t=105.576s (after computation of next merge)
Atomic transition system #72: current size: 2 (shrink threshold: 1)
Atomic transition system #72: applying abstraction (2 to 1 states)
Atomic transition system #72: simplification was not f-preserving!
Atomic transition system #72: computing init and goal distances using unit-cost algorithm
Atomic transition system #72: 1 states, 1 arcs 
Atomic transition system #72: init h=0
Composite transition system with 72/480 vars: current size: 8 (shrink threshold: 1)
Composite transition system with 72/480 vars: not applying abstraction (same number of states)
t=105.644s (after shrinking)
Merging atomic transition system #72 and composite transition system with 72/480 vars
Composite transition system with 73/480 vars: computing init and goal distances using unit-cost algorithm
Composite transition system with 73/480 vars: 8 states, 104 arcs 
Composite transition system with 73/480 vars: init h=1
Difference of init h values: 0
t=105.644s (after merging)
Composite transition system with 73/480 vars: not applying abstraction (same number of states)
Current peak memory increase of merge-and-shrink computation: 78848 KB

Next pair of indices: (73, 551)
Atomic transition system #73: 2 states, 6 arcs 
Atomic transition system #73: init h=0
Composite transition system with 73/480 vars: 8 states, 104 arcs 
Composite transition system with 73/480 vars: init h=1
t=106.905s (after computation of next merge)
Atomic transition system #73: current size: 2 (shrink threshold: 1)
Atomic transition system #73: applying abstraction (2 to 1 states)
Atomic transition system #73: simplification was not f-preserving!
Atomic transition system #73: computing init and goal distances using unit-cost algorithm
Atomic transition system #73: 1 states, 1 arcs 
Atomic transition system #73: init h=0
Composite transition system with 73/480 vars: current size: 8 (shrink threshold: 1)
Composite transition system with 73/480 vars: not applying abstraction (same number of states)
t=106.963s (after shrinking)
Merging atomic transition system #73 and composite transition system with 73/480 vars
Composite transition system with 74/480 vars: computing init and goal distances using unit-cost algorithm
Composite transition system with 74/480 vars: 8 states, 104 arcs 
Composite transition system with 74/480 vars: init h=1
Difference of init h values: 0
t=106.963s (after merging)
Composite transition system with 74/480 vars: not applying abstraction (same number of states)
Current peak memory increase of merge-and-shrink computation: 78848 KB

Next pair of indices: (74, 552)
Atomic transition system #74: 2 states, 6 arcs 
Atomic transition system #74: init h=0
Composite transition system with 74/480 vars: 8 states, 104 arcs 
Composite transition system with 74/480 vars: init h=1
t=108.215s (after computation of next merge)
Atomic transition system #74: current size: 2 (shrink threshold: 1)
Atomic transition system #74: applying abstraction (2 to 1 states)
Atomic transition system #74: simplification was not f-preserving!
Atomic transition system #74: computing init and goal distances using unit-cost algorithm
Atomic transition system #74: 1 states, 1 arcs 
Atomic transition system #74: init h=0
Composite transition system with 74/480 vars: current size: 8 (shrink threshold: 1)
Composite transition system with 74/480 vars: not applying abstraction (same number of states)
t=108.272s (after shrinking)
Merging atomic transition system #74 and composite transition system with 74/480 vars
Composite transition system with 75/480 vars: computing init and goal distances using unit-cost algorithm
Composite transition system with 75/480 vars: 8 states, 104 arcs 
Composite transition system with 75/480 vars: init h=1
Difference of init h values: 0
t=108.272s (after merging)
Composite transition system with 75/480 vars: not applying abstraction (same number of states)
Current peak memory increase of merge-and-shrink computation: 78848 KB

Next pair of indices: (75, 553)
Atomic transition system #75: 2 states, 6 arcs 
Atomic transition system #75: init h=0
Composite transition system with 75/480 vars: 8 states, 104 arcs 
Composite transition system with 75/480 vars: init h=1
t=109.528s (after computation of next merge)
Atomic transition system #75: current size: 2 (shrink threshold: 1)
Atomic transition system #75: applying abstraction (2 to 1 states)
Atomic transition system #75: simplification was not f-preserving!
Atomic transition system #75: computing init and goal distances using unit-cost algorithm
Atomic transition system #75: 1 states, 1 arcs 
Atomic transition system #75: init h=0
Composite transition system with 75/480 vars: current size: 8 (shrink threshold: 1)
Composite transition system with 75/480 vars: not applying abstraction (same number of states)
t=109.585s (after shrinking)
Merging atomic transition system #75 and composite transition system with 75/480 vars
Composite transition system with 76/480 vars: computing init and goal distances using unit-cost algorithm
Composite transition system with 76/480 vars: 8 states, 104 arcs 
Composite transition system with 76/480 vars: init h=1
Difference of init h values: 0
t=109.585s (after merging)
Composite transition system with 76/480 vars: not applying abstraction (same number of states)
Current peak memory increase of merge-and-shrink computation: 78848 KB

Next pair of indices: (76, 554)
Atomic transition system #76: 2 states, 6 arcs 
Atomic transition system #76: init h=0
Composite transition system with 76/480 vars: 8 states, 104 arcs 
Composite transition system with 76/480 vars: init h=1
t=111.044s (after computation of next merge)
Atomic transition system #76: current size: 2 (shrink threshold: 1)
Atomic transition system #76: applying abstraction (2 to 1 states)
Atomic transition system #76: simplification was not f-preserving!
Atomic transition system #76: computing init and goal distances using unit-cost algorithm
Atomic transition system #76: 1 states, 1 arcs 
Atomic transition system #76: init h=0
Composite transition system with 76/480 vars: current size: 8 (shrink threshold: 1)
Composite transition system with 76/480 vars: not applying abstraction (same number of states)
t=111.129s (after shrinking)
Merging atomic transition system #76 and composite transition system with 76/480 vars
Composite transition system with 77/480 vars: computing init and goal distances using unit-cost algorithm
Composite transition system with 77/480 vars: 8 states, 104 arcs 
Composite transition system with 77/480 vars: init h=1
Difference of init h values: 0
t=111.129s (after merging)
Composite transition system with 77/480 vars: not applying abstraction (same number of states)
Current peak memory increase of merge-and-shrink computation: 78848 KB

Next pair of indices: (77, 555)
Atomic transition system #77: 2 states, 6 arcs 
Atomic transition system #77: init h=0
Composite transition system with 77/480 vars: 8 states, 104 arcs 
Composite transition system with 77/480 vars: init h=1
t=112.77s (after computation of next merge)
Atomic transition system #77: current size: 2 (shrink threshold: 1)
Atomic transition system #77: applying abstraction (2 to 1 states)
Atomic transition system #77: simplification was not f-preserving!
Atomic transition system #77: computing init and goal distances using unit-cost algorithm
Atomic transition system #77: 1 states, 1 arcs 
Atomic transition system #77: init h=0
Composite transition system with 77/480 vars: current size: 8 (shrink threshold: 1)
Composite transition system with 77/480 vars: not applying abstraction (same number of states)
t=112.838s (after shrinking)
Merging atomic transition system #77 and composite transition system with 77/480 vars
Composite transition system with 78/480 vars: computing init and goal distances using unit-cost algorithm
Composite transition system with 78/480 vars: 8 states, 104 arcs 
Composite transition system with 78/480 vars: init h=1
Difference of init h values: 0
t=112.838s (after merging)
Composite transition system with 78/480 vars: not applying abstraction (same number of states)
Current peak memory increase of merge-and-shrink computation: 78848 KB

Next pair of indices: (78, 556)
Atomic transition system #78: 2 states, 6 arcs 
Atomic transition system #78: init h=0
Composite transition system with 78/480 vars: 8 states, 104 arcs 
Composite transition system with 78/480 vars: init h=1
t=114.206s (after computation of next merge)
Atomic transition system #78: current size: 2 (shrink threshold: 1)
Atomic transition system #78: applying abstraction (2 to 1 states)
Atomic transition system #78: simplification was not f-preserving!
Atomic transition system #78: computing init and goal distances using unit-cost algorithm
Atomic transition system #78: 1 states, 1 arcs 
Atomic transition system #78: init h=0
Composite transition system with 78/480 vars: current size: 8 (shrink threshold: 1)
Composite transition system with 78/480 vars: not applying abstraction (same number of states)
t=114.279s (after shrinking)
Merging atomic transition system #78 and composite transition system with 78/480 vars
Composite transition system with 79/480 vars: computing init and goal distances using unit-cost algorithm
Composite transition system with 79/480 vars: 8 states, 104 arcs 
Composite transition system with 79/480 vars: init h=1
Difference of init h values: 0
t=114.279s (after merging)
Composite transition system with 79/480 vars: not applying abstraction (same number of states)
Current peak memory increase of merge-and-shrink computation: 78848 KB

Next pair of indices: (79, 557)
Atomic transition system #79: 2 states, 6 arcs 
Atomic transition system #79: init h=0
Composite transition system with 79/480 vars: 8 states, 104 arcs 
Composite transition system with 79/480 vars: init h=1
t=115.527s (after computation of next merge)
Atomic transition system #79: current size: 2 (shrink threshold: 1)
Atomic transition system #79: applying abstraction (2 to 1 states)
Atomic transition system #79: simplification was not f-preserving!
Atomic transition system #79: computing init and goal distances using unit-cost algorithm
Atomic transition system #79: 1 states, 1 arcs 
Atomic transition system #79: init h=0
Composite transition system with 79/480 vars: current size: 8 (shrink threshold: 1)
Composite transition system with 79/480 vars: not applying abstraction (same number of states)
t=115.587s (after shrinking)
Merging atomic transition system #79 and composite transition system with 79/480 vars
Composite transition system with 80/480 vars: computing init and goal distances using unit-cost algorithm
Composite transition system with 80/480 vars: 8 states, 104 arcs 
Composite transition system with 80/480 vars: init h=1
Difference of init h values: 0
t=115.587s (after merging)
Composite transition system with 80/480 vars: not applying abstraction (same number of states)
Current peak memory increase of merge-and-shrink computation: 78848 KB

Next pair of indices: (80, 558)
Atomic transition system #80: 2 states, 6 arcs 
Atomic transition system #80: init h=0
Composite transition system with 80/480 vars: 8 states, 104 arcs 
Composite transition system with 80/480 vars: init h=1
t=116.813s (after computation of next merge)
Atomic transition system #80: current size: 2 (shrink threshold: 1)
Atomic transition system #80: applying abstraction (2 to 1 states)
Atomic transition system #80: simplification was not f-preserving!
Atomic transition system #80: computing init and goal distances using unit-cost algorithm
Atomic transition system #80: 1 states, 1 arcs 
Atomic transition system #80: init h=0
Composite transition system with 80/480 vars: current size: 8 (shrink threshold: 1)
Composite transition system with 80/480 vars: not applying abstraction (same number of states)
t=116.875s (after shrinking)
Merging atomic transition system #80 and composite transition system with 80/480 vars
Composite transition system with 81/480 vars: computing init and goal distances using unit-cost algorithm
Composite transition system with 81/480 vars: 8 states, 104 arcs 
Composite transition system with 81/480 vars: init h=1
Difference of init h values: 0
t=116.875s (after merging)
Composite transition system with 81/480 vars: not applying abstraction (same number of states)
Current peak memory increase of merge-and-shrink computation: 78848 KB

Next pair of indices: (81, 559)
Atomic transition system #81: 2 states, 6 arcs 
Atomic transition system #81: init h=0
Composite transition system with 81/480 vars: 8 states, 104 arcs 
Composite transition system with 81/480 vars: init h=1
t=118.069s (after computation of next merge)
Atomic transition system #81: current size: 2 (shrink threshold: 1)
Atomic transition system #81: applying abstraction (2 to 1 states)
Atomic transition system #81: simplification was not f-preserving!
Atomic transition system #81: computing init and goal distances using unit-cost algorithm
Atomic transition system #81: 1 states, 1 arcs 
Atomic transition system #81: init h=0
Composite transition system with 81/480 vars: current size: 8 (shrink threshold: 1)
Composite transition system with 81/480 vars: not applying abstraction (same number of states)
t=118.126s (after shrinking)
Merging atomic transition system #81 and composite transition system with 81/480 vars
Composite transition system with 82/480 vars: computing init and goal distances using unit-cost algorithm
Composite transition system with 82/480 vars: 8 states, 104 arcs 
Composite transition system with 82/480 vars: init h=1
Difference of init h values: 0
t=118.126s (after merging)
Composite transition system with 82/480 vars: not applying abstraction (same number of states)
Current peak memory increase of merge-and-shrink computation: 78848 KB

Next pair of indices: (82, 560)
Atomic transition system #82: 2 states, 6 arcs 
Atomic transition system #82: init h=0
Composite transition system with 82/480 vars: 8 states, 104 arcs 
Composite transition system with 82/480 vars: init h=1
t=119.297s (after computation of next merge)
Atomic transition system #82: current size: 2 (shrink threshold: 1)
Atomic transition system #82: applying abstraction (2 to 1 states)
Atomic transition system #82: simplification was not f-preserving!
Atomic transition system #82: computing init and goal distances using unit-cost algorithm
Atomic transition system #82: 1 states, 1 arcs 
Atomic transition system #82: init h=0
Composite transition system with 82/480 vars: current size: 8 (shrink threshold: 1)
Composite transition system with 82/480 vars: not applying abstraction (same number of states)
t=119.353s (after shrinking)
Merging atomic transition system #82 and composite transition system with 82/480 vars
Composite transition system with 83/480 vars: computing init and goal distances using unit-cost algorithm
Composite transition system with 83/480 vars: 8 states, 104 arcs 
Composite transition system with 83/480 vars: init h=1
Difference of init h values: 0
t=119.353s (after merging)
Composite transition system with 83/480 vars: not applying abstraction (same number of states)
Current peak memory increase of merge-and-shrink computation: 78848 KB

Next pair of indices: (83, 561)
Atomic transition system #83: 2 states, 6 arcs 
Atomic transition system #83: init h=0
Composite transition system with 83/480 vars: 8 states, 104 arcs 
Composite transition system with 83/480 vars: init h=1
t=120.548s (after computation of next merge)
Atomic transition system #83: current size: 2 (shrink threshold: 1)
Atomic transition system #83: applying abstraction (2 to 1 states)
Atomic transition system #83: simplification was not f-preserving!
Atomic transition system #83: computing init and goal distances using unit-cost algorithm
Atomic transition system #83: 1 states, 1 arcs 
Atomic transition system #83: init h=0
Composite transition system with 83/480 vars: current size: 8 (shrink threshold: 1)
Composite transition system with 83/480 vars: not applying abstraction (same number of states)
t=120.605s (after shrinking)
Merging atomic transition system #83 and composite transition system with 83/480 vars
Composite transition system with 84/480 vars: computing init and goal distances using unit-cost algorithm
Composite transition system with 84/480 vars: 8 states, 104 arcs 
Composite transition system with 84/480 vars: init h=1
Difference of init h values: 0
t=120.605s (after merging)
Composite transition system with 84/480 vars: not applying abstraction (same number of states)
Current peak memory increase of merge-and-shrink computation: 78848 KB

Next pair of indices: (84, 562)
Atomic transition system #84: 2 states, 6 arcs 
Atomic transition system #84: init h=0
Composite transition system with 84/480 vars: 8 states, 104 arcs 
Composite transition system with 84/480 vars: init h=1
t=121.765s (after computation of next merge)
Atomic transition system #84: current size: 2 (shrink threshold: 1)
Atomic transition system #84: applying abstraction (2 to 1 states)
Atomic transition system #84: simplification was not f-preserving!
Atomic transition system #84: computing init and goal distances using unit-cost algorithm
Atomic transition system #84: 1 states, 1 arcs 
Atomic transition system #84: init h=0
Composite transition system with 84/480 vars: current size: 8 (shrink threshold: 1)
Composite transition system with 84/480 vars: not applying abstraction (same number of states)
t=121.82s (after shrinking)
Merging atomic transition system #84 and composite transition system with 84/480 vars
Composite transition system with 85/480 vars: computing init and goal distances using unit-cost algorithm
Composite transition system with 85/480 vars: 8 states, 104 arcs 
Composite transition system with 85/480 vars: init h=1
Difference of init h values: 0
t=121.82s (after merging)
Composite transition system with 85/480 vars: not applying abstraction (same number of states)
Current peak memory increase of merge-and-shrink computation: 78848 KB

Next pair of indices: (85, 563)
Atomic transition system #85: 2 states, 6 arcs 
Atomic transition system #85: init h=0
Composite transition system with 85/480 vars: 8 states, 104 arcs 
Composite transition system with 85/480 vars: init h=1
t=122.985s (after computation of next merge)
Atomic transition system #85: current size: 2 (shrink threshold: 1)
Atomic transition system #85: applying abstraction (2 to 1 states)
Atomic transition system #85: simplification was not f-preserving!
Atomic transition system #85: computing init and goal distances using unit-cost algorithm
Atomic transition system #85: 1 states, 1 arcs 
Atomic transition system #85: init h=0
Composite transition system with 85/480 vars: current size: 8 (shrink threshold: 1)
Composite transition system with 85/480 vars: not applying abstraction (same number of states)
t=123.036s (after shrinking)
Merging atomic transition system #85 and composite transition system with 85/480 vars
Composite transition system with 86/480 vars: computing init and goal distances using unit-cost algorithm
Composite transition system with 86/480 vars: 8 states, 104 arcs 
Composite transition system with 86/480 vars: init h=1
Difference of init h values: 0
t=123.036s (after merging)
Composite transition system with 86/480 vars: not applying abstraction (same number of states)
Current peak memory increase of merge-and-shrink computation: 78848 KB

Next pair of indices: (86, 564)
Atomic transition system #86: 2 states, 6 arcs 
Atomic transition system #86: init h=0
Composite transition system with 86/480 vars: 8 states, 104 arcs 
Composite transition system with 86/480 vars: init h=1
t=124.193s (after computation of next merge)
Atomic transition system #86: current size: 2 (shrink threshold: 1)
Atomic transition system #86: applying abstraction (2 to 1 states)
Atomic transition system #86: simplification was not f-preserving!
Atomic transition system #86: computing init and goal distances using unit-cost algorithm
Atomic transition system #86: 1 states, 1 arcs 
Atomic transition system #86: init h=0
Composite transition system with 86/480 vars: current size: 8 (shrink threshold: 1)
Composite transition system with 86/480 vars: not applying abstraction (same number of states)
t=124.249s (after shrinking)
Merging atomic transition system #86 and composite transition system with 86/480 vars
Composite transition system with 87/480 vars: computing init and goal distances using unit-cost algorithm
Composite transition system with 87/480 vars: 8 states, 104 arcs 
Composite transition system with 87/480 vars: init h=1
Difference of init h values: 0
t=124.249s (after merging)
Composite transition system with 87/480 vars: not applying abstraction (same number of states)
Current peak memory increase of merge-and-shrink computation: 78848 KB

Next pair of indices: (87, 565)
Atomic transition system #87: 2 states, 6 arcs 
Atomic transition system #87: init h=0
Composite transition system with 87/480 vars: 8 states, 104 arcs 
Composite transition system with 87/480 vars: init h=1
t=125.41s (after computation of next merge)
Atomic transition system #87: current size: 2 (shrink threshold: 1)
Atomic transition system #87: applying abstraction (2 to 1 states)
Atomic transition system #87: simplification was not f-preserving!
Atomic transition system #87: computing init and goal distances using unit-cost algorithm
Atomic transition system #87: 1 states, 1 arcs 
Atomic transition system #87: init h=0
Composite transition system with 87/480 vars: current size: 8 (shrink threshold: 1)
Composite transition system with 87/480 vars: not applying abstraction (same number of states)
t=125.462s (after shrinking)
Merging atomic transition system #87 and composite transition system with 87/480 vars
Composite transition system with 88/480 vars: computing init and goal distances using unit-cost algorithm
Composite transition system with 88/480 vars: 8 states, 104 arcs 
Composite transition system with 88/480 vars: init h=1
Difference of init h values: 0
t=125.462s (after merging)
Composite transition system with 88/480 vars: not applying abstraction (same number of states)
Current peak memory increase of merge-and-shrink computation: 78848 KB

Next pair of indices: (88, 566)
Atomic transition system #88: 2 states, 6 arcs 
Atomic transition system #88: init h=0
Composite transition system with 88/480 vars: 8 states, 104 arcs 
Composite transition system with 88/480 vars: init h=1
t=126.617s (after computation of next merge)
Atomic transition system #88: current size: 2 (shrink threshold: 1)
Atomic transition system #88: applying abstraction (2 to 1 states)
Atomic transition system #88: simplification was not f-preserving!
Atomic transition system #88: computing init and goal distances using unit-cost algorithm
Atomic transition system #88: 1 states, 1 arcs 
Atomic transition system #88: init h=0
Composite transition system with 88/480 vars: current size: 8 (shrink threshold: 1)
Composite transition system with 88/480 vars: not applying abstraction (same number of states)
t=126.67s (after shrinking)
Merging atomic transition system #88 and composite transition system with 88/480 vars
Composite transition system with 89/480 vars: computing init and goal distances using unit-cost algorithm
Composite transition system with 89/480 vars: 8 states, 104 arcs 
Composite transition system with 89/480 vars: init h=1
Difference of init h values: 0
t=126.67s (after merging)
Composite transition system with 89/480 vars: not applying abstraction (same number of states)
Current peak memory increase of merge-and-shrink computation: 78848 KB

Next pair of indices: (89, 567)
Atomic transition system #89: 2 states, 6 arcs 
Atomic transition system #89: init h=0
Composite transition system with 89/480 vars: 8 states, 104 arcs 
Composite transition system with 89/480 vars: init h=1
t=127.843s (after computation of next merge)
Atomic transition system #89: current size: 2 (shrink threshold: 1)
Atomic transition system #89: applying abstraction (2 to 1 states)
Atomic transition system #89: simplification was not f-preserving!
Atomic transition system #89: computing init and goal distances using unit-cost algorithm
Atomic transition system #89: 1 states, 1 arcs 
Atomic transition system #89: init h=0
Composite transition system with 89/480 vars: current size: 8 (shrink threshold: 1)
Composite transition system with 89/480 vars: not applying abstraction (same number of states)
t=127.895s (after shrinking)
Merging atomic transition system #89 and composite transition system with 89/480 vars
Composite transition system with 90/480 vars: computing init and goal distances using unit-cost algorithm
Composite transition system with 90/480 vars: 8 states, 104 arcs 
Composite transition system with 90/480 vars: init h=1
Difference of init h values: 0
t=127.895s (after merging)
Composite transition system with 90/480 vars: not applying abstraction (same number of states)
Current peak memory increase of merge-and-shrink computation: 78848 KB

Next pair of indices: (90, 568)
Atomic transition system #90: 2 states, 6 arcs 
Atomic transition system #90: init h=0
Composite transition system with 90/480 vars: 8 states, 104 arcs 
Composite transition system with 90/480 vars: init h=1
t=129.107s (after computation of next merge)
Atomic transition system #90: current size: 2 (shrink threshold: 1)
Atomic transition system #90: applying abstraction (2 to 1 states)
Atomic transition system #90: simplification was not f-preserving!
Atomic transition system #90: computing init and goal distances using unit-cost algorithm
Atomic transition system #90: 1 states, 1 arcs 
Atomic transition system #90: init h=0
Composite transition system with 90/480 vars: current size: 8 (shrink threshold: 1)
Composite transition system with 90/480 vars: not applying abstraction (same number of states)
t=129.161s (after shrinking)
Merging atomic transition system #90 and composite transition system with 90/480 vars
Composite transition system with 91/480 vars: computing init and goal distances using unit-cost algorithm
Composite transition system with 91/480 vars: 8 states, 104 arcs 
Composite transition system with 91/480 vars: init h=1
Difference of init h values: 0
t=129.161s (after merging)
Composite transition system with 91/480 vars: not applying abstraction (same number of states)
Current peak memory increase of merge-and-shrink computation: 78848 KB

Next pair of indices: (91, 569)
Atomic transition system #91: 2 states, 6 arcs 
Atomic transition system #91: init h=0
Composite transition system with 91/480 vars: 8 states, 104 arcs 
Composite transition system with 91/480 vars: init h=1
t=130.491s (after computation of next merge)
Atomic transition system #91: current size: 2 (shrink threshold: 1)
Atomic transition system #91: applying abstraction (2 to 1 states)
Atomic transition system #91: simplification was not f-preserving!
Atomic transition system #91: computing init and goal distances using unit-cost algorithm
Atomic transition system #91: 1 states, 1 arcs 
Atomic transition system #91: init h=0
Composite transition system with 91/480 vars: current size: 8 (shrink threshold: 1)
Composite transition system with 91/480 vars: not applying abstraction (same number of states)
t=130.564s (after shrinking)
Merging atomic transition system #91 and composite transition system with 91/480 vars
Composite transition system with 92/480 vars: computing init and goal distances using unit-cost algorithm
Composite transition system with 92/480 vars: 8 states, 104 arcs 
Composite transition system with 92/480 vars: init h=1
Difference of init h values: 0
t=130.564s (after merging)
Composite transition system with 92/480 vars: not applying abstraction (same number of states)
Current peak memory increase of merge-and-shrink computation: 78848 KB

Next pair of indices: (92, 570)
Atomic transition system #92: 2 states, 6 arcs 
Atomic transition system #92: init h=0
Composite transition system with 92/480 vars: 8 states, 104 arcs 
Composite transition system with 92/480 vars: init h=1
t=132.281s (after computation of next merge)
Atomic transition system #92: current size: 2 (shrink threshold: 1)
Atomic transition system #92: applying abstraction (2 to 1 states)
Atomic transition system #92: simplification was not f-preserving!
Atomic transition system #92: computing init and goal distances using unit-cost algorithm
Atomic transition system #92: 1 states, 1 arcs 
Atomic transition system #92: init h=0
Composite transition system with 92/480 vars: current size: 8 (shrink threshold: 1)
Composite transition system with 92/480 vars: not applying abstraction (same number of states)
t=132.333s (after shrinking)
Merging atomic transition system #92 and composite transition system with 92/480 vars
Composite transition system with 93/480 vars: computing init and goal distances using unit-cost algorithm
Composite transition system with 93/480 vars: 8 states, 104 arcs 
Composite transition system with 93/480 vars: init h=1
Difference of init h values: 0
t=132.333s (after merging)
Composite transition system with 93/480 vars: not applying abstraction (same number of states)
Current peak memory increase of merge-and-shrink computation: 78848 KB

Next pair of indices: (93, 571)
Atomic transition system #93: 2 states, 6 arcs 
Atomic transition system #93: init h=0
Composite transition system with 93/480 vars: 8 states, 104 arcs 
Composite transition system with 93/480 vars: init h=1
t=133.549s (after computation of next merge)
Atomic transition system #93: current size: 2 (shrink threshold: 1)
Atomic transition system #93: applying abstraction (2 to 1 states)
Atomic transition system #93: simplification was not f-preserving!
Atomic transition system #93: computing init and goal distances using unit-cost algorithm
Atomic transition system #93: 1 states, 1 arcs 
Atomic transition system #93: init h=0
Composite transition system with 93/480 vars: current size: 8 (shrink threshold: 1)
Composite transition system with 93/480 vars: not applying abstraction (same number of states)
t=133.6s (after shrinking)
Merging atomic transition system #93 and composite transition system with 93/480 vars
Composite transition system with 94/480 vars: computing init and goal distances using unit-cost algorithm
Composite transition system with 94/480 vars: 8 states, 104 arcs 
Composite transition system with 94/480 vars: init h=1
Difference of init h values: 0
t=133.6s (after merging)
Composite transition system with 94/480 vars: not applying abstraction (same number of states)
Current peak memory increase of merge-and-shrink computation: 78848 KB

Next pair of indices: (94, 572)
Atomic transition system #94: 2 states, 6 arcs 
Atomic transition system #94: init h=0
Composite transition system with 94/480 vars: 8 states, 104 arcs 
Composite transition system with 94/480 vars: init h=1
t=134.756s (after computation of next merge)
Atomic transition system #94: current size: 2 (shrink threshold: 1)
Atomic transition system #94: applying abstraction (2 to 1 states)
Atomic transition system #94: simplification was not f-preserving!
Atomic transition system #94: computing init and goal distances using unit-cost algorithm
Atomic transition system #94: 1 states, 1 arcs 
Atomic transition system #94: init h=0
Composite transition system with 94/480 vars: current size: 8 (shrink threshold: 1)
Composite transition system with 94/480 vars: not applying abstraction (same number of states)
t=134.805s (after shrinking)
Merging atomic transition system #94 and composite transition system with 94/480 vars
Composite transition system with 95/480 vars: computing init and goal distances using unit-cost algorithm
Composite transition system with 95/480 vars: 8 states, 104 arcs 
Composite transition system with 95/480 vars: init h=1
Difference of init h values: 0
t=134.805s (after merging)
Composite transition system with 95/480 vars: not applying abstraction (same number of states)
Current peak memory increase of merge-and-shrink computation: 78848 KB

Next pair of indices: (95, 573)
Atomic transition system #95: 2 states, 6 arcs 
Atomic transition system #95: init h=1
Composite transition system with 95/480 vars: 8 states, 104 arcs 
Composite transition system with 95/480 vars: init h=1
t=135.947s (after computation of next merge)
Atomic transition system #95: current size: 2 (shrink threshold: 1)
Atomic transition system #95: not applying abstraction (same number of states)
Composite transition system with 95/480 vars: current size: 8 (shrink threshold: 1)
Composite transition system with 95/480 vars: not applying abstraction (same number of states)
Merging atomic transition system #95 and composite transition system with 95/480 vars
Composite transition system with 96/480 vars: computing init and goal distances using unit-cost algorithm
Composite transition system with 96/480 vars: 16 states, 272 arcs 
Composite transition system with 96/480 vars: init h=2
Difference of init h values: 1
t=135.997s (after merging)
Composite transition system with 96/480 vars: not applying abstraction (same number of states)
Current peak memory increase of merge-and-shrink computation: 78848 KB

Next pair of indices: (96, 574)
Atomic transition system #96: 2 states, 6 arcs 
Atomic transition system #96: init h=0
Composite transition system with 96/480 vars: 16 states, 272 arcs 
Composite transition system with 96/480 vars: init h=2
t=137.073s (after computation of next merge)
Atomic transition system #96: current size: 2 (shrink threshold: 1)
Atomic transition system #96: applying abstraction (2 to 1 states)
Atomic transition system #96: simplification was not f-preserving!
Atomic transition system #96: computing init and goal distances using unit-cost algorithm
Atomic transition system #96: 1 states, 1 arcs 
Atomic transition system #96: init h=0
Composite transition system with 96/480 vars: current size: 16 (shrink threshold: 1)
Composite transition system with 96/480 vars: not applying abstraction (same number of states)
t=137.121s (after shrinking)
Merging atomic transition system #96 and composite transition system with 96/480 vars
Composite transition system with 97/480 vars: computing init and goal distances using unit-cost algorithm
Composite transition system with 97/480 vars: 16 states, 272 arcs 
Composite transition system with 97/480 vars: init h=2
Difference of init h values: 0
t=137.121s (after merging)
Composite transition system with 97/480 vars: not applying abstraction (same number of states)
Current peak memory increase of merge-and-shrink computation: 78848 KB

Next pair of indices: (97, 575)
Atomic transition system #97: 2 states, 6 arcs 
Atomic transition system #97: init h=0
Composite transition system with 97/480 vars: 16 states, 272 arcs 
Composite transition system with 97/480 vars: init h=2
t=138.218s (after computation of next merge)
Atomic transition system #97: current size: 2 (shrink threshold: 1)
Atomic transition system #97: applying abstraction (2 to 1 states)
Atomic transition system #97: simplification was not f-preserving!
Atomic transition system #97: computing init and goal distances using unit-cost algorithm
Atomic transition system #97: 1 states, 1 arcs 
Atomic transition system #97: init h=0
Composite transition system with 97/480 vars: current size: 16 (shrink threshold: 1)
Composite transition system with 97/480 vars: not applying abstraction (same number of states)
t=138.266s (after shrinking)
Merging atomic transition system #97 and composite transition system with 97/480 vars
Composite transition system with 98/480 vars: computing init and goal distances using unit-cost algorithm
Composite transition system with 98/480 vars: 16 states, 272 arcs 
Composite transition system with 98/480 vars: init h=2
Difference of init h values: 0
t=138.266s (after merging)
Composite transition system with 98/480 vars: not applying abstraction (same number of states)
Current peak memory increase of merge-and-shrink computation: 78848 KB

Next pair of indices: (98, 576)
Atomic transition system #98: 2 states, 6 arcs 
Atomic transition system #98: init h=0
Composite transition system with 98/480 vars: 16 states, 272 arcs 
Composite transition system with 98/480 vars: init h=2
t=139.351s (after computation of next merge)
Atomic transition system #98: current size: 2 (shrink threshold: 1)
Atomic transition system #98: applying abstraction (2 to 1 states)
Atomic transition system #98: simplification was not f-preserving!
Atomic transition system #98: computing init and goal distances using unit-cost algorithm
Atomic transition system #98: 1 states, 1 arcs 
Atomic transition system #98: init h=0
Composite transition system with 98/480 vars: current size: 16 (shrink threshold: 1)
Composite transition system with 98/480 vars: not applying abstraction (same number of states)
t=139.401s (after shrinking)
Merging atomic transition system #98 and composite transition system with 98/480 vars
Composite transition system with 99/480 vars: computing init and goal distances using unit-cost algorithm
Composite transition system with 99/480 vars: 16 states, 272 arcs 
Composite transition system with 99/480 vars: init h=2
Difference of init h values: 0
t=139.402s (after merging)
Composite transition system with 99/480 vars: not applying abstraction (same number of states)
Current peak memory increase of merge-and-shrink computation: 78848 KB

Next pair of indices: (99, 577)
Atomic transition system #99: 2 states, 6 arcs 
Atomic transition system #99: init h=0
Composite transition system with 99/480 vars: 16 states, 272 arcs 
Composite transition system with 99/480 vars: init h=2
t=140.484s (after computation of next merge)
Atomic transition system #99: current size: 2 (shrink threshold: 1)
Atomic transition system #99: applying abstraction (2 to 1 states)
Atomic transition system #99: simplification was not f-preserving!
Atomic transition system #99: computing init and goal distances using unit-cost algorithm
Atomic transition system #99: 1 states, 1 arcs 
Atomic transition system #99: init h=0
Composite transition system with 99/480 vars: current size: 16 (shrink threshold: 1)
Composite transition system with 99/480 vars: not applying abstraction (same number of states)
t=140.531s (after shrinking)
Merging atomic transition system #99 and composite transition system with 99/480 vars
Composite transition system with 100/480 vars: computing init and goal distances using unit-cost algorithm
Composite transition system with 100/480 vars: 16 states, 272 arcs 
Composite transition system with 100/480 vars: init h=2
Difference of init h values: 0
t=140.531s (after merging)
Composite transition system with 100/480 vars: not applying abstraction (same number of states)
Current peak memory increase of merge-and-shrink computation: 78848 KB

Next pair of indices: (100, 578)
Atomic transition system #100: 2 states, 6 arcs 
Atomic transition system #100: init h=0
Composite transition system with 100/480 vars: 16 states, 272 arcs 
Composite transition system with 100/480 vars: init h=2
t=141.63s (after computation of next merge)
Atomic transition system #100: current size: 2 (shrink threshold: 1)
Atomic transition system #100: applying abstraction (2 to 1 states)
Atomic transition system #100: simplification was not f-preserving!
Atomic transition system #100: computing init and goal distances using unit-cost algorithm
Atomic transition system #100: 1 states, 1 arcs 
Atomic transition system #100: init h=0
Composite transition system with 100/480 vars: current size: 16 (shrink threshold: 1)
Composite transition system with 100/480 vars: not applying abstraction (same number of states)
t=141.682s (after shrinking)
Merging atomic transition system #100 and composite transition system with 100/480 vars
Composite transition system with 101/480 vars: computing init and goal distances using unit-cost algorithm
Composite transition system with 101/480 vars: 16 states, 272 arcs 
Composite transition system with 101/480 vars: init h=2
Difference of init h values: 0
t=141.682s (after merging)
Composite transition system with 101/480 vars: not applying abstraction (same number of states)
Current peak memory increase of merge-and-shrink computation: 78848 KB

Next pair of indices: (101, 579)
Atomic transition system #101: 2 states, 6 arcs 
Atomic transition system #101: init h=0
Composite transition system with 101/480 vars: 16 states, 272 arcs 
Composite transition system with 101/480 vars: init h=2
t=142.819s (after computation of next merge)
Atomic transition system #101: current size: 2 (shrink threshold: 1)
Atomic transition system #101: applying abstraction (2 to 1 states)
Atomic transition system #101: simplification was not f-preserving!
Atomic transition system #101: computing init and goal distances using unit-cost algorithm
Atomic transition system #101: 1 states, 1 arcs 
Atomic transition system #101: init h=0
Composite transition system with 101/480 vars: current size: 16 (shrink threshold: 1)
Composite transition system with 101/480 vars: not applying abstraction (same number of states)
t=142.867s (after shrinking)
Merging atomic transition system #101 and composite transition system with 101/480 vars
Composite transition system with 102/480 vars: computing init and goal distances using unit-cost algorithm
Composite transition system with 102/480 vars: 16 states, 272 arcs 
Composite transition system with 102/480 vars: init h=2
Difference of init h values: 0
t=142.867s (after merging)
Composite transition system with 102/480 vars: not applying abstraction (same number of states)
Current peak memory increase of merge-and-shrink computation: 78848 KB

Next pair of indices: (102, 580)
Atomic transition system #102: 2 states, 6 arcs 
Atomic transition system #102: init h=0
Composite transition system with 102/480 vars: 16 states, 272 arcs 
Composite transition system with 102/480 vars: init h=2
t=143.941s (after computation of next merge)
Atomic transition system #102: current size: 2 (shrink threshold: 1)
Atomic transition system #102: applying abstraction (2 to 1 states)
Atomic transition system #102: simplification was not f-preserving!
Atomic transition system #102: computing init and goal distances using unit-cost algorithm
Atomic transition system #102: 1 states, 1 arcs 
Atomic transition system #102: init h=0
Composite transition system with 102/480 vars: current size: 16 (shrink threshold: 1)
Composite transition system with 102/480 vars: not applying abstraction (same number of states)
t=143.997s (after shrinking)
Merging atomic transition system #102 and composite transition system with 102/480 vars
Composite transition system with 103/480 vars: computing init and goal distances using unit-cost algorithm
Composite transition system with 103/480 vars: 16 states, 272 arcs 
Composite transition system with 103/480 vars: init h=2
Difference of init h values: 0
t=143.997s (after merging)
Composite transition system with 103/480 vars: not applying abstraction (same number of states)
Current peak memory increase of merge-and-shrink computation: 78848 KB

Next pair of indices: (103, 581)
Atomic transition system #103: 2 states, 6 arcs 
Atomic transition system #103: init h=0
Composite transition system with 103/480 vars: 16 states, 272 arcs 
Composite transition system with 103/480 vars: init h=2
t=145.071s (after computation of next merge)
Atomic transition system #103: current size: 2 (shrink threshold: 1)
Atomic transition system #103: applying abstraction (2 to 1 states)
Atomic transition system #103: simplification was not f-preserving!
Atomic transition system #103: computing init and goal distances using unit-cost algorithm
Atomic transition system #103: 1 states, 1 arcs 
Atomic transition system #103: init h=0
Composite transition system with 103/480 vars: current size: 16 (shrink threshold: 1)
Composite transition system with 103/480 vars: not applying abstraction (same number of states)
t=145.119s (after shrinking)
Merging atomic transition system #103 and composite transition system with 103/480 vars
Composite transition system with 104/480 vars: computing init and goal distances using unit-cost algorithm
Composite transition system with 104/480 vars: 16 states, 272 arcs 
Composite transition system with 104/480 vars: init h=2
Difference of init h values: 0
t=145.119s (after merging)
Composite transition system with 104/480 vars: not applying abstraction (same number of states)
Current peak memory increase of merge-and-shrink computation: 78848 KB

Next pair of indices: (104, 582)
Atomic transition system #104: 2 states, 6 arcs 
Atomic transition system #104: init h=0
Composite transition system with 104/480 vars: 16 states, 272 arcs 
Composite transition system with 104/480 vars: init h=2
t=146.178s (after computation of next merge)
Atomic transition system #104: current size: 2 (shrink threshold: 1)
Atomic transition system #104: applying abstraction (2 to 1 states)
Atomic transition system #104: simplification was not f-preserving!
Atomic transition system #104: computing init and goal distances using unit-cost algorithm
Atomic transition system #104: 1 states, 1 arcs 
Atomic transition system #104: init h=0
Composite transition system with 104/480 vars: current size: 16 (shrink threshold: 1)
Composite transition system with 104/480 vars: not applying abstraction (same number of states)
t=146.225s (after shrinking)
Merging atomic transition system #104 and composite transition system with 104/480 vars
Composite transition system with 105/480 vars: computing init and goal distances using unit-cost algorithm
Composite transition system with 105/480 vars: 16 states, 272 arcs 
Composite transition system with 105/480 vars: init h=2
Difference of init h values: 0
t=146.225s (after merging)
Composite transition system with 105/480 vars: not applying abstraction (same number of states)
Current peak memory increase of merge-and-shrink computation: 78848 KB

Next pair of indices: (105, 583)
Atomic transition system #105: 2 states, 6 arcs 
Atomic transition system #105: init h=0
Composite transition system with 105/480 vars: 16 states, 272 arcs 
Composite transition system with 105/480 vars: init h=2
t=147.286s (after computation of next merge)
Atomic transition system #105: current size: 2 (shrink threshold: 1)
Atomic transition system #105: applying abstraction (2 to 1 states)
Atomic transition system #105: simplification was not f-preserving!
Atomic transition system #105: computing init and goal distances using unit-cost algorithm
Atomic transition system #105: 1 states, 1 arcs 
Atomic transition system #105: init h=0
Composite transition system with 105/480 vars: current size: 16 (shrink threshold: 1)
Composite transition system with 105/480 vars: not applying abstraction (same number of states)
t=147.336s (after shrinking)
Merging atomic transition system #105 and composite transition system with 105/480 vars
Composite transition system with 106/480 vars: computing init and goal distances using unit-cost algorithm
Composite transition system with 106/480 vars: 16 states, 272 arcs 
Composite transition system with 106/480 vars: init h=2
Difference of init h values: 0
t=147.336s (after merging)
Composite transition system with 106/480 vars: not applying abstraction (same number of states)
Current peak memory increase of merge-and-shrink computation: 78848 KB

Next pair of indices: (106, 584)
Atomic transition system #106: 2 states, 6 arcs 
Atomic transition system #106: init h=0
Composite transition system with 106/480 vars: 16 states, 272 arcs 
Composite transition system with 106/480 vars: init h=2
t=148.386s (after computation of next merge)
Atomic transition system #106: current size: 2 (shrink threshold: 1)
Atomic transition system #106: applying abstraction (2 to 1 states)
Atomic transition system #106: simplification was not f-preserving!
Atomic transition system #106: computing init and goal distances using unit-cost algorithm
Atomic transition system #106: 1 states, 1 arcs 
Atomic transition system #106: init h=0
Composite transition system with 106/480 vars: current size: 16 (shrink threshold: 1)
Composite transition system with 106/480 vars: not applying abstraction (same number of states)
t=148.432s (after shrinking)
Merging atomic transition system #106 and composite transition system with 106/480 vars
Composite transition system with 107/480 vars: computing init and goal distances using unit-cost algorithm
Composite transition system with 107/480 vars: 16 states, 272 arcs 
Composite transition system with 107/480 vars: init h=2
Difference of init h values: 0
t=148.432s (after merging)
Composite transition system with 107/480 vars: not applying abstraction (same number of states)
Current peak memory increase of merge-and-shrink computation: 78848 KB

Next pair of indices: (107, 585)
Atomic transition system #107: 2 states, 6 arcs 
Atomic transition system #107: init h=0
Composite transition system with 107/480 vars: 16 states, 272 arcs 
Composite transition system with 107/480 vars: init h=2
t=149.481s (after computation of next merge)
Atomic transition system #107: current size: 2 (shrink threshold: 1)
Atomic transition system #107: applying abstraction (2 to 1 states)
Atomic transition system #107: simplification was not f-preserving!
Atomic transition system #107: computing init and goal distances using unit-cost algorithm
Atomic transition system #107: 1 states, 1 arcs 
Atomic transition system #107: init h=0
Composite transition system with 107/480 vars: current size: 16 (shrink threshold: 1)
Composite transition system with 107/480 vars: not applying abstraction (same number of states)
t=149.528s (after shrinking)
Merging atomic transition system #107 and composite transition system with 107/480 vars
Composite transition system with 108/480 vars: computing init and goal distances using unit-cost algorithm
Composite transition system with 108/480 vars: 16 states, 272 arcs 
Composite transition system with 108/480 vars: init h=2
Difference of init h values: 0
t=149.529s (after merging)
Composite transition system with 108/480 vars: not applying abstraction (same number of states)
Current peak memory increase of merge-and-shrink computation: 78848 KB

Next pair of indices: (108, 586)
Atomic transition system #108: 2 states, 6 arcs 
Atomic transition system #108: init h=0
Composite transition system with 108/480 vars: 16 states, 272 arcs 
Composite transition system with 108/480 vars: init h=2
t=150.576s (after computation of next merge)
Atomic transition system #108: current size: 2 (shrink threshold: 1)
Atomic transition system #108: applying abstraction (2 to 1 states)
Atomic transition system #108: simplification was not f-preserving!
Atomic transition system #108: computing init and goal distances using unit-cost algorithm
Atomic transition system #108: 1 states, 1 arcs 
Atomic transition system #108: init h=0
Composite transition system with 108/480 vars: current size: 16 (shrink threshold: 1)
Composite transition system with 108/480 vars: not applying abstraction (same number of states)
t=150.622s (after shrinking)
Merging atomic transition system #108 and composite transition system with 108/480 vars
Composite transition system with 109/480 vars: computing init and goal distances using unit-cost algorithm
Composite transition system with 109/480 vars: 16 states, 272 arcs 
Composite transition system with 109/480 vars: init h=2
Difference of init h values: 0
t=150.622s (after merging)
Composite transition system with 109/480 vars: not applying abstraction (same number of states)
Current peak memory increase of merge-and-shrink computation: 78848 KB

Next pair of indices: (109, 587)
Atomic transition system #109: 2 states, 6 arcs 
Atomic transition system #109: init h=0
Composite transition system with 109/480 vars: 16 states, 272 arcs 
Composite transition system with 109/480 vars: init h=2
t=151.669s (after computation of next merge)
Atomic transition system #109: current size: 2 (shrink threshold: 1)
Atomic transition system #109: applying abstraction (2 to 1 states)
Atomic transition system #109: simplification was not f-preserving!
Atomic transition system #109: computing init and goal distances using unit-cost algorithm
Atomic transition system #109: 1 states, 1 arcs 
Atomic transition system #109: init h=0
Composite transition system with 109/480 vars: current size: 16 (shrink threshold: 1)
Composite transition system with 109/480 vars: not applying abstraction (same number of states)
t=151.715s (after shrinking)
Merging atomic transition system #109 and composite transition system with 109/480 vars
Composite transition system with 110/480 vars: computing init and goal distances using unit-cost algorithm
Composite transition system with 110/480 vars: 16 states, 272 arcs 
Composite transition system with 110/480 vars: init h=2
Difference of init h values: 0
t=151.715s (after merging)
Composite transition system with 110/480 vars: not applying abstraction (same number of states)
Current peak memory increase of merge-and-shrink computation: 78848 KB

Next pair of indices: (110, 588)
Atomic transition system #110: 2 states, 6 arcs 
Atomic transition system #110: init h=0
Composite transition system with 110/480 vars: 16 states, 272 arcs 
Composite transition system with 110/480 vars: init h=2
t=152.755s (after computation of next merge)
Atomic transition system #110: current size: 2 (shrink threshold: 1)
Atomic transition system #110: applying abstraction (2 to 1 states)
Atomic transition system #110: simplification was not f-preserving!
Atomic transition system #110: computing init and goal distances using unit-cost algorithm
Atomic transition system #110: 1 states, 1 arcs 
Atomic transition system #110: init h=0
Composite transition system with 110/480 vars: current size: 16 (shrink threshold: 1)
Composite transition system with 110/480 vars: not applying abstraction (same number of states)
t=152.802s (after shrinking)
Merging atomic transition system #110 and composite transition system with 110/480 vars
Composite transition system with 111/480 vars: computing init and goal distances using unit-cost algorithm
Composite transition system with 111/480 vars: 16 states, 272 arcs 
Composite transition system with 111/480 vars: init h=2
Difference of init h values: 0
t=152.802s (after merging)
Composite transition system with 111/480 vars: not applying abstraction (same number of states)
Current peak memory increase of merge-and-shrink computation: 78848 KB

Next pair of indices: (111, 589)
Atomic transition system #111: 2 states, 6 arcs 
Atomic transition system #111: init h=0
Composite transition system with 111/480 vars: 16 states, 272 arcs 
Composite transition system with 111/480 vars: init h=2
t=153.873s (after computation of next merge)
Atomic transition system #111: current size: 2 (shrink threshold: 1)
Atomic transition system #111: applying abstraction (2 to 1 states)
Atomic transition system #111: simplification was not f-preserving!
Atomic transition system #111: computing init and goal distances using unit-cost algorithm
Atomic transition system #111: 1 states, 1 arcs 
Atomic transition system #111: init h=0
Composite transition system with 111/480 vars: current size: 16 (shrink threshold: 1)
Composite transition system with 111/480 vars: not applying abstraction (same number of states)
t=153.923s (after shrinking)
Merging atomic transition system #111 and composite transition system with 111/480 vars
Composite transition system with 112/480 vars: computing init and goal distances using unit-cost algorithm
Composite transition system with 112/480 vars: 16 states, 272 arcs 
Composite transition system with 112/480 vars: init h=2
Difference of init h values: 0
t=153.923s (after merging)
Composite transition system with 112/480 vars: not applying abstraction (same number of states)
Current peak memory increase of merge-and-shrink computation: 78848 KB

Next pair of indices: (112, 590)
Atomic transition system #112: 2 states, 6 arcs 
Atomic transition system #112: init h=0
Composite transition system with 112/480 vars: 16 states, 272 arcs 
Composite transition system with 112/480 vars: init h=2
t=154.976s (after computation of next merge)
Atomic transition system #112: current size: 2 (shrink threshold: 1)
Atomic transition system #112: applying abstraction (2 to 1 states)
Atomic transition system #112: simplification was not f-preserving!
Atomic transition system #112: computing init and goal distances using unit-cost algorithm
Atomic transition system #112: 1 states, 1 arcs 
Atomic transition system #112: init h=0
Composite transition system with 112/480 vars: current size: 16 (shrink threshold: 1)
Composite transition system with 112/480 vars: not applying abstraction (same number of states)
t=155.02s (after shrinking)
Merging atomic transition system #112 and composite transition system with 112/480 vars
Composite transition system with 113/480 vars: computing init and goal distances using unit-cost algorithm
Composite transition system with 113/480 vars: 16 states, 272 arcs 
Composite transition system with 113/480 vars: init h=2
Difference of init h values: 0
t=155.02s (after merging)
Composite transition system with 113/480 vars: not applying abstraction (same number of states)
Current peak memory increase of merge-and-shrink computation: 78848 KB

Next pair of indices: (113, 591)
Atomic transition system #113: 2 states, 6 arcs 
Atomic transition system #113: init h=0
Composite transition system with 113/480 vars: 16 states, 272 arcs 
Composite transition system with 113/480 vars: init h=2
t=156.103s (after computation of next merge)
Atomic transition system #113: current size: 2 (shrink threshold: 1)
Atomic transition system #113: applying abstraction (2 to 1 states)
Atomic transition system #113: simplification was not f-preserving!
Atomic transition system #113: computing init and goal distances using unit-cost algorithm
Atomic transition system #113: 1 states, 1 arcs 
Atomic transition system #113: init h=0
Composite transition system with 113/480 vars: current size: 16 (shrink threshold: 1)
Composite transition system with 113/480 vars: not applying abstraction (same number of states)
t=156.149s (after shrinking)
Merging atomic transition system #113 and composite transition system with 113/480 vars
Composite transition system with 114/480 vars: computing init and goal distances using unit-cost algorithm
Composite transition system with 114/480 vars: 16 states, 272 arcs 
Composite transition system with 114/480 vars: init h=2
Difference of init h values: 0
t=156.149s (after merging)
Composite transition system with 114/480 vars: not applying abstraction (same number of states)
Current peak memory increase of merge-and-shrink computation: 78848 KB

Next pair of indices: (114, 592)
Atomic transition system #114: 2 states, 6 arcs 
Atomic transition system #114: init h=0
Composite transition system with 114/480 vars: 16 states, 272 arcs 
Composite transition system with 114/480 vars: init h=2
t=157.199s (after computation of next merge)
Atomic transition system #114: current size: 2 (shrink threshold: 1)
Atomic transition system #114: applying abstraction (2 to 1 states)
Atomic transition system #114: simplification was not f-preserving!
Atomic transition system #114: computing init and goal distances using unit-cost algorithm
Atomic transition system #114: 1 states, 1 arcs 
Atomic transition system #114: init h=0
Composite transition system with 114/480 vars: current size: 16 (shrink threshold: 1)
Composite transition system with 114/480 vars: not applying abstraction (same number of states)
t=157.244s (after shrinking)
Merging atomic transition system #114 and composite transition system with 114/480 vars
Composite transition system with 115/480 vars: computing init and goal distances using unit-cost algorithm
Composite transition system with 115/480 vars: 16 states, 272 arcs 
Composite transition system with 115/480 vars: init h=2
Difference of init h values: 0
t=157.244s (after merging)
Composite transition system with 115/480 vars: not applying abstraction (same number of states)
Current peak memory increase of merge-and-shrink computation: 78848 KB

Next pair of indices: (115, 593)
Atomic transition system #115: 2 states, 6 arcs 
Atomic transition system #115: init h=0
Composite transition system with 115/480 vars: 16 states, 272 arcs 
Composite transition system with 115/480 vars: init h=2
t=158.294s (after computation of next merge)
Atomic transition system #115: current size: 2 (shrink threshold: 1)
Atomic transition system #115: applying abstraction (2 to 1 states)
Atomic transition system #115: simplification was not f-preserving!
Atomic transition system #115: computing init and goal distances using unit-cost algorithm
Atomic transition system #115: 1 states, 1 arcs 
Atomic transition system #115: init h=0
Composite transition system with 115/480 vars: current size: 16 (shrink threshold: 1)
Composite transition system with 115/480 vars: not applying abstraction (same number of states)
t=158.337s (after shrinking)
Merging atomic transition system #115 and composite transition system with 115/480 vars
Composite transition system with 116/480 vars: computing init and goal distances using unit-cost algorithm
Composite transition system with 116/480 vars: 16 states, 272 arcs 
Composite transition system with 116/480 vars: init h=2
Difference of init h values: 0
t=158.337s (after merging)
Composite transition system with 116/480 vars: not applying abstraction (same number of states)
Current peak memory increase of merge-and-shrink computation: 78848 KB

Next pair of indices: (116, 594)
Atomic transition system #116: 2 states, 6 arcs 
Atomic transition system #116: init h=0
Composite transition system with 116/480 vars: 16 states, 272 arcs 
Composite transition system with 116/480 vars: init h=2
t=159.382s (after computation of next merge)
Atomic transition system #116: current size: 2 (shrink threshold: 1)
Atomic transition system #116: applying abstraction (2 to 1 states)
Atomic transition system #116: simplification was not f-preserving!
Atomic transition system #116: computing init and goal distances using unit-cost algorithm
Atomic transition system #116: 1 states, 1 arcs 
Atomic transition system #116: init h=0
Composite transition system with 116/480 vars: current size: 16 (shrink threshold: 1)
Composite transition system with 116/480 vars: not applying abstraction (same number of states)
t=159.427s (after shrinking)
Merging atomic transition system #116 and composite transition system with 116/480 vars
Composite transition system with 117/480 vars: computing init and goal distances using unit-cost algorithm
Composite transition system with 117/480 vars: 16 states, 272 arcs 
Composite transition system with 117/480 vars: init h=2
Difference of init h values: 0
t=159.427s (after merging)
Composite transition system with 117/480 vars: not applying abstraction (same number of states)
Current peak memory increase of merge-and-shrink computation: 78848 KB

Next pair of indices: (117, 595)
Atomic transition system #117: 2 states, 6 arcs 
Atomic transition system #117: init h=0
Composite transition system with 117/480 vars: 16 states, 272 arcs 
Composite transition system with 117/480 vars: init h=2
t=160.459s (after computation of next merge)
Atomic transition system #117: current size: 2 (shrink threshold: 1)
Atomic transition system #117: applying abstraction (2 to 1 states)
Atomic transition system #117: simplification was not f-preserving!
Atomic transition system #117: computing init and goal distances using unit-cost algorithm
Atomic transition system #117: 1 states, 1 arcs 
Atomic transition system #117: init h=0
Composite transition system with 117/480 vars: current size: 16 (shrink threshold: 1)
Composite transition system with 117/480 vars: not applying abstraction (same number of states)
t=160.504s (after shrinking)
Merging atomic transition system #117 and composite transition system with 117/480 vars
Composite transition system with 118/480 vars: computing init and goal distances using unit-cost algorithm
Composite transition system with 118/480 vars: 16 states, 272 arcs 
Composite transition system with 118/480 vars: init h=2
Difference of init h values: 0
t=160.504s (after merging)
Composite transition system with 118/480 vars: not applying abstraction (same number of states)
Current peak memory increase of merge-and-shrink computation: 78848 KB

Next pair of indices: (118, 596)
Atomic transition system #118: 2 states, 6 arcs 
Atomic transition system #118: init h=0
Composite transition system with 118/480 vars: 16 states, 272 arcs 
Composite transition system with 118/480 vars: init h=2
t=161.538s (after computation of next merge)
Atomic transition system #118: current size: 2 (shrink threshold: 1)
Atomic transition system #118: applying abstraction (2 to 1 states)
Atomic transition system #118: simplification was not f-preserving!
Atomic transition system #118: computing init and goal distances using unit-cost algorithm
Atomic transition system #118: 1 states, 1 arcs 
Atomic transition system #118: init h=0
Composite transition system with 118/480 vars: current size: 16 (shrink threshold: 1)
Composite transition system with 118/480 vars: not applying abstraction (same number of states)
t=161.58s (after shrinking)
Merging atomic transition system #118 and composite transition system with 118/480 vars
Composite transition system with 119/480 vars: computing init and goal distances using unit-cost algorithm
Composite transition system with 119/480 vars: 16 states, 272 arcs 
Composite transition system with 119/480 vars: init h=2
Difference of init h values: 0
t=161.58s (after merging)
Composite transition system with 119/480 vars: not applying abstraction (same number of states)
Current peak memory increase of merge-and-shrink computation: 78848 KB

Next pair of indices: (119, 597)
Atomic transition system #119: 2 states, 6 arcs 
Atomic transition system #119: init h=1
Composite transition system with 119/480 vars: 16 states, 272 arcs 
Composite transition system with 119/480 vars: init h=2
t=162.61s (after computation of next merge)
Atomic transition system #119: current size: 2 (shrink threshold: 1)
Atomic transition system #119: not applying abstraction (same number of states)
Composite transition system with 119/480 vars: current size: 16 (shrink threshold: 1)
Composite transition system with 119/480 vars: not applying abstraction (same number of states)
Merging atomic transition system #119 and composite transition system with 119/480 vars
Composite transition system with 120/480 vars: computing init and goal distances using unit-cost algorithm
Composite transition system with 120/480 vars: 32 states, 736 arcs 
Composite transition system with 120/480 vars: init h=2
Difference of init h values: 0
t=162.653s (after merging)
Composite transition system with 120/480 vars: not applying abstraction (same number of states)
Current peak memory increase of merge-and-shrink computation: 78848 KB

Next pair of indices: (120, 598)
Atomic transition system #120: 2 states, 6 arcs 
Atomic transition system #120: init h=0
Composite transition system with 120/480 vars: 32 states, 736 arcs 
Composite transition system with 120/480 vars: init h=2
t=163.636s (after computation of next merge)
Atomic transition system #120: current size: 2 (shrink threshold: 1)
Atomic transition system #120: applying abstraction (2 to 1 states)
Atomic transition system #120: simplification was not f-preserving!
Atomic transition system #120: computing init and goal distances using unit-cost algorithm
Atomic transition system #120: 1 states, 1 arcs 
Atomic transition system #120: init h=0
Composite transition system with 120/480 vars: current size: 32 (shrink threshold: 1)
Composite transition system with 120/480 vars: not applying abstraction (same number of states)
t=163.686s (after shrinking)
Merging atomic transition system #120 and composite transition system with 120/480 vars
Composite transition system with 121/480 vars: computing init and goal distances using unit-cost algorithm
Composite transition system with 121/480 vars: 32 states, 736 arcs 
Composite transition system with 121/480 vars: init h=2
Difference of init h values: 0
t=163.686s (after merging)
Composite transition system with 121/480 vars: not applying abstraction (same number of states)
Current peak memory increase of merge-and-shrink computation: 78848 KB

Next pair of indices: (121, 599)
Atomic transition system #121: 2 states, 6 arcs 
Atomic transition system #121: init h=0
Composite transition system with 121/480 vars: 32 states, 736 arcs 
Composite transition system with 121/480 vars: init h=2
t=164.681s (after computation of next merge)
Atomic transition system #121: current size: 2 (shrink threshold: 1)
Atomic transition system #121: applying abstraction (2 to 1 states)
Atomic transition system #121: simplification was not f-preserving!
Atomic transition system #121: computing init and goal distances using unit-cost algorithm
Atomic transition system #121: 1 states, 1 arcs 
Atomic transition system #121: init h=0
Composite transition system with 121/480 vars: current size: 32 (shrink threshold: 1)
Composite transition system with 121/480 vars: not applying abstraction (same number of states)
t=164.725s (after shrinking)
Merging atomic transition system #121 and composite transition system with 121/480 vars
Composite transition system with 122/480 vars: computing init and goal distances using unit-cost algorithm
Composite transition system with 122/480 vars: 32 states, 736 arcs 
Composite transition system with 122/480 vars: init h=2
Difference of init h values: 0
t=164.725s (after merging)
Composite transition system with 122/480 vars: not applying abstraction (same number of states)
Current peak memory increase of merge-and-shrink computation: 78848 KB

Next pair of indices: (122, 600)
Atomic transition system #122: 2 states, 6 arcs 
Atomic transition system #122: init h=0
Composite transition system with 122/480 vars: 32 states, 736 arcs 
Composite transition system with 122/480 vars: init h=2
t=165.713s (after computation of next merge)
Atomic transition system #122: current size: 2 (shrink threshold: 1)
Atomic transition system #122: applying abstraction (2 to 1 states)
Atomic transition system #122: simplification was not f-preserving!
Atomic transition system #122: computing init and goal distances using unit-cost algorithm
Atomic transition system #122: 1 states, 1 arcs 
Atomic transition system #122: init h=0
Composite transition system with 122/480 vars: current size: 32 (shrink threshold: 1)
Composite transition system with 122/480 vars: not applying abstraction (same number of states)
t=165.756s (after shrinking)
Merging atomic transition system #122 and composite transition system with 122/480 vars
Composite transition system with 123/480 vars: computing init and goal distances using unit-cost algorithm
Composite transition system with 123/480 vars: 32 states, 736 arcs 
Composite transition system with 123/480 vars: init h=2
Difference of init h values: 0
t=165.756s (after merging)
Composite transition system with 123/480 vars: not applying abstraction (same number of states)
Current peak memory increase of merge-and-shrink computation: 78848 KB

Next pair of indices: (123, 601)
Atomic transition system #123: 2 states, 6 arcs 
Atomic transition system #123: init h=0
Composite transition system with 123/480 vars: 32 states, 736 arcs 
Composite transition system with 123/480 vars: init h=2
t=166.711s (after computation of next merge)
Atomic transition system #123: current size: 2 (shrink threshold: 1)
Atomic transition system #123: applying abstraction (2 to 1 states)
Atomic transition system #123: simplification was not f-preserving!
Atomic transition system #123: computing init and goal distances using unit-cost algorithm
Atomic transition system #123: 1 states, 1 arcs 
Atomic transition system #123: init h=0
Composite transition system with 123/480 vars: current size: 32 (shrink threshold: 1)
Composite transition system with 123/480 vars: not applying abstraction (same number of states)
t=166.76s (after shrinking)
Merging atomic transition system #123 and composite transition system with 123/480 vars
Composite transition system with 124/480 vars: computing init and goal distances using unit-cost algorithm
Composite transition system with 124/480 vars: 32 states, 736 arcs 
Composite transition system with 124/480 vars: init h=2
Difference of init h values: 0
t=166.76s (after merging)
Composite transition system with 124/480 vars: not applying abstraction (same number of states)
Current peak memory increase of merge-and-shrink computation: 78848 KB

Next pair of indices: (124, 602)
Atomic transition system #124: 2 states, 6 arcs 
Atomic transition system #124: init h=0
Composite transition system with 124/480 vars: 32 states, 736 arcs 
Composite transition system with 124/480 vars: init h=2
t=167.724s (after computation of next merge)
Atomic transition system #124: current size: 2 (shrink threshold: 1)
Atomic transition system #124: applying abstraction (2 to 1 states)
Atomic transition system #124: simplification was not f-preserving!
Atomic transition system #124: computing init and goal distances using unit-cost algorithm
Atomic transition system #124: 1 states, 1 arcs 
Atomic transition system #124: init h=0
Composite transition system with 124/480 vars: current size: 32 (shrink threshold: 1)
Composite transition system with 124/480 vars: not applying abstraction (same number of states)
t=167.766s (after shrinking)
Merging atomic transition system #124 and composite transition system with 124/480 vars
Composite transition system with 125/480 vars: computing init and goal distances using unit-cost algorithm
Composite transition system with 125/480 vars: 32 states, 736 arcs 
Composite transition system with 125/480 vars: init h=2
Difference of init h values: 0
t=167.767s (after merging)
Composite transition system with 125/480 vars: not applying abstraction (same number of states)
Current peak memory increase of merge-and-shrink computation: 78848 KB

Next pair of indices: (125, 603)
Atomic transition system #125: 2 states, 6 arcs 
Atomic transition system #125: init h=0
Composite transition system with 125/480 vars: 32 states, 736 arcs 
Composite transition system with 125/480 vars: init h=2
t=168.733s (after computation of next merge)
Atomic transition system #125: current size: 2 (shrink threshold: 1)
Atomic transition system #125: applying abstraction (2 to 1 states)
Atomic transition system #125: simplification was not f-preserving!
Atomic transition system #125: computing init and goal distances using unit-cost algorithm
Atomic transition system #125: 1 states, 1 arcs 
Atomic transition system #125: init h=0
Composite transition system with 125/480 vars: current size: 32 (shrink threshold: 1)
Composite transition system with 125/480 vars: not applying abstraction (same number of states)
t=168.775s (after shrinking)
Merging atomic transition system #125 and composite transition system with 125/480 vars
Composite transition system with 126/480 vars: computing init and goal distances using unit-cost algorithm
Composite transition system with 126/480 vars: 32 states, 736 arcs 
Composite transition system with 126/480 vars: init h=2
Difference of init h values: 0
t=168.775s (after merging)
Composite transition system with 126/480 vars: not applying abstraction (same number of states)
Current peak memory increase of merge-and-shrink computation: 78848 KB

Next pair of indices: (126, 604)
Atomic transition system #126: 2 states, 6 arcs 
Atomic transition system #126: init h=0
Composite transition system with 126/480 vars: 32 states, 736 arcs 
Composite transition system with 126/480 vars: init h=2
t=169.747s (after computation of next merge)
Atomic transition system #126: current size: 2 (shrink threshold: 1)
Atomic transition system #126: applying abstraction (2 to 1 states)
Atomic transition system #126: simplification was not f-preserving!
Atomic transition system #126: computing init and goal distances using unit-cost algorithm
Atomic transition system #126: 1 states, 1 arcs 
Atomic transition system #126: init h=0
Composite transition system with 126/480 vars: current size: 32 (shrink threshold: 1)
Composite transition system with 126/480 vars: not applying abstraction (same number of states)
t=169.79s (after shrinking)
Merging atomic transition system #126 and composite transition system with 126/480 vars
Composite transition system with 127/480 vars: computing init and goal distances using unit-cost algorithm
Composite transition system with 127/480 vars: 32 states, 736 arcs 
Composite transition system with 127/480 vars: init h=2
Difference of init h values: 0
t=169.79s (after merging)
Composite transition system with 127/480 vars: not applying abstraction (same number of states)
Current peak memory increase of merge-and-shrink computation: 78848 KB

Next pair of indices: (127, 605)
Atomic transition system #127: 2 states, 6 arcs 
Atomic transition system #127: init h=0
Composite transition system with 127/480 vars: 32 states, 736 arcs 
Composite transition system with 127/480 vars: init h=2
t=170.751s (after computation of next merge)
Atomic transition system #127: current size: 2 (shrink threshold: 1)
Atomic transition system #127: applying abstraction (2 to 1 states)
Atomic transition system #127: simplification was not f-preserving!
Atomic transition system #127: computing init and goal distances using unit-cost algorithm
Atomic transition system #127: 1 states, 1 arcs 
Atomic transition system #127: init h=0
Composite transition system with 127/480 vars: current size: 32 (shrink threshold: 1)
Composite transition system with 127/480 vars: not applying abstraction (same number of states)
t=170.793s (after shrinking)
Merging atomic transition system #127 and composite transition system with 127/480 vars
Composite transition system with 128/480 vars: computing init and goal distances using unit-cost algorithm
Composite transition system with 128/480 vars: 32 states, 736 arcs 
Composite transition system with 128/480 vars: init h=2
Difference of init h values: 0
t=170.793s (after merging)
Composite transition system with 128/480 vars: not applying abstraction (same number of states)
Current peak memory increase of merge-and-shrink computation: 78848 KB

Next pair of indices: (128, 606)
Atomic transition system #128: 2 states, 6 arcs 
Atomic transition system #128: init h=0
Composite transition system with 128/480 vars: 32 states, 736 arcs 
Composite transition system with 128/480 vars: init h=2
t=171.751s (after computation of next merge)
Atomic transition system #128: current size: 2 (shrink threshold: 1)
Atomic transition system #128: applying abstraction (2 to 1 states)
Atomic transition system #128: simplification was not f-preserving!
Atomic transition system #128: computing init and goal distances using unit-cost algorithm
Atomic transition system #128: 1 states, 1 arcs 
Atomic transition system #128: init h=0
Composite transition system with 128/480 vars: current size: 32 (shrink threshold: 1)
Composite transition system with 128/480 vars: not applying abstraction (same number of states)
t=171.792s (after shrinking)
Merging atomic transition system #128 and composite transition system with 128/480 vars
Composite transition system with 129/480 vars: computing init and goal distances using unit-cost algorithm
Composite transition system with 129/480 vars: 32 states, 736 arcs 
Composite transition system with 129/480 vars: init h=2
Difference of init h values: 0
t=171.792s (after merging)
Composite transition system with 129/480 vars: not applying abstraction (same number of states)
Current peak memory increase of merge-and-shrink computation: 78848 KB

Next pair of indices: (129, 607)
Atomic transition system #129: 2 states, 6 arcs 
Atomic transition system #129: init h=0
Composite transition system with 129/480 vars: 32 states, 736 arcs 
Composite transition system with 129/480 vars: init h=2
t=172.784s (after computation of next merge)
Atomic transition system #129: current size: 2 (shrink threshold: 1)
Atomic transition system #129: applying abstraction (2 to 1 states)
Atomic transition system #129: simplification was not f-preserving!
Atomic transition system #129: computing init and goal distances using unit-cost algorithm
Atomic transition system #129: 1 states, 1 arcs 
Atomic transition system #129: init h=0
Composite transition system with 129/480 vars: current size: 32 (shrink threshold: 1)
Composite transition system with 129/480 vars: not applying abstraction (same number of states)
t=172.828s (after shrinking)
Merging atomic transition system #129 and composite transition system with 129/480 vars
Composite transition system with 130/480 vars: computing init and goal distances using unit-cost algorithm
Composite transition system with 130/480 vars: 32 states, 736 arcs 
Composite transition system with 130/480 vars: init h=2
Difference of init h values: 0
t=172.828s (after merging)
Composite transition system with 130/480 vars: not applying abstraction (same number of states)
Current peak memory increase of merge-and-shrink computation: 78848 KB

Next pair of indices: (130, 608)
Atomic transition system #130: 2 states, 6 arcs 
Atomic transition system #130: init h=0
Composite transition system with 130/480 vars: 32 states, 736 arcs 
Composite transition system with 130/480 vars: init h=2
t=173.802s (after computation of next merge)
Atomic transition system #130: current size: 2 (shrink threshold: 1)
Atomic transition system #130: applying abstraction (2 to 1 states)
Atomic transition system #130: simplification was not f-preserving!
Atomic transition system #130: computing init and goal distances using unit-cost algorithm
Atomic transition system #130: 1 states, 1 arcs 
Atomic transition system #130: init h=0
Composite transition system with 130/480 vars: current size: 32 (shrink threshold: 1)
Composite transition system with 130/480 vars: not applying abstraction (same number of states)
t=173.843s (after shrinking)
Merging atomic transition system #130 and composite transition system with 130/480 vars
Composite transition system with 131/480 vars: computing init and goal distances using unit-cost algorithm
Composite transition system with 131/480 vars: 32 states, 736 arcs 
Composite transition system with 131/480 vars: init h=2
Difference of init h values: 0
t=173.843s (after merging)
Composite transition system with 131/480 vars: not applying abstraction (same number of states)
Current peak memory increase of merge-and-shrink computation: 78848 KB

Next pair of indices: (131, 609)
Atomic transition system #131: 2 states, 6 arcs 
Atomic transition system #131: init h=0
Composite transition system with 131/480 vars: 32 states, 736 arcs 
Composite transition system with 131/480 vars: init h=2
t=174.791s (after computation of next merge)
Atomic transition system #131: current size: 2 (shrink threshold: 1)
Atomic transition system #131: applying abstraction (2 to 1 states)
Atomic transition system #131: simplification was not f-preserving!
Atomic transition system #131: computing init and goal distances using unit-cost algorithm
Atomic transition system #131: 1 states, 1 arcs 
Atomic transition system #131: init h=0
Composite transition system with 131/480 vars: current size: 32 (shrink threshold: 1)
Composite transition system with 131/480 vars: not applying abstraction (same number of states)
t=174.836s (after shrinking)
Merging atomic transition system #131 and composite transition system with 131/480 vars
Composite transition system with 132/480 vars: computing init and goal distances using unit-cost algorithm
Composite transition system with 132/480 vars: 32 states, 736 arcs 
Composite transition system with 132/480 vars: init h=2
Difference of init h values: 0
t=174.836s (after merging)
Composite transition system with 132/480 vars: not applying abstraction (same number of states)
Current peak memory increase of merge-and-shrink computation: 78848 KB

Next pair of indices: (132, 610)
Atomic transition system #132: 2 states, 6 arcs 
Atomic transition system #132: init h=0
Composite transition system with 132/480 vars: 32 states, 736 arcs 
Composite transition system with 132/480 vars: init h=2
t=175.771s (after computation of next merge)
Atomic transition system #132: current size: 2 (shrink threshold: 1)
Atomic transition system #132: applying abstraction (2 to 1 states)
Atomic transition system #132: simplification was not f-preserving!
Atomic transition system #132: computing init and goal distances using unit-cost algorithm
Atomic transition system #132: 1 states, 1 arcs 
Atomic transition system #132: init h=0
Composite transition system with 132/480 vars: current size: 32 (shrink threshold: 1)
Composite transition system with 132/480 vars: not applying abstraction (same number of states)
t=175.818s (after shrinking)
Merging atomic transition system #132 and composite transition system with 132/480 vars
Composite transition system with 133/480 vars: computing init and goal distances using unit-cost algorithm
Composite transition system with 133/480 vars: 32 states, 736 arcs 
Composite transition system with 133/480 vars: init h=2
Difference of init h values: 0
t=175.818s (after merging)
Composite transition system with 133/480 vars: not applying abstraction (same number of states)
Current peak memory increase of merge-and-shrink computation: 78848 KB

Next pair of indices: (133, 611)
Atomic transition system #133: 2 states, 6 arcs 
Atomic transition system #133: init h=0
Composite transition system with 133/480 vars: 32 states, 736 arcs 
Composite transition system with 133/480 vars: init h=2
t=176.745s (after computation of next merge)
Atomic transition system #133: current size: 2 (shrink threshold: 1)
Atomic transition system #133: applying abstraction (2 to 1 states)
Atomic transition system #133: simplification was not f-preserving!
Atomic transition system #133: computing init and goal distances using unit-cost algorithm
Atomic transition system #133: 1 states, 1 arcs 
Atomic transition system #133: init h=0
Composite transition system with 133/480 vars: current size: 32 (shrink threshold: 1)
Composite transition system with 133/480 vars: not applying abstraction (same number of states)
t=176.788s (after shrinking)
Merging atomic transition system #133 and composite transition system with 133/480 vars
Composite transition system with 134/480 vars: computing init and goal distances using unit-cost algorithm
Composite transition system with 134/480 vars: 32 states, 736 arcs 
Composite transition system with 134/480 vars: init h=2
Difference of init h values: 0
t=176.788s (after merging)
Composite transition system with 134/480 vars: not applying abstraction (same number of states)
Current peak memory increase of merge-and-shrink computation: 78848 KB

Next pair of indices: (134, 612)
Atomic transition system #134: 2 states, 6 arcs 
Atomic transition system #134: init h=0
Composite transition system with 134/480 vars: 32 states, 736 arcs 
Composite transition system with 134/480 vars: init h=2
t=177.717s (after computation of next merge)
Atomic transition system #134: current size: 2 (shrink threshold: 1)
Atomic transition system #134: applying abstraction (2 to 1 states)
Atomic transition system #134: simplification was not f-preserving!
Atomic transition system #134: computing init and goal distances using unit-cost algorithm
Atomic transition system #134: 1 states, 1 arcs 
Atomic transition system #134: init h=0
Composite transition system with 134/480 vars: current size: 32 (shrink threshold: 1)
Composite transition system with 134/480 vars: not applying abstraction (same number of states)
t=177.762s (after shrinking)
Merging atomic transition system #134 and composite transition system with 134/480 vars
Composite transition system with 135/480 vars: computing init and goal distances using unit-cost algorithm
Composite transition system with 135/480 vars: 32 states, 736 arcs 
Composite transition system with 135/480 vars: init h=2
Difference of init h values: 0
t=177.762s (after merging)
Composite transition system with 135/480 vars: not applying abstraction (same number of states)
Current peak memory increase of merge-and-shrink computation: 78848 KB

Next pair of indices: (135, 613)
Atomic transition system #135: 2 states, 6 arcs 
Atomic transition system #135: init h=0
Composite transition system with 135/480 vars: 32 states, 736 arcs 
Composite transition system with 135/480 vars: init h=2
t=178.693s (after computation of next merge)
Atomic transition system #135: current size: 2 (shrink threshold: 1)
Atomic transition system #135: applying abstraction (2 to 1 states)
Atomic transition system #135: simplification was not f-preserving!
Atomic transition system #135: computing init and goal distances using unit-cost algorithm
Atomic transition system #135: 1 states, 1 arcs 
Atomic transition system #135: init h=0
Composite transition system with 135/480 vars: current size: 32 (shrink threshold: 1)
Composite transition system with 135/480 vars: not applying abstraction (same number of states)
t=178.733s (after shrinking)
Merging atomic transition system #135 and composite transition system with 135/480 vars
Composite transition system with 136/480 vars: computing init and goal distances using unit-cost algorithm
Composite transition system with 136/480 vars: 32 states, 736 arcs 
Composite transition system with 136/480 vars: init h=2
Difference of init h values: 0
t=178.733s (after merging)
Composite transition system with 136/480 vars: not applying abstraction (same number of states)
Current peak memory increase of merge-and-shrink computation: 78848 KB

Next pair of indices: (136, 614)
Atomic transition system #136: 2 states, 6 arcs 
Atomic transition system #136: init h=0
Composite transition system with 136/480 vars: 32 states, 736 arcs 
Composite transition system with 136/480 vars: init h=2
t=179.655s (after computation of next merge)
Atomic transition system #136: current size: 2 (shrink threshold: 1)
Atomic transition system #136: applying abstraction (2 to 1 states)
Atomic transition system #136: simplification was not f-preserving!
Atomic transition system #136: computing init and goal distances using unit-cost algorithm
Atomic transition system #136: 1 states, 1 arcs 
Atomic transition system #136: init h=0
Composite transition system with 136/480 vars: current size: 32 (shrink threshold: 1)
Composite transition system with 136/480 vars: not applying abstraction (same number of states)
t=179.7s (after shrinking)
Merging atomic transition system #136 and composite transition system with 136/480 vars
Composite transition system with 137/480 vars: computing init and goal distances using unit-cost algorithm
Composite transition system with 137/480 vars: 32 states, 736 arcs 
Composite transition system with 137/480 vars: init h=2
Difference of init h values: 0
t=179.7s (after merging)
Composite transition system with 137/480 vars: not applying abstraction (same number of states)
Current peak memory increase of merge-and-shrink computation: 78848 KB

Next pair of indices: (137, 615)
Atomic transition system #137: 2 states, 6 arcs 
Atomic transition system #137: init h=0
Composite transition system with 137/480 vars: 32 states, 736 arcs 
Composite transition system with 137/480 vars: init h=2
t=180.619s (after computation of next merge)
Atomic transition system #137: current size: 2 (shrink threshold: 1)
Atomic transition system #137: applying abstraction (2 to 1 states)
Atomic transition system #137: simplification was not f-preserving!
Atomic transition system #137: computing init and goal distances using unit-cost algorithm
Atomic transition system #137: 1 states, 1 arcs 
Atomic transition system #137: init h=0
Composite transition system with 137/480 vars: current size: 32 (shrink threshold: 1)
Composite transition system with 137/480 vars: not applying abstraction (same number of states)
t=180.657s (after shrinking)
Merging atomic transition system #137 and composite transition system with 137/480 vars
Composite transition system with 138/480 vars: computing init and goal distances using unit-cost algorithm
Composite transition system with 138/480 vars: 32 states, 736 arcs 
Composite transition system with 138/480 vars: init h=2
Difference of init h values: 0
t=180.658s (after merging)
Composite transition system with 138/480 vars: not applying abstraction (same number of states)
Current peak memory increase of merge-and-shrink computation: 78848 KB

Next pair of indices: (138, 616)
Atomic transition system #138: 2 states, 6 arcs 
Atomic transition system #138: init h=0
Composite transition system with 138/480 vars: 32 states, 736 arcs 
Composite transition system with 138/480 vars: init h=2
t=181.574s (after computation of next merge)
Atomic transition system #138: current size: 2 (shrink threshold: 1)
Atomic transition system #138: applying abstraction (2 to 1 states)
Atomic transition system #138: simplification was not f-preserving!
Atomic transition system #138: computing init and goal distances using unit-cost algorithm
Atomic transition system #138: 1 states, 1 arcs 
Atomic transition system #138: init h=0
Composite transition system with 138/480 vars: current size: 32 (shrink threshold: 1)
Composite transition system with 138/480 vars: not applying abstraction (same number of states)
t=181.619s (after shrinking)
Merging atomic transition system #138 and composite transition system with 138/480 vars
Composite transition system with 139/480 vars: computing init and goal distances using unit-cost algorithm
Composite transition system with 139/480 vars: 32 states, 736 arcs 
Composite transition system with 139/480 vars: init h=2
Difference of init h values: 0
t=181.619s (after merging)
Composite transition system with 139/480 vars: not applying abstraction (same number of states)
Current peak memory increase of merge-and-shrink computation: 78848 KB

Next pair of indices: (139, 617)
Atomic transition system #139: 2 states, 6 arcs 
Atomic transition system #139: init h=0
Composite transition system with 139/480 vars: 32 states, 736 arcs 
Composite transition system with 139/480 vars: init h=2
t=182.568s (after computation of next merge)
Atomic transition system #139: current size: 2 (shrink threshold: 1)
Atomic transition system #139: applying abstraction (2 to 1 states)
Atomic transition system #139: simplification was not f-preserving!
Atomic transition system #139: computing init and goal distances using unit-cost algorithm
Atomic transition system #139: 1 states, 1 arcs 
Atomic transition system #139: init h=0
Composite transition system with 139/480 vars: current size: 32 (shrink threshold: 1)
Composite transition system with 139/480 vars: not applying abstraction (same number of states)
t=182.612s (after shrinking)
Merging atomic transition system #139 and composite transition system with 139/480 vars
Composite transition system with 140/480 vars: computing init and goal distances using unit-cost algorithm
Composite transition system with 140/480 vars: 32 states, 736 arcs 
Composite transition system with 140/480 vars: init h=2
Difference of init h values: 0
t=182.613s (after merging)
Composite transition system with 140/480 vars: not applying abstraction (same number of states)
Current peak memory increase of merge-and-shrink computation: 78848 KB

Next pair of indices: (140, 618)
Atomic transition system #140: 2 states, 6 arcs 
Atomic transition system #140: init h=0
Composite transition system with 140/480 vars: 32 states, 736 arcs 
Composite transition system with 140/480 vars: init h=2
t=183.569s (after computation of next merge)
Atomic transition system #140: current size: 2 (shrink threshold: 1)
Atomic transition system #140: applying abstraction (2 to 1 states)
Atomic transition system #140: simplification was not f-preserving!
Atomic transition system #140: computing init and goal distances using unit-cost algorithm
Atomic transition system #140: 1 states, 1 arcs 
Atomic transition system #140: init h=0
Composite transition system with 140/480 vars: current size: 32 (shrink threshold: 1)
Composite transition system with 140/480 vars: not applying abstraction (same number of states)
t=183.609s (after shrinking)
Merging atomic transition system #140 and composite transition system with 140/480 vars
Composite transition system with 141/480 vars: computing init and goal distances using unit-cost algorithm
Composite transition system with 141/480 vars: 32 states, 736 arcs 
Composite transition system with 141/480 vars: init h=2
Difference of init h values: 0
t=183.609s (after merging)
Composite transition system with 141/480 vars: not applying abstraction (same number of states)
Current peak memory increase of merge-and-shrink computation: 78848 KB

Next pair of indices: (141, 619)
Atomic transition system #141: 2 states, 6 arcs 
Atomic transition system #141: init h=0
Composite transition system with 141/480 vars: 32 states, 736 arcs 
Composite transition system with 141/480 vars: init h=2
t=184.552s (after computation of next merge)
Atomic transition system #141: current size: 2 (shrink threshold: 1)
Atomic transition system #141: applying abstraction (2 to 1 states)
Atomic transition system #141: simplification was not f-preserving!
Atomic transition system #141: computing init and goal distances using unit-cost algorithm
Atomic transition system #141: 1 states, 1 arcs 
Atomic transition system #141: init h=0
Composite transition system with 141/480 vars: current size: 32 (shrink threshold: 1)
Composite transition system with 141/480 vars: not applying abstraction (same number of states)
t=184.595s (after shrinking)
Merging atomic transition system #141 and composite transition system with 141/480 vars
Composite transition system with 142/480 vars: computing init and goal distances using unit-cost algorithm
Composite transition system with 142/480 vars: 32 states, 736 arcs 
Composite transition system with 142/480 vars: init h=2
Difference of init h values: 0
t=184.595s (after merging)
Composite transition system with 142/480 vars: not applying abstraction (same number of states)
Current peak memory increase of merge-and-shrink computation: 78848 KB

Next pair of indices: (142, 620)
Atomic transition system #142: 2 states, 6 arcs 
Atomic transition system #142: init h=0
Composite transition system with 142/480 vars: 32 states, 736 arcs 
Composite transition system with 142/480 vars: init h=2
t=185.543s (after computation of next merge)
Atomic transition system #142: current size: 2 (shrink threshold: 1)
Atomic transition system #142: applying abstraction (2 to 1 states)
Atomic transition system #142: simplification was not f-preserving!
Atomic transition system #142: computing init and goal distances using unit-cost algorithm
Atomic transition system #142: 1 states, 1 arcs 
Atomic transition system #142: init h=0
Composite transition system with 142/480 vars: current size: 32 (shrink threshold: 1)
Composite transition system with 142/480 vars: not applying abstraction (same number of states)
t=185.587s (after shrinking)
Merging atomic transition system #142 and composite transition system with 142/480 vars
Composite transition system with 143/480 vars: computing init and goal distances using unit-cost algorithm
Composite transition system with 143/480 vars: 32 states, 736 arcs 
Composite transition system with 143/480 vars: init h=2
Difference of init h values: 0
t=185.587s (after merging)
Composite transition system with 143/480 vars: not applying abstraction (same number of states)
Current peak memory increase of merge-and-shrink computation: 78848 KB

Next pair of indices: (143, 621)
Atomic transition system #143: 2 states, 6 arcs 
Atomic transition system #143: init h=1
Composite transition system with 143/480 vars: 32 states, 736 arcs 
Composite transition system with 143/480 vars: init h=2
t=186.529s (after computation of next merge)
Atomic transition system #143: current size: 2 (shrink threshold: 1)
Atomic transition system #143: not applying abstraction (same number of states)
Composite transition system with 143/480 vars: current size: 32 (shrink threshold: 1)
Composite transition system with 143/480 vars: not applying abstraction (same number of states)
Merging atomic transition system #143 and composite transition system with 143/480 vars
Composite transition system with 144/480 vars: computing init and goal distances using unit-cost algorithm
Composite transition system with 144/480 vars: 64 states, 1856 arcs 
Composite transition system with 144/480 vars: init h=2
Difference of init h values: 0
t=186.574s (after merging)
Composite transition system with 144/480 vars: not applying abstraction (same number of states)
Current peak memory increase of merge-and-shrink computation: 78848 KB

Next pair of indices: (144, 622)
Atomic transition system #144: 2 states, 6 arcs 
Atomic transition system #144: init h=0
Composite transition system with 144/480 vars: 64 states, 1856 arcs 
Composite transition system with 144/480 vars: init h=2
t=187.46s (after computation of next merge)
Atomic transition system #144: current size: 2 (shrink threshold: 1)
Atomic transition system #144: applying abstraction (2 to 1 states)
Atomic transition system #144: simplification was not f-preserving!
Atomic transition system #144: computing init and goal distances using unit-cost algorithm
Atomic transition system #144: 1 states, 1 arcs 
Atomic transition system #144: init h=0
Composite transition system with 144/480 vars: current size: 64 (shrink threshold: 1)
Composite transition system with 144/480 vars: not applying abstraction (same number of states)
t=187.499s (after shrinking)
Merging atomic transition system #144 and composite transition system with 144/480 vars
Composite transition system with 145/480 vars: computing init and goal distances using unit-cost algorithm
Composite transition system with 145/480 vars: 64 states, 1856 arcs 
Composite transition system with 145/480 vars: init h=2
Difference of init h values: 0
t=187.499s (after merging)
Composite transition system with 145/480 vars: not applying abstraction (same number of states)
Current peak memory increase of merge-and-shrink computation: 78848 KB

Next pair of indices: (145, 623)
Atomic transition system #145: 2 states, 6 arcs 
Atomic transition system #145: init h=0
Composite transition system with 145/480 vars: 64 states, 1856 arcs 
Composite transition system with 145/480 vars: init h=2
t=188.407s (after computation of next merge)
Atomic transition system #145: current size: 2 (shrink threshold: 1)
Atomic transition system #145: applying abstraction (2 to 1 states)
Atomic transition system #145: simplification was not f-preserving!
Atomic transition system #145: computing init and goal distances using unit-cost algorithm
Atomic transition system #145: 1 states, 1 arcs 
Atomic transition system #145: init h=0
Composite transition system with 145/480 vars: current size: 64 (shrink threshold: 1)
Composite transition system with 145/480 vars: not applying abstraction (same number of states)
t=188.445s (after shrinking)
Merging atomic transition system #145 and composite transition system with 145/480 vars
Composite transition system with 146/480 vars: computing init and goal distances using unit-cost algorithm
Composite transition system with 146/480 vars: 64 states, 1856 arcs 
Composite transition system with 146/480 vars: init h=2
Difference of init h values: 0
t=188.446s (after merging)
Composite transition system with 146/480 vars: not applying abstraction (same number of states)
Current peak memory increase of merge-and-shrink computation: 78848 KB

Next pair of indices: (146, 624)
Atomic transition system #146: 2 states, 6 arcs 
Atomic transition system #146: init h=0
Composite transition system with 146/480 vars: 64 states, 1856 arcs 
Composite transition system with 146/480 vars: init h=2
t=189.34s (after computation of next merge)
Atomic transition system #146: current size: 2 (shrink threshold: 1)
Atomic transition system #146: applying abstraction (2 to 1 states)
Atomic transition system #146: simplification was not f-preserving!
Atomic transition system #146: computing init and goal distances using unit-cost algorithm
Atomic transition system #146: 1 states, 1 arcs 
Atomic transition system #146: init h=0
Composite transition system with 146/480 vars: current size: 64 (shrink threshold: 1)
Composite transition system with 146/480 vars: not applying abstraction (same number of states)
t=189.381s (after shrinking)
Merging atomic transition system #146 and composite transition system with 146/480 vars
Composite transition system with 147/480 vars: computing init and goal distances using unit-cost algorithm
Composite transition system with 147/480 vars: 64 states, 1856 arcs 
Composite transition system with 147/480 vars: init h=2
Difference of init h values: 0
t=189.381s (after merging)
Composite transition system with 147/480 vars: not applying abstraction (same number of states)
Current peak memory increase of merge-and-shrink computation: 78848 KB

Next pair of indices: (147, 625)
Atomic transition system #147: 2 states, 6 arcs 
Atomic transition system #147: init h=0
Composite transition system with 147/480 vars: 64 states, 1856 arcs 
Composite transition system with 147/480 vars: init h=2
t=190.245s (after computation of next merge)
Atomic transition system #147: current size: 2 (shrink threshold: 1)
Atomic transition system #147: applying abstraction (2 to 1 states)
Atomic transition system #147: simplification was not f-preserving!
Atomic transition system #147: computing init and goal distances using unit-cost algorithm
Atomic transition system #147: 1 states, 1 arcs 
Atomic transition system #147: init h=0
Composite transition system with 147/480 vars: current size: 64 (shrink threshold: 1)
Composite transition system with 147/480 vars: not applying abstraction (same number of states)
t=190.287s (after shrinking)
Merging atomic transition system #147 and composite transition system with 147/480 vars
Composite transition system with 148/480 vars: computing init and goal distances using unit-cost algorithm
Composite transition system with 148/480 vars: 64 states, 1856 arcs 
Composite transition system with 148/480 vars: init h=2
Difference of init h values: 0
t=190.287s (after merging)
Composite transition system with 148/480 vars: not applying abstraction (same number of states)
Current peak memory increase of merge-and-shrink computation: 78848 KB

Next pair of indices: (148, 626)
Atomic transition system #148: 2 states, 6 arcs 
Atomic transition system #148: init h=0
Composite transition system with 148/480 vars: 64 states, 1856 arcs 
Composite transition system with 148/480 vars: init h=2
t=191.142s (after computation of next merge)
Atomic transition system #148: current size: 2 (shrink threshold: 1)
Atomic transition system #148: applying abstraction (2 to 1 states)
Atomic transition system #148: simplification was not f-preserving!
Atomic transition system #148: computing init and goal distances using unit-cost algorithm
Atomic transition system #148: 1 states, 1 arcs 
Atomic transition system #148: init h=0
Composite transition system with 148/480 vars: current size: 64 (shrink threshold: 1)
Composite transition system with 148/480 vars: not applying abstraction (same number of states)
t=191.178s (after shrinking)
Merging atomic transition system #148 and composite transition system with 148/480 vars
Composite transition system with 149/480 vars: computing init and goal distances using unit-cost algorithm
Composite transition system with 149/480 vars: 64 states, 1856 arcs 
Composite transition system with 149/480 vars: init h=2
Difference of init h values: 0
t=191.178s (after merging)
Composite transition system with 149/480 vars: not applying abstraction (same number of states)
Current peak memory increase of merge-and-shrink computation: 78848 KB

Next pair of indices: (149, 627)
Atomic transition system #149: 2 states, 6 arcs 
Atomic transition system #149: init h=0
Composite transition system with 149/480 vars: 64 states, 1856 arcs 
Composite transition system with 149/480 vars: init h=2
t=192.038s (after computation of next merge)
Atomic transition system #149: current size: 2 (shrink threshold: 1)
Atomic transition system #149: applying abstraction (2 to 1 states)
Atomic transition system #149: simplification was not f-preserving!
Atomic transition system #149: computing init and goal distances using unit-cost algorithm
Atomic transition system #149: 1 states, 1 arcs 
Atomic transition system #149: init h=0
Composite transition system with 149/480 vars: current size: 64 (shrink threshold: 1)
Composite transition system with 149/480 vars: not applying abstraction (same number of states)
t=192.077s (after shrinking)
Merging atomic transition system #149 and composite transition system with 149/480 vars
Composite transition system with 150/480 vars: computing init and goal distances using unit-cost algorithm
Composite transition system with 150/480 vars: 64 states, 1856 arcs 
Composite transition system with 150/480 vars: init h=2
Difference of init h values: 0
t=192.077s (after merging)
Composite transition system with 150/480 vars: not applying abstraction (same number of states)
Current peak memory increase of merge-and-shrink computation: 78848 KB

Next pair of indices: (150, 628)
Atomic transition system #150: 2 states, 6 arcs 
Atomic transition system #150: init h=0
Composite transition system with 150/480 vars: 64 states, 1856 arcs 
Composite transition system with 150/480 vars: init h=2
t=192.919s (after computation of next merge)
Atomic transition system #150: current size: 2 (shrink threshold: 1)
Atomic transition system #150: applying abstraction (2 to 1 states)
Atomic transition system #150: simplification was not f-preserving!
Atomic transition system #150: computing init and goal distances using unit-cost algorithm
Atomic transition system #150: 1 states, 1 arcs 
Atomic transition system #150: init h=0
Composite transition system with 150/480 vars: current size: 64 (shrink threshold: 1)
Composite transition system with 150/480 vars: not applying abstraction (same number of states)
t=192.966s (after shrinking)
Merging atomic transition system #150 and composite transition system with 150/480 vars
Composite transition system with 151/480 vars: computing init and goal distances using unit-cost algorithm
Composite transition system with 151/480 vars: 64 states, 1856 arcs 
Composite transition system with 151/480 vars: init h=2
Difference of init h values: 0
t=192.966s (after merging)
Composite transition system with 151/480 vars: not applying abstraction (same number of states)
Current peak memory increase of merge-and-shrink computation: 78848 KB

Next pair of indices: (151, 629)
Atomic transition system #151: 2 states, 6 arcs 
Atomic transition system #151: init h=0
Composite transition system with 151/480 vars: 64 states, 1856 arcs 
Composite transition system with 151/480 vars: init h=2
t=193.804s (after computation of next merge)
Atomic transition system #151: current size: 2 (shrink threshold: 1)
Atomic transition system #151: applying abstraction (2 to 1 states)
Atomic transition system #151: simplification was not f-preserving!
Atomic transition system #151: computing init and goal distances using unit-cost algorithm
Atomic transition system #151: 1 states, 1 arcs 
Atomic transition system #151: init h=0
Composite transition system with 151/480 vars: current size: 64 (shrink threshold: 1)
Composite transition system with 151/480 vars: not applying abstraction (same number of states)
t=193.844s (after shrinking)
Merging atomic transition system #151 and composite transition system with 151/480 vars
Composite transition system with 152/480 vars: computing init and goal distances using unit-cost algorithm
Composite transition system with 152/480 vars: 64 states, 1856 arcs 
Composite transition system with 152/480 vars: init h=2
Difference of init h values: 0
t=193.844s (after merging)
Composite transition system with 152/480 vars: not applying abstraction (same number of states)
Current peak memory increase of merge-and-shrink computation: 78848 KB

Next pair of indices: (152, 630)
Atomic transition system #152: 2 states, 6 arcs 
Atomic transition system #152: init h=0
Composite transition system with 152/480 vars: 64 states, 1856 arcs 
Composite transition system with 152/480 vars: init h=2
t=194.7s (after computation of next merge)
Atomic transition system #152: current size: 2 (shrink threshold: 1)
Atomic transition system #152: applying abstraction (2 to 1 states)
Atomic transition system #152: simplification was not f-preserving!
Atomic transition system #152: computing init and goal distances using unit-cost algorithm
Atomic transition system #152: 1 states, 1 arcs 
Atomic transition system #152: init h=0
Composite transition system with 152/480 vars: current size: 64 (shrink threshold: 1)
Composite transition system with 152/480 vars: not applying abstraction (same number of states)
t=194.745s (after shrinking)
Merging atomic transition system #152 and composite transition system with 152/480 vars
Composite transition system with 153/480 vars: computing init and goal distances using unit-cost algorithm
Composite transition system with 153/480 vars: 64 states, 1856 arcs 
Composite transition system with 153/480 vars: init h=2
Difference of init h values: 0
t=194.745s (after merging)
Composite transition system with 153/480 vars: not applying abstraction (same number of states)
Current peak memory increase of merge-and-shrink computation: 78848 KB

Next pair of indices: (153, 631)
Atomic transition system #153: 2 states, 6 arcs 
Atomic transition system #153: init h=0
Composite transition system with 153/480 vars: 64 states, 1856 arcs 
Composite transition system with 153/480 vars: init h=2
t=195.599s (after computation of next merge)
Atomic transition system #153: current size: 2 (shrink threshold: 1)
Atomic transition system #153: applying abstraction (2 to 1 states)
Atomic transition system #153: simplification was not f-preserving!
Atomic transition system #153: computing init and goal distances using unit-cost algorithm
Atomic transition system #153: 1 states, 1 arcs 
Atomic transition system #153: init h=0
Composite transition system with 153/480 vars: current size: 64 (shrink threshold: 1)
Composite transition system with 153/480 vars: not applying abstraction (same number of states)
t=195.64s (after shrinking)
Merging atomic transition system #153 and composite transition system with 153/480 vars
Composite transition system with 154/480 vars: computing init and goal distances using unit-cost algorithm
Composite transition system with 154/480 vars: 64 states, 1856 arcs 
Composite transition system with 154/480 vars: init h=2
Difference of init h values: 0
t=195.64s (after merging)
Composite transition system with 154/480 vars: not applying abstraction (same number of states)
Current peak memory increase of merge-and-shrink computation: 78848 KB

Next pair of indices: (154, 632)
Atomic transition system #154: 2 states, 6 arcs 
Atomic transition system #154: init h=0
Composite transition system with 154/480 vars: 64 states, 1856 arcs 
Composite transition system with 154/480 vars: init h=2
t=196.484s (after computation of next merge)
Atomic transition system #154: current size: 2 (shrink threshold: 1)
Atomic transition system #154: applying abstraction (2 to 1 states)
Atomic transition system #154: simplification was not f-preserving!
Atomic transition system #154: computing init and goal distances using unit-cost algorithm
Atomic transition system #154: 1 states, 1 arcs 
Atomic transition system #154: init h=0
Composite transition system with 154/480 vars: current size: 64 (shrink threshold: 1)
Composite transition system with 154/480 vars: not applying abstraction (same number of states)
t=196.525s (after shrinking)
Merging atomic transition system #154 and composite transition system with 154/480 vars
Composite transition system with 155/480 vars: computing init and goal distances using unit-cost algorithm
Composite transition system with 155/480 vars: 64 states, 1856 arcs 
Composite transition system with 155/480 vars: init h=2
Difference of init h values: 0
t=196.526s (after merging)
Composite transition system with 155/480 vars: not applying abstraction (same number of states)
Current peak memory increase of merge-and-shrink computation: 78848 KB

Next pair of indices: (155, 633)
Atomic transition system #155: 2 states, 6 arcs 
Atomic transition system #155: init h=0
Composite transition system with 155/480 vars: 64 states, 1856 arcs 
Composite transition system with 155/480 vars: init h=2
t=197.376s (after computation of next merge)
Atomic transition system #155: current size: 2 (shrink threshold: 1)
Atomic transition system #155: applying abstraction (2 to 1 states)
Atomic transition system #155: simplification was not f-preserving!
Atomic transition system #155: computing init and goal distances using unit-cost algorithm
Atomic transition system #155: 1 states, 1 arcs 
Atomic transition system #155: init h=0
Composite transition system with 155/480 vars: current size: 64 (shrink threshold: 1)
Composite transition system with 155/480 vars: not applying abstraction (same number of states)
t=197.415s (after shrinking)
Merging atomic transition system #155 and composite transition system with 155/480 vars
Composite transition system with 156/480 vars: computing init and goal distances using unit-cost algorithm
Composite transition system with 156/480 vars: 64 states, 1856 arcs 
Composite transition system with 156/480 vars: init h=2
Difference of init h values: 0
t=197.415s (after merging)
Composite transition system with 156/480 vars: not applying abstraction (same number of states)
Current peak memory increase of merge-and-shrink computation: 78848 KB

Next pair of indices: (156, 634)
Atomic transition system #156: 2 states, 6 arcs 
Atomic transition system #156: init h=0
Composite transition system with 156/480 vars: 64 states, 1856 arcs 
Composite transition system with 156/480 vars: init h=2
t=198.258s (after computation of next merge)
Atomic transition system #156: current size: 2 (shrink threshold: 1)
Atomic transition system #156: applying abstraction (2 to 1 states)
Atomic transition system #156: simplification was not f-preserving!
Atomic transition system #156: computing init and goal distances using unit-cost algorithm
Atomic transition system #156: 1 states, 1 arcs 
Atomic transition system #156: init h=0
Composite transition system with 156/480 vars: current size: 64 (shrink threshold: 1)
Composite transition system with 156/480 vars: not applying abstraction (same number of states)
t=198.292s (after shrinking)
Merging atomic transition system #156 and composite transition system with 156/480 vars
Composite transition system with 157/480 vars: computing init and goal distances using unit-cost algorithm
Composite transition system with 157/480 vars: 64 states, 1856 arcs 
Composite transition system with 157/480 vars: init h=2
Difference of init h values: 0
t=198.292s (after merging)
Composite transition system with 157/480 vars: not applying abstraction (same number of states)
Current peak memory increase of merge-and-shrink computation: 78848 KB

Next pair of indices: (157, 635)
Atomic transition system #157: 2 states, 6 arcs 
Atomic transition system #157: init h=0
Composite transition system with 157/480 vars: 64 states, 1856 arcs 
Composite transition system with 157/480 vars: init h=2
t=199.126s (after computation of next merge)
Atomic transition system #157: current size: 2 (shrink threshold: 1)
Atomic transition system #157: applying abstraction (2 to 1 states)
Atomic transition system #157: simplification was not f-preserving!
Atomic transition system #157: computing init and goal distances using unit-cost algorithm
Atomic transition system #157: 1 states, 1 arcs 
Atomic transition system #157: init h=0
Composite transition system with 157/480 vars: current size: 64 (shrink threshold: 1)
Composite transition system with 157/480 vars: not applying abstraction (same number of states)
t=199.163s (after shrinking)
Merging atomic transition system #157 and composite transition system with 157/480 vars
Composite transition system with 158/480 vars: computing init and goal distances using unit-cost algorithm
Composite transition system with 158/480 vars: 64 states, 1856 arcs 
Composite transition system with 158/480 vars: init h=2
Difference of init h values: 0
t=199.163s (after merging)
Composite transition system with 158/480 vars: not applying abstraction (same number of states)
Current peak memory increase of merge-and-shrink computation: 78848 KB

Next pair of indices: (158, 636)
Atomic transition system #158: 2 states, 6 arcs 
Atomic transition system #158: init h=0
Composite transition system with 158/480 vars: 64 states, 1856 arcs 
Composite transition system with 158/480 vars: init h=2
t=199.994s (after computation of next merge)
Atomic transition system #158: current size: 2 (shrink threshold: 1)
Atomic transition system #158: applying abstraction (2 to 1 states)
Atomic transition system #158: simplification was not f-preserving!
Atomic transition system #158: computing init and goal distances using unit-cost algorithm
Atomic transition system #158: 1 states, 1 arcs 
Atomic transition system #158: init h=0
Composite transition system with 158/480 vars: current size: 64 (shrink threshold: 1)
Composite transition system with 158/480 vars: not applying abstraction (same number of states)
t=200.029s (after shrinking)
Merging atomic transition system #158 and composite transition system with 158/480 vars
Composite transition system with 159/480 vars: computing init and goal distances using unit-cost algorithm
Composite transition system with 159/480 vars: 64 states, 1856 arcs 
Composite transition system with 159/480 vars: init h=2
Difference of init h values: 0
t=200.03s (after merging)
Composite transition system with 159/480 vars: not applying abstraction (same number of states)
Current peak memory increase of merge-and-shrink computation: 78848 KB

Next pair of indices: (159, 637)
Atomic transition system #159: 2 states, 6 arcs 
Atomic transition system #159: init h=0
Composite transition system with 159/480 vars: 64 states, 1856 arcs 
Composite transition system with 159/480 vars: init h=2
t=200.868s (after computation of next merge)
Atomic transition system #159: current size: 2 (shrink threshold: 1)
Atomic transition system #159: applying abstraction (2 to 1 states)
Atomic transition system #159: simplification was not f-preserving!
Atomic transition system #159: computing init and goal distances using unit-cost algorithm
Atomic transition system #159: 1 states, 1 arcs 
Atomic transition system #159: init h=0
Composite transition system with 159/480 vars: current size: 64 (shrink threshold: 1)
Composite transition system with 159/480 vars: not applying abstraction (same number of states)
t=200.903s (after shrinking)
Merging atomic transition system #159 and composite transition system with 159/480 vars
Composite transition system with 160/480 vars: computing init and goal distances using unit-cost algorithm
Composite transition system with 160/480 vars: 64 states, 1856 arcs 
Composite transition system with 160/480 vars: init h=2
Difference of init h values: 0
t=200.903s (after merging)
Composite transition system with 160/480 vars: not applying abstraction (same number of states)
Current peak memory increase of merge-and-shrink computation: 78848 KB

Next pair of indices: (160, 638)
Atomic transition system #160: 2 states, 6 arcs 
Atomic transition system #160: init h=0
Composite transition system with 160/480 vars: 64 states, 1856 arcs 
Composite transition system with 160/480 vars: init h=2
t=201.723s (after computation of next merge)
Atomic transition system #160: current size: 2 (shrink threshold: 1)
Atomic transition system #160: applying abstraction (2 to 1 states)
Atomic transition system #160: simplification was not f-preserving!
Atomic transition system #160: computing init and goal distances using unit-cost algorithm
Atomic transition system #160: 1 states, 1 arcs 
Atomic transition system #160: init h=0
Composite transition system with 160/480 vars: current size: 64 (shrink threshold: 1)
Composite transition system with 160/480 vars: not applying abstraction (same number of states)
t=201.764s (after shrinking)
Merging atomic transition system #160 and composite transition system with 160/480 vars
Composite transition system with 161/480 vars: computing init and goal distances using unit-cost algorithm
Composite transition system with 161/480 vars: 64 states, 1856 arcs 
Composite transition system with 161/480 vars: init h=2
Difference of init h values: 0
t=201.764s (after merging)
Composite transition system with 161/480 vars: not applying abstraction (same number of states)
Current peak memory increase of merge-and-shrink computation: 78848 KB

Next pair of indices: (161, 639)
Atomic transition system #161: 2 states, 6 arcs 
Atomic transition system #161: init h=0
Composite transition system with 161/480 vars: 64 states, 1856 arcs 
Composite transition system with 161/480 vars: init h=2
t=202.584s (after computation of next merge)
Atomic transition system #161: current size: 2 (shrink threshold: 1)
Atomic transition system #161: applying abstraction (2 to 1 states)
Atomic transition system #161: simplification was not f-preserving!
Atomic transition system #161: computing init and goal distances using unit-cost algorithm
Atomic transition system #161: 1 states, 1 arcs 
Atomic transition system #161: init h=0
Composite transition system with 161/480 vars: current size: 64 (shrink threshold: 1)
Composite transition system with 161/480 vars: not applying abstraction (same number of states)
t=202.622s (after shrinking)
Merging atomic transition system #161 and composite transition system with 161/480 vars
Composite transition system with 162/480 vars: computing init and goal distances using unit-cost algorithm
Composite transition system with 162/480 vars: 64 states, 1856 arcs 
Composite transition system with 162/480 vars: init h=2
Difference of init h values: 0
t=202.622s (after merging)
Composite transition system with 162/480 vars: not applying abstraction (same number of states)
Current peak memory increase of merge-and-shrink computation: 78848 KB

Next pair of indices: (162, 640)
Atomic transition system #162: 2 states, 6 arcs 
Atomic transition system #162: init h=0
Composite transition system with 162/480 vars: 64 states, 1856 arcs 
Composite transition system with 162/480 vars: init h=2
t=203.448s (after computation of next merge)
Atomic transition system #162: current size: 2 (shrink threshold: 1)
Atomic transition system #162: applying abstraction (2 to 1 states)
Atomic transition system #162: simplification was not f-preserving!
Atomic transition system #162: computing init and goal distances using unit-cost algorithm
Atomic transition system #162: 1 states, 1 arcs 
Atomic transition system #162: init h=0
Composite transition system with 162/480 vars: current size: 64 (shrink threshold: 1)
Composite transition system with 162/480 vars: not applying abstraction (same number of states)
t=203.487s (after shrinking)
Merging atomic transition system #162 and composite transition system with 162/480 vars
Composite transition system with 163/480 vars: computing init and goal distances using unit-cost algorithm
Composite transition system with 163/480 vars: 64 states, 1856 arcs 
Composite transition system with 163/480 vars: init h=2
Difference of init h values: 0
t=203.487s (after merging)
Composite transition system with 163/480 vars: not applying abstraction (same number of states)
Current peak memory increase of merge-and-shrink computation: 78848 KB

Next pair of indices: (163, 641)
Atomic transition system #163: 2 states, 6 arcs 
Atomic transition system #163: init h=0
Composite transition system with 163/480 vars: 64 states, 1856 arcs 
Composite transition system with 163/480 vars: init h=2
t=204.303s (after computation of next merge)
Atomic transition system #163: current size: 2 (shrink threshold: 1)
Atomic transition system #163: applying abstraction (2 to 1 states)
Atomic transition system #163: simplification was not f-preserving!
Atomic transition system #163: computing init and goal distances using unit-cost algorithm
Atomic transition system #163: 1 states, 1 arcs 
Atomic transition system #163: init h=0
Composite transition system with 163/480 vars: current size: 64 (shrink threshold: 1)
Composite transition system with 163/480 vars: not applying abstraction (same number of states)
t=204.336s (after shrinking)
Merging atomic transition system #163 and composite transition system with 163/480 vars
Composite transition system with 164/480 vars: computing init and goal distances using unit-cost algorithm
Composite transition system with 164/480 vars: 64 states, 1856 arcs 
Composite transition system with 164/480 vars: init h=2
Difference of init h values: 0
t=204.336s (after merging)
Composite transition system with 164/480 vars: not applying abstraction (same number of states)
Current peak memory increase of merge-and-shrink computation: 78848 KB

Next pair of indices: (164, 642)
Atomic transition system #164: 2 states, 6 arcs 
Atomic transition system #164: init h=0
Composite transition system with 164/480 vars: 64 states, 1856 arcs 
Composite transition system with 164/480 vars: init h=2
t=205.149s (after computation of next merge)
Atomic transition system #164: current size: 2 (shrink threshold: 1)
Atomic transition system #164: applying abstraction (2 to 1 states)
Atomic transition system #164: simplification was not f-preserving!
Atomic transition system #164: computing init and goal distances using unit-cost algorithm
Atomic transition system #164: 1 states, 1 arcs 
Atomic transition system #164: init h=0
Composite transition system with 164/480 vars: current size: 64 (shrink threshold: 1)
Composite transition system with 164/480 vars: not applying abstraction (same number of states)
t=205.182s (after shrinking)
Merging atomic transition system #164 and composite transition system with 164/480 vars
Composite transition system with 165/480 vars: computing init and goal distances using unit-cost algorithm
Composite transition system with 165/480 vars: 64 states, 1856 arcs 
Composite transition system with 165/480 vars: init h=2
Difference of init h values: 0
t=205.182s (after merging)
Composite transition system with 165/480 vars: not applying abstraction (same number of states)
Current peak memory increase of merge-and-shrink computation: 78848 KB

Next pair of indices: (165, 643)
Atomic transition system #165: 2 states, 6 arcs 
Atomic transition system #165: init h=0
Composite transition system with 165/480 vars: 64 states, 1856 arcs 
Composite transition system with 165/480 vars: init h=2
t=205.991s (after computation of next merge)
Atomic transition system #165: current size: 2 (shrink threshold: 1)
Atomic transition system #165: applying abstraction (2 to 1 states)
Atomic transition system #165: simplification was not f-preserving!
Atomic transition system #165: computing init and goal distances using unit-cost algorithm
Atomic transition system #165: 1 states, 1 arcs 
Atomic transition system #165: init h=0
Composite transition system with 165/480 vars: current size: 64 (shrink threshold: 1)
Composite transition system with 165/480 vars: not applying abstraction (same number of states)
t=206.026s (after shrinking)
Merging atomic transition system #165 and composite transition system with 165/480 vars
Composite transition system with 166/480 vars: computing init and goal distances using unit-cost algorithm
Composite transition system with 166/480 vars: 64 states, 1856 arcs 
Composite transition system with 166/480 vars: init h=2
Difference of init h values: 0
t=206.026s (after merging)
Composite transition system with 166/480 vars: not applying abstraction (same number of states)
Current peak memory increase of merge-and-shrink computation: 78848 KB

Next pair of indices: (166, 644)
Atomic transition system #166: 2 states, 6 arcs 
Atomic transition system #166: init h=0
Composite transition system with 166/480 vars: 64 states, 1856 arcs 
Composite transition system with 166/480 vars: init h=2
t=206.838s (after computation of next merge)
Atomic transition system #166: current size: 2 (shrink threshold: 1)
Atomic transition system #166: applying abstraction (2 to 1 states)
Atomic transition system #166: simplification was not f-preserving!
Atomic transition system #166: computing init and goal distances using unit-cost algorithm
Atomic transition system #166: 1 states, 1 arcs 
Atomic transition system #166: init h=0
Composite transition system with 166/480 vars: current size: 64 (shrink threshold: 1)
Composite transition system with 166/480 vars: not applying abstraction (same number of states)
t=206.874s (after shrinking)
Merging atomic transition system #166 and composite transition system with 166/480 vars
Composite transition system with 167/480 vars: computing init and goal distances using unit-cost algorithm
Composite transition system with 167/480 vars: 64 states, 1856 arcs 
Composite transition system with 167/480 vars: init h=2
Difference of init h values: 0
t=206.874s (after merging)
Composite transition system with 167/480 vars: not applying abstraction (same number of states)
Current peak memory increase of merge-and-shrink computation: 78848 KB

Next pair of indices: (167, 645)
Atomic transition system #167: 2 states, 6 arcs 
Atomic transition system #167: init h=0
Composite transition system with 167/480 vars: 64 states, 1856 arcs 
Composite transition system with 167/480 vars: init h=2
t=207.689s (after computation of next merge)
Atomic transition system #167: current size: 2 (shrink threshold: 1)
Atomic transition system #167: not applying abstraction (same number of states)
Composite transition system with 167/480 vars: current size: 64 (shrink threshold: 1)
Composite transition system with 167/480 vars: not applying abstraction (same number of states)
Merging atomic transition system #167 and composite transition system with 167/480 vars
Composite transition system with 168/480 vars: computing init and goal distances using unit-cost algorithm
Composite transition system with 168/480 vars: 128 states, 4736 arcs 
Composite transition system with 168/480 vars: init h=2
Difference of init h values: 0
t=207.725s (after merging)
Composite transition system with 168/480 vars: not applying abstraction (same number of states)
Current peak memory increase of merge-and-shrink computation: 78848 KB

Next pair of indices: (168, 646)
Atomic transition system #168: 2 states, 6 arcs 
Atomic transition system #168: init h=0
Composite transition system with 168/480 vars: 128 states, 4736 arcs 
Composite transition system with 168/480 vars: init h=2
t=208.493s (after computation of next merge)
Atomic transition system #168: current size: 2 (shrink threshold: 1)
Atomic transition system #168: applying abstraction (2 to 1 states)
Atomic transition system #168: simplification was not f-preserving!
Atomic transition system #168: computing init and goal distances using unit-cost algorithm
Atomic transition system #168: 1 states, 1 arcs 
Atomic transition system #168: init h=0
Composite transition system with 168/480 vars: current size: 128 (shrink threshold: 1)
Composite transition system with 168/480 vars: not applying abstraction (same number of states)
t=208.538s (after shrinking)
Merging atomic transition system #168 and composite transition system with 168/480 vars
Composite transition system with 169/480 vars: computing init and goal distances using unit-cost algorithm
Composite transition system with 169/480 vars: 128 states, 4736 arcs 
Composite transition system with 169/480 vars: init h=2
Difference of init h values: 0
t=208.538s (after merging)
Composite transition system with 169/480 vars: not applying abstraction (same number of states)
Current peak memory increase of merge-and-shrink computation: 78848 KB

Next pair of indices: (169, 647)
Atomic transition system #169: 2 states, 6 arcs 
Atomic transition system #169: init h=0
Composite transition system with 169/480 vars: 128 states, 4736 arcs 
Composite transition system with 169/480 vars: init h=2
t=209.459s (after computation of next merge)
Atomic transition system #169: current size: 2 (shrink threshold: 1)
Atomic transition system #169: applying abstraction (2 to 1 states)
Atomic transition system #169: simplification was not f-preserving!
Atomic transition system #169: computing init and goal distances using unit-cost algorithm
Atomic transition system #169: 1 states, 1 arcs 
Atomic transition system #169: init h=0
Composite transition system with 169/480 vars: current size: 128 (shrink threshold: 1)
Composite transition system with 169/480 vars: not applying abstraction (same number of states)
t=209.501s (after shrinking)
Merging atomic transition system #169 and composite transition system with 169/480 vars
Composite transition system with 170/480 vars: computing init and goal distances using unit-cost algorithm
Composite transition system with 170/480 vars: 128 states, 4736 arcs 
Composite transition system with 170/480 vars: init h=2
Difference of init h values: 0
t=209.501s (after merging)
Composite transition system with 170/480 vars: not applying abstraction (same number of states)
Current peak memory increase of merge-and-shrink computation: 78848 KB

Next pair of indices: (170, 648)
Atomic transition system #170: 2 states, 6 arcs 
Atomic transition system #170: init h=0
Composite transition system with 170/480 vars: 128 states, 4736 arcs 
Composite transition system with 170/480 vars: init h=2
t=210.535s (after computation of next merge)
Atomic transition system #170: current size: 2 (shrink threshold: 1)
Atomic transition system #170: applying abstraction (2 to 1 states)
Atomic transition system #170: simplification was not f-preserving!
Atomic transition system #170: computing init and goal distances using unit-cost algorithm
Atomic transition system #170: 1 states, 1 arcs 
Atomic transition system #170: init h=0
Composite transition system with 170/480 vars: current size: 128 (shrink threshold: 1)
Composite transition system with 170/480 vars: not applying abstraction (same number of states)
t=210.569s (after shrinking)
Merging atomic transition system #170 and composite transition system with 170/480 vars
Composite transition system with 171/480 vars: computing init and goal distances using unit-cost algorithm
Composite transition system with 171/480 vars: 128 states, 4736 arcs 
Composite transition system with 171/480 vars: init h=2
Difference of init h values: 0
t=210.57s (after merging)
Composite transition system with 171/480 vars: not applying abstraction (same number of states)
Current peak memory increase of merge-and-shrink computation: 78848 KB

Next pair of indices: (171, 649)
Atomic transition system #171: 2 states, 6 arcs 
Atomic transition system #171: init h=0
Composite transition system with 171/480 vars: 128 states, 4736 arcs 
Composite transition system with 171/480 vars: init h=2
t=211.46s (after computation of next merge)
Atomic transition system #171: current size: 2 (shrink threshold: 1)
Atomic transition system #171: applying abstraction (2 to 1 states)
Atomic transition system #171: simplification was not f-preserving!
Atomic transition system #171: computing init and goal distances using unit-cost algorithm
Atomic transition system #171: 1 states, 1 arcs 
Atomic transition system #171: init h=0
Composite transition system with 171/480 vars: current size: 128 (shrink threshold: 1)
Composite transition system with 171/480 vars: not applying abstraction (same number of states)
t=211.499s (after shrinking)
Merging atomic transition system #171 and composite transition system with 171/480 vars
Composite transition system with 172/480 vars: computing init and goal distances using unit-cost algorithm
Composite transition system with 172/480 vars: 128 states, 4736 arcs 
Composite transition system with 172/480 vars: init h=2
Difference of init h values: 0
t=211.5s (after merging)
Composite transition system with 172/480 vars: not applying abstraction (same number of states)
Current peak memory increase of merge-and-shrink computation: 78848 KB

Next pair of indices: (172, 650)
Atomic transition system #172: 2 states, 6 arcs 
Atomic transition system #172: init h=0
Composite transition system with 172/480 vars: 128 states, 4736 arcs 
Composite transition system with 172/480 vars: init h=2
t=212.282s (after computation of next merge)
Atomic transition system #172: current size: 2 (shrink threshold: 1)
Atomic transition system #172: applying abstraction (2 to 1 states)
Atomic transition system #172: simplification was not f-preserving!
Atomic transition system #172: computing init and goal distances using unit-cost algorithm
Atomic transition system #172: 1 states, 1 arcs 
Atomic transition system #172: init h=0
Composite transition system with 172/480 vars: current size: 128 (shrink threshold: 1)
Composite transition system with 172/480 vars: not applying abstraction (same number of states)
t=212.316s (after shrinking)
Merging atomic transition system #172 and composite transition system with 172/480 vars
Composite transition system with 173/480 vars: computing init and goal distances using unit-cost algorithm
Composite transition system with 173/480 vars: 128 states, 4736 arcs 
Composite transition system with 173/480 vars: init h=2
Difference of init h values: 0
t=212.316s (after merging)
Composite transition system with 173/480 vars: not applying abstraction (same number of states)
Current peak memory increase of merge-and-shrink computation: 78848 KB

Next pair of indices: (173, 651)
Atomic transition system #173: 2 states, 6 arcs 
Atomic transition system #173: init h=0
Composite transition system with 173/480 vars: 128 states, 4736 arcs 
Composite transition system with 173/480 vars: init h=2
t=213.109s (after computation of next merge)
Atomic transition system #173: current size: 2 (shrink threshold: 1)
Atomic transition system #173: applying abstraction (2 to 1 states)
Atomic transition system #173: simplification was not f-preserving!
Atomic transition system #173: computing init and goal distances using unit-cost algorithm
Atomic transition system #173: 1 states, 1 arcs 
Atomic transition system #173: init h=0
Composite transition system with 173/480 vars: current size: 128 (shrink threshold: 1)
Composite transition system with 173/480 vars: not applying abstraction (same number of states)
t=213.149s (after shrinking)
Merging atomic transition system #173 and composite transition system with 173/480 vars
Composite transition system with 174/480 vars: computing init and goal distances using unit-cost algorithm
Composite transition system with 174/480 vars: 128 states, 4736 arcs 
Composite transition system with 174/480 vars: init h=2
Difference of init h values: 0
t=213.15s (after merging)
Composite transition system with 174/480 vars: not applying abstraction (same number of states)
Current peak memory increase of merge-and-shrink computation: 78848 KB

Next pair of indices: (174, 652)
Atomic transition system #174: 2 states, 6 arcs 
Atomic transition system #174: init h=0
Composite transition system with 174/480 vars: 128 states, 4736 arcs 
Composite transition system with 174/480 vars: init h=2
t=213.933s (after computation of next merge)
Atomic transition system #174: current size: 2 (shrink threshold: 1)
Atomic transition system #174: applying abstraction (2 to 1 states)
Atomic transition system #174: simplification was not f-preserving!
Atomic transition system #174: computing init and goal distances using unit-cost algorithm
Atomic transition system #174: 1 states, 1 arcs 
Atomic transition system #174: init h=0
Composite transition system with 174/480 vars: current size: 128 (shrink threshold: 1)
Composite transition system with 174/480 vars: not applying abstraction (same number of states)
t=213.967s (after shrinking)
Merging atomic transition system #174 and composite transition system with 174/480 vars
Composite transition system with 175/480 vars: computing init and goal distances using unit-cost algorithm
Composite transition system with 175/480 vars: 128 states, 4736 arcs 
Composite transition system with 175/480 vars: init h=2
Difference of init h values: 0
t=213.968s (after merging)
Composite transition system with 175/480 vars: not applying abstraction (same number of states)
Current peak memory increase of merge-and-shrink computation: 78848 KB

Next pair of indices: (175, 653)
Atomic transition system #175: 2 states, 6 arcs 
Atomic transition system #175: init h=0
Composite transition system with 175/480 vars: 128 states, 4736 arcs 
Composite transition system with 175/480 vars: init h=2
t=214.734s (after computation of next merge)
Atomic transition system #175: current size: 2 (shrink threshold: 1)
Atomic transition system #175: applying abstraction (2 to 1 states)
Atomic transition system #175: simplification was not f-preserving!
Atomic transition system #175: computing init and goal distances using unit-cost algorithm
Atomic transition system #175: 1 states, 1 arcs 
Atomic transition system #175: init h=0
Composite transition system with 175/480 vars: current size: 128 (shrink threshold: 1)
Composite transition system with 175/480 vars: not applying abstraction (same number of states)
t=214.773s (after shrinking)
Merging atomic transition system #175 and composite transition system with 175/480 vars
Composite transition system with 176/480 vars: computing init and goal distances using unit-cost algorithm
Composite transition system with 176/480 vars: 128 states, 4736 arcs 
Composite transition system with 176/480 vars: init h=2
Difference of init h values: 0
t=214.773s (after merging)
Composite transition system with 176/480 vars: not applying abstraction (same number of states)
Current peak memory increase of merge-and-shrink computation: 78848 KB

Next pair of indices: (176, 654)
Atomic transition system #176: 2 states, 6 arcs 
Atomic transition system #176: init h=0
Composite transition system with 176/480 vars: 128 states, 4736 arcs 
Composite transition system with 176/480 vars: init h=2
t=215.724s (after computation of next merge)
Atomic transition system #176: current size: 2 (shrink threshold: 1)
Atomic transition system #176: applying abstraction (2 to 1 states)
Atomic transition system #176: simplification was not f-preserving!
Atomic transition system #176: computing init and goal distances using unit-cost algorithm
Atomic transition system #176: 1 states, 1 arcs 
Atomic transition system #176: init h=0
Composite transition system with 176/480 vars: current size: 128 (shrink threshold: 1)
Composite transition system with 176/480 vars: not applying abstraction (same number of states)
t=215.776s (after shrinking)
Merging atomic transition system #176 and composite transition system with 176/480 vars
Composite transition system with 177/480 vars: computing init and goal distances using unit-cost algorithm
Composite transition system with 177/480 vars: 128 states, 4736 arcs 
Composite transition system with 177/480 vars: init h=2
Difference of init h values: 0
t=215.776s (after merging)
Composite transition system with 177/480 vars: not applying abstraction (same number of states)
Current peak memory increase of merge-and-shrink computation: 78848 KB

Next pair of indices: (177, 655)
Atomic transition system #177: 2 states, 6 arcs 
Atomic transition system #177: init h=0
Composite transition system with 177/480 vars: 128 states, 4736 arcs 
Composite transition system with 177/480 vars: init h=2
t=216.926s (after computation of next merge)
Atomic transition system #177: current size: 2 (shrink threshold: 1)
Atomic transition system #177: applying abstraction (2 to 1 states)
Atomic transition system #177: simplification was not f-preserving!
Atomic transition system #177: computing init and goal distances using unit-cost algorithm
Atomic transition system #177: 1 states, 1 arcs 
Atomic transition system #177: init h=0
Composite transition system with 177/480 vars: current size: 128 (shrink threshold: 1)
Composite transition system with 177/480 vars: not applying abstraction (same number of states)
t=216.965s (after shrinking)
Merging atomic transition system #177 and composite transition system with 177/480 vars
Composite transition system with 178/480 vars: computing init and goal distances using unit-cost algorithm
Composite transition system with 178/480 vars: 128 states, 4736 arcs 
Composite transition system with 178/480 vars: init h=2
Difference of init h values: 0
t=216.965s (after merging)
Composite transition system with 178/480 vars: not applying abstraction (same number of states)
Current peak memory increase of merge-and-shrink computation: 78848 KB

Next pair of indices: (178, 656)
Atomic transition system #178: 2 states, 6 arcs 
Atomic transition system #178: init h=0
Composite transition system with 178/480 vars: 128 states, 4736 arcs 
Composite transition system with 178/480 vars: init h=2
t=217.73s (after computation of next merge)
Atomic transition system #178: current size: 2 (shrink threshold: 1)
Atomic transition system #178: applying abstraction (2 to 1 states)
Atomic transition system #178: simplification was not f-preserving!
Atomic transition system #178: computing init and goal distances using unit-cost algorithm
Atomic transition system #178: 1 states, 1 arcs 
Atomic transition system #178: init h=0
Composite transition system with 178/480 vars: current size: 128 (shrink threshold: 1)
Composite transition system with 178/480 vars: not applying abstraction (same number of states)
t=217.762s (after shrinking)
Merging atomic transition system #178 and composite transition system with 178/480 vars
Composite transition system with 179/480 vars: computing init and goal distances using unit-cost algorithm
Composite transition system with 179/480 vars: 128 states, 4736 arcs 
Composite transition system with 179/480 vars: init h=2
Difference of init h values: 0
t=217.763s (after merging)
Composite transition system with 179/480 vars: not applying abstraction (same number of states)
Current peak memory increase of merge-and-shrink computation: 78848 KB

Next pair of indices: (179, 657)
Atomic transition system #179: 2 states, 6 arcs 
Atomic transition system #179: init h=0
Composite transition system with 179/480 vars: 128 states, 4736 arcs 
Composite transition system with 179/480 vars: init h=2
t=218.504s (after computation of next merge)
Atomic transition system #179: current size: 2 (shrink threshold: 1)
Atomic transition system #179: applying abstraction (2 to 1 states)
Atomic transition system #179: simplification was not f-preserving!
Atomic transition system #179: computing init and goal distances using unit-cost algorithm
Atomic transition system #179: 1 states, 1 arcs 
Atomic transition system #179: init h=0
Composite transition system with 179/480 vars: current size: 128 (shrink threshold: 1)
Composite transition system with 179/480 vars: not applying abstraction (same number of states)
t=218.542s (after shrinking)
Merging atomic transition system #179 and composite transition system with 179/480 vars
Composite transition system with 180/480 vars: computing init and goal distances using unit-cost algorithm
Composite transition system with 180/480 vars: 128 states, 4736 arcs 
Composite transition system with 180/480 vars: init h=2
Difference of init h values: 0
t=218.542s (after merging)
Composite transition system with 180/480 vars: not applying abstraction (same number of states)
Current peak memory increase of merge-and-shrink computation: 78848 KB

Next pair of indices: (180, 658)
Atomic transition system #180: 2 states, 6 arcs 
Atomic transition system #180: init h=0
Composite transition system with 180/480 vars: 128 states, 4736 arcs 
Composite transition system with 180/480 vars: init h=2
t=219.287s (after computation of next merge)
Atomic transition system #180: current size: 2 (shrink threshold: 1)
Atomic transition system #180: applying abstraction (2 to 1 states)
Atomic transition system #180: simplification was not f-preserving!
Atomic transition system #180: computing init and goal distances using unit-cost algorithm
Atomic transition system #180: 1 states, 1 arcs 
Atomic transition system #180: init h=0
Composite transition system with 180/480 vars: current size: 128 (shrink threshold: 1)
Composite transition system with 180/480 vars: not applying abstraction (same number of states)
t=219.318s (after shrinking)
Merging atomic transition system #180 and composite transition system with 180/480 vars
Composite transition system with 181/480 vars: computing init and goal distances using unit-cost algorithm
Composite transition system with 181/480 vars: 128 states, 4736 arcs 
Composite transition system with 181/480 vars: init h=2
Difference of init h values: 0
t=219.318s (after merging)
Composite transition system with 181/480 vars: not applying abstraction (same number of states)
Current peak memory increase of merge-and-shrink computation: 78848 KB

Next pair of indices: (181, 659)
Atomic transition system #181: 2 states, 6 arcs 
Atomic transition system #181: init h=0
Composite transition system with 181/480 vars: 128 states, 4736 arcs 
Composite transition system with 181/480 vars: init h=2
t=220.065s (after computation of next merge)
Atomic transition system #181: current size: 2 (shrink threshold: 1)
Atomic transition system #181: applying abstraction (2 to 1 states)
Atomic transition system #181: simplification was not f-preserving!
Atomic transition system #181: computing init and goal distances using unit-cost algorithm
Atomic transition system #181: 1 states, 1 arcs 
Atomic transition system #181: init h=0
Composite transition system with 181/480 vars: current size: 128 (shrink threshold: 1)
Composite transition system with 181/480 vars: not applying abstraction (same number of states)
t=220.103s (after shrinking)
Merging atomic transition system #181 and composite transition system with 181/480 vars
Composite transition system with 182/480 vars: computing init and goal distances using unit-cost algorithm
Composite transition system with 182/480 vars: 128 states, 4736 arcs 
Composite transition system with 182/480 vars: init h=2
Difference of init h values: 0
t=220.104s (after merging)
Composite transition system with 182/480 vars: not applying abstraction (same number of states)
Current peak memory increase of merge-and-shrink computation: 78848 KB

Next pair of indices: (182, 660)
Atomic transition system #182: 2 states, 6 arcs 
Atomic transition system #182: init h=0
Composite transition system with 182/480 vars: 128 states, 4736 arcs 
Composite transition system with 182/480 vars: init h=2
t=220.825s (after computation of next merge)
Atomic transition system #182: current size: 2 (shrink threshold: 1)
Atomic transition system #182: applying abstraction (2 to 1 states)
Atomic transition system #182: simplification was not f-preserving!
Atomic transition system #182: computing init and goal distances using unit-cost algorithm
Atomic transition system #182: 1 states, 1 arcs 
Atomic transition system #182: init h=0
Composite transition system with 182/480 vars: current size: 128 (shrink threshold: 1)
Composite transition system with 182/480 vars: not applying abstraction (same number of states)
t=220.859s (after shrinking)
Merging atomic transition system #182 and composite transition system with 182/480 vars
Composite transition system with 183/480 vars: computing init and goal distances using unit-cost algorithm
Composite transition system with 183/480 vars: 128 states, 4736 arcs 
Composite transition system with 183/480 vars: init h=2
Difference of init h values: 0
t=220.859s (after merging)
Composite transition system with 183/480 vars: not applying abstraction (same number of states)
Current peak memory increase of merge-and-shrink computation: 78848 KB

Next pair of indices: (183, 661)
Atomic transition system #183: 2 states, 6 arcs 
Atomic transition system #183: init h=0
Composite transition system with 183/480 vars: 128 states, 4736 arcs 
Composite transition system with 183/480 vars: init h=2
t=221.595s (after computation of next merge)
Atomic transition system #183: current size: 2 (shrink threshold: 1)
Atomic transition system #183: applying abstraction (2 to 1 states)
Atomic transition system #183: simplification was not f-preserving!
Atomic transition system #183: computing init and goal distances using unit-cost algorithm
Atomic transition system #183: 1 states, 1 arcs 
Atomic transition system #183: init h=0
Composite transition system with 183/480 vars: current size: 128 (shrink threshold: 1)
Composite transition system with 183/480 vars: not applying abstraction (same number of states)
t=221.626s (after shrinking)
Merging atomic transition system #183 and composite transition system with 183/480 vars
Composite transition system with 184/480 vars: computing init and goal distances using unit-cost algorithm
Composite transition system with 184/480 vars: 128 states, 4736 arcs 
Composite transition system with 184/480 vars: init h=2
Difference of init h values: 0
t=221.626s (after merging)
Composite transition system with 184/480 vars: not applying abstraction (same number of states)
Current peak memory increase of merge-and-shrink computation: 78848 KB

Next pair of indices: (184, 662)
Atomic transition system #184: 2 states, 6 arcs 
Atomic transition system #184: init h=0
Composite transition system with 184/480 vars: 128 states, 4736 arcs 
Composite transition system with 184/480 vars: init h=2
t=222.363s (after computation of next merge)
Atomic transition system #184: current size: 2 (shrink threshold: 1)
Atomic transition system #184: applying abstraction (2 to 1 states)
Atomic transition system #184: simplification was not f-preserving!
Atomic transition system #184: computing init and goal distances using unit-cost algorithm
Atomic transition system #184: 1 states, 1 arcs 
Atomic transition system #184: init h=0
Composite transition system with 184/480 vars: current size: 128 (shrink threshold: 1)
Composite transition system with 184/480 vars: not applying abstraction (same number of states)
t=222.393s (after shrinking)
Merging atomic transition system #184 and composite transition system with 184/480 vars
Composite transition system with 185/480 vars: computing init and goal distances using unit-cost algorithm
Composite transition system with 185/480 vars: 128 states, 4736 arcs 
Composite transition system with 185/480 vars: init h=2
Difference of init h values: 0
t=222.394s (after merging)
Composite transition system with 185/480 vars: not applying abstraction (same number of states)
Current peak memory increase of merge-and-shrink computation: 78848 KB

Next pair of indices: (185, 663)
Atomic transition system #185: 2 states, 6 arcs 
Atomic transition system #185: init h=0
Composite transition system with 185/480 vars: 128 states, 4736 arcs 
Composite transition system with 185/480 vars: init h=2
t=223.115s (after computation of next merge)
Atomic transition system #185: current size: 2 (shrink threshold: 1)
Atomic transition system #185: applying abstraction (2 to 1 states)
Atomic transition system #185: simplification was not f-preserving!
Atomic transition system #185: computing init and goal distances using unit-cost algorithm
Atomic transition system #185: 1 states, 1 arcs 
Atomic transition system #185: init h=0
Composite transition system with 185/480 vars: current size: 128 (shrink threshold: 1)
Composite transition system with 185/480 vars: not applying abstraction (same number of states)
t=223.15s (after shrinking)
Merging atomic transition system #185 and composite transition system with 185/480 vars
Composite transition system with 186/480 vars: computing init and goal distances using unit-cost algorithm
Composite transition system with 186/480 vars: 128 states, 4736 arcs 
Composite transition system with 186/480 vars: init h=2
Difference of init h values: 0
t=223.15s (after merging)
Composite transition system with 186/480 vars: not applying abstraction (same number of states)
Current peak memory increase of merge-and-shrink computation: 78848 KB

Next pair of indices: (186, 664)
Atomic transition system #186: 2 states, 6 arcs 
Atomic transition system #186: init h=0
Composite transition system with 186/480 vars: 128 states, 4736 arcs 
Composite transition system with 186/480 vars: init h=2
t=223.869s (after computation of next merge)
Atomic transition system #186: current size: 2 (shrink threshold: 1)
Atomic transition system #186: applying abstraction (2 to 1 states)
Atomic transition system #186: simplification was not f-preserving!
Atomic transition system #186: computing init and goal distances using unit-cost algorithm
Atomic transition system #186: 1 states, 1 arcs 
Atomic transition system #186: init h=0
Composite transition system with 186/480 vars: current size: 128 (shrink threshold: 1)
Composite transition system with 186/480 vars: not applying abstraction (same number of states)
t=223.898s (after shrinking)
Merging atomic transition system #186 and composite transition system with 186/480 vars
Composite transition system with 187/480 vars: computing init and goal distances using unit-cost algorithm
Composite transition system with 187/480 vars: 128 states, 4736 arcs 
Composite transition system with 187/480 vars: init h=2
Difference of init h values: 0
t=223.899s (after merging)
Composite transition system with 187/480 vars: not applying abstraction (same number of states)
Current peak memory increase of merge-and-shrink computation: 78848 KB

Next pair of indices: (187, 665)
Atomic transition system #187: 2 states, 6 arcs 
Atomic transition system #187: init h=0
Composite transition system with 187/480 vars: 128 states, 4736 arcs 
Composite transition system with 187/480 vars: init h=2
t=224.648s (after computation of next merge)
Atomic transition system #187: current size: 2 (shrink threshold: 1)
Atomic transition system #187: applying abstraction (2 to 1 states)
Atomic transition system #187: simplification was not f-preserving!
Atomic transition system #187: computing init and goal distances using unit-cost algorithm
Atomic transition system #187: 1 states, 1 arcs 
Atomic transition system #187: init h=0
Composite transition system with 187/480 vars: current size: 128 (shrink threshold: 1)
Composite transition system with 187/480 vars: not applying abstraction (same number of states)
t=224.677s (after shrinking)
Merging atomic transition system #187 and composite transition system with 187/480 vars
Composite transition system with 188/480 vars: computing init and goal distances using unit-cost algorithm
Composite transition system with 188/480 vars: 128 states, 4736 arcs 
Composite transition system with 188/480 vars: init h=2
Difference of init h values: 0
t=224.677s (after merging)
Composite transition system with 188/480 vars: not applying abstraction (same number of states)
Current peak memory increase of merge-and-shrink computation: 78848 KB

Next pair of indices: (188, 666)
Atomic transition system #188: 2 states, 6 arcs 
Atomic transition system #188: init h=0
Composite transition system with 188/480 vars: 128 states, 4736 arcs 
Composite transition system with 188/480 vars: init h=2
t=225.409s (after computation of next merge)
Atomic transition system #188: current size: 2 (shrink threshold: 1)
Atomic transition system #188: applying abstraction (2 to 1 states)
Atomic transition system #188: simplification was not f-preserving!
Atomic transition system #188: computing init and goal distances using unit-cost algorithm
Atomic transition system #188: 1 states, 1 arcs 
Atomic transition system #188: init h=0
Composite transition system with 188/480 vars: current size: 128 (shrink threshold: 1)
Composite transition system with 188/480 vars: not applying abstraction (same number of states)
t=225.439s (after shrinking)
Merging atomic transition system #188 and composite transition system with 188/480 vars
Composite transition system with 189/480 vars: computing init and goal distances using unit-cost algorithm
Composite transition system with 189/480 vars: 128 states, 4736 arcs 
Composite transition system with 189/480 vars: init h=2
Difference of init h values: 0
t=225.439s (after merging)
Composite transition system with 189/480 vars: not applying abstraction (same number of states)
Current peak memory increase of merge-and-shrink computation: 78848 KB

Next pair of indices: (189, 667)
Atomic transition system #189: 2 states, 6 arcs 
Atomic transition system #189: init h=0
Composite transition system with 189/480 vars: 128 states, 4736 arcs 
Composite transition system with 189/480 vars: init h=2
t=226.166s (after computation of next merge)
Atomic transition system #189: current size: 2 (shrink threshold: 1)
Atomic transition system #189: applying abstraction (2 to 1 states)
Atomic transition system #189: simplification was not f-preserving!
Atomic transition system #189: computing init and goal distances using unit-cost algorithm
Atomic transition system #189: 1 states, 1 arcs 
Atomic transition system #189: init h=0
Composite transition system with 189/480 vars: current size: 128 (shrink threshold: 1)
Composite transition system with 189/480 vars: not applying abstraction (same number of states)
t=226.195s (after shrinking)
Merging atomic transition system #189 and composite transition system with 189/480 vars
Composite transition system with 190/480 vars: computing init and goal distances using unit-cost algorithm
Composite transition system with 190/480 vars: 128 states, 4736 arcs 
Composite transition system with 190/480 vars: init h=2
Difference of init h values: 0
t=226.195s (after merging)
Composite transition system with 190/480 vars: not applying abstraction (same number of states)
Current peak memory increase of merge-and-shrink computation: 78848 KB

Next pair of indices: (190, 668)
Atomic transition system #190: 2 states, 6 arcs 
Atomic transition system #190: init h=0
Composite transition system with 190/480 vars: 128 states, 4736 arcs 
Composite transition system with 190/480 vars: init h=2
t=226.909s (after computation of next merge)
Atomic transition system #190: current size: 2 (shrink threshold: 1)
Atomic transition system #190: applying abstraction (2 to 1 states)
Atomic transition system #190: simplification was not f-preserving!
Atomic transition system #190: computing init and goal distances using unit-cost algorithm
Atomic transition system #190: 1 states, 1 arcs 
Atomic transition system #190: init h=0
Composite transition system with 190/480 vars: current size: 128 (shrink threshold: 1)
Composite transition system with 190/480 vars: not applying abstraction (same number of states)
t=226.937s (after shrinking)
Merging atomic transition system #190 and composite transition system with 190/480 vars
Composite transition system with 191/480 vars: computing init and goal distances using unit-cost algorithm
Composite transition system with 191/480 vars: 128 states, 4736 arcs 
Composite transition system with 191/480 vars: init h=2
Difference of init h values: 0
t=226.938s (after merging)
Composite transition system with 191/480 vars: not applying abstraction (same number of states)
Current peak memory increase of merge-and-shrink computation: 78848 KB

Next pair of indices: (191, 669)
Atomic transition system #191: 2 states, 6 arcs 
Atomic transition system #191: init h=1
Composite transition system with 191/480 vars: 128 states, 4736 arcs 
Composite transition system with 191/480 vars: init h=2
t=227.674s (after computation of next merge)
Atomic transition system #191: current size: 2 (shrink threshold: 1)
Atomic transition system #191: not applying abstraction (same number of states)
Composite transition system with 191/480 vars: current size: 128 (shrink threshold: 1)
Composite transition system with 191/480 vars: not applying abstraction (same number of states)
Merging atomic transition system #191 and composite transition system with 191/480 vars
Composite transition system with 192/480 vars: computing init and goal distances using unit-cost algorithm
Composite transition system with 192/480 vars: 256 states, 12544 arcs 
Composite transition system with 192/480 vars: init h=3
Difference of init h values: 1
t=227.707s (after merging)
Composite transition system with 192/480 vars: not applying abstraction (same number of states)
Current peak memory increase of merge-and-shrink computation: 78848 KB

Next pair of indices: (192, 670)
Atomic transition system #192: 2 states, 6 arcs 
Atomic transition system #192: init h=0
Composite transition system with 192/480 vars: 256 states, 12544 arcs 
Composite transition system with 192/480 vars: init h=3
t=228.39s (after computation of next merge)
Atomic transition system #192: current size: 2 (shrink threshold: 1)
Atomic transition system #192: applying abstraction (2 to 1 states)
Atomic transition system #192: simplification was not f-preserving!
Atomic transition system #192: computing init and goal distances using unit-cost algorithm
Atomic transition system #192: 1 states, 1 arcs 
Atomic transition system #192: init h=0
Composite transition system with 192/480 vars: current size: 256 (shrink threshold: 1)
Composite transition system with 192/480 vars: not applying abstraction (same number of states)
t=228.42s (after shrinking)
Merging atomic transition system #192 and composite transition system with 192/480 vars
Composite transition system with 193/480 vars: computing init and goal distances using unit-cost algorithm
Composite transition system with 193/480 vars: 256 states, 12544 arcs 
Composite transition system with 193/480 vars: init h=3
Difference of init h values: 0
t=228.42s (after merging)
Composite transition system with 193/480 vars: not applying abstraction (same number of states)
Current peak memory increase of merge-and-shrink computation: 78848 KB

Next pair of indices: (193, 671)
Atomic transition system #193: 2 states, 6 arcs 
Atomic transition system #193: init h=0
Composite transition system with 193/480 vars: 256 states, 12544 arcs 
Composite transition system with 193/480 vars: init h=3
t=229.096s (after computation of next merge)
Atomic transition system #193: current size: 2 (shrink threshold: 1)
Atomic transition system #193: applying abstraction (2 to 1 states)
Atomic transition system #193: simplification was not f-preserving!
Atomic transition system #193: computing init and goal distances using unit-cost algorithm
Atomic transition system #193: 1 states, 1 arcs 
Atomic transition system #193: init h=0
Composite transition system with 193/480 vars: current size: 256 (shrink threshold: 1)
Composite transition system with 193/480 vars: not applying abstraction (same number of states)
t=229.127s (after shrinking)
Merging atomic transition system #193 and composite transition system with 193/480 vars
Composite transition system with 194/480 vars: computing init and goal distances using unit-cost algorithm
Composite transition system with 194/480 vars: 256 states, 12544 arcs 
Composite transition system with 194/480 vars: init h=3
Difference of init h values: 0
t=229.128s (after merging)
Composite transition system with 194/480 vars: not applying abstraction (same number of states)
Current peak memory increase of merge-and-shrink computation: 78848 KB

Next pair of indices: (194, 672)
Atomic transition system #194: 2 states, 6 arcs 
Atomic transition system #194: init h=0
Composite transition system with 194/480 vars: 256 states, 12544 arcs 
Composite transition system with 194/480 vars: init h=3
t=229.806s (after computation of next merge)
Atomic transition system #194: current size: 2 (shrink threshold: 1)
Atomic transition system #194: applying abstraction (2 to 1 states)
Atomic transition system #194: simplification was not f-preserving!
Atomic transition system #194: computing init and goal distances using unit-cost algorithm
Atomic transition system #194: 1 states, 1 arcs 
Atomic transition system #194: init h=0
Composite transition system with 194/480 vars: current size: 256 (shrink threshold: 1)
Composite transition system with 194/480 vars: not applying abstraction (same number of states)
t=229.84s (after shrinking)
Merging atomic transition system #194 and composite transition system with 194/480 vars
Composite transition system with 195/480 vars: computing init and goal distances using unit-cost algorithm
Composite transition system with 195/480 vars: 256 states, 12544 arcs 
Composite transition system with 195/480 vars: init h=3
Difference of init h values: 0
t=229.841s (after merging)
Composite transition system with 195/480 vars: not applying abstraction (same number of states)
Current peak memory increase of merge-and-shrink computation: 78848 KB

Next pair of indices: (195, 673)
Atomic transition system #195: 2 states, 6 arcs 
Atomic transition system #195: init h=0
Composite transition system with 195/480 vars: 256 states, 12544 arcs 
Composite transition system with 195/480 vars: init h=3
t=230.507s (after computation of next merge)
Atomic transition system #195: current size: 2 (shrink threshold: 1)
Atomic transition system #195: applying abstraction (2 to 1 states)
Atomic transition system #195: simplification was not f-preserving!
Atomic transition system #195: computing init and goal distances using unit-cost algorithm
Atomic transition system #195: 1 states, 1 arcs 
Atomic transition system #195: init h=0
Composite transition system with 195/480 vars: current size: 256 (shrink threshold: 1)
Composite transition system with 195/480 vars: not applying abstraction (same number of states)
t=230.537s (after shrinking)
Merging atomic transition system #195 and composite transition system with 195/480 vars
Composite transition system with 196/480 vars: computing init and goal distances using unit-cost algorithm
Composite transition system with 196/480 vars: 256 states, 12544 arcs 
Composite transition system with 196/480 vars: init h=3
Difference of init h values: 0
t=230.537s (after merging)
Composite transition system with 196/480 vars: not applying abstraction (same number of states)
Current peak memory increase of merge-and-shrink computation: 78848 KB

Next pair of indices: (196, 674)
Atomic transition system #196: 2 states, 6 arcs 
Atomic transition system #196: init h=0
Composite transition system with 196/480 vars: 256 states, 12544 arcs 
Composite transition system with 196/480 vars: init h=3
t=231.199s (after computation of next merge)
Atomic transition system #196: current size: 2 (shrink threshold: 1)
Atomic transition system #196: applying abstraction (2 to 1 states)
Atomic transition system #196: simplification was not f-preserving!
Atomic transition system #196: computing init and goal distances using unit-cost algorithm
Atomic transition system #196: 1 states, 1 arcs 
Atomic transition system #196: init h=0
Composite transition system with 196/480 vars: current size: 256 (shrink threshold: 1)
Composite transition system with 196/480 vars: not applying abstraction (same number of states)
t=231.228s (after shrinking)
Merging atomic transition system #196 and composite transition system with 196/480 vars
Composite transition system with 197/480 vars: computing init and goal distances using unit-cost algorithm
Composite transition system with 197/480 vars: 256 states, 12544 arcs 
Composite transition system with 197/480 vars: init h=3
Difference of init h values: 0
t=231.228s (after merging)
Composite transition system with 197/480 vars: not applying abstraction (same number of states)
Current peak memory increase of merge-and-shrink computation: 78848 KB

Next pair of indices: (197, 675)
Atomic transition system #197: 2 states, 6 arcs 
Atomic transition system #197: init h=0
Composite transition system with 197/480 vars: 256 states, 12544 arcs 
Composite transition system with 197/480 vars: init h=3
t=231.899s (after computation of next merge)
Atomic transition system #197: current size: 2 (shrink threshold: 1)
Atomic transition system #197: applying abstraction (2 to 1 states)
Atomic transition system #197: simplification was not f-preserving!
Atomic transition system #197: computing init and goal distances using unit-cost algorithm
Atomic transition system #197: 1 states, 1 arcs 
Atomic transition system #197: init h=0
Composite transition system with 197/480 vars: current size: 256 (shrink threshold: 1)
Composite transition system with 197/480 vars: not applying abstraction (same number of states)
t=231.928s (after shrinking)
Merging atomic transition system #197 and composite transition system with 197/480 vars
Composite transition system with 198/480 vars: computing init and goal distances using unit-cost algorithm
Composite transition system with 198/480 vars: 256 states, 12544 arcs 
Composite transition system with 198/480 vars: init h=3
Difference of init h values: 0
t=231.929s (after merging)
Composite transition system with 198/480 vars: not applying abstraction (same number of states)
Current peak memory increase of merge-and-shrink computation: 78848 KB

Next pair of indices: (198, 676)
Atomic transition system #198: 2 states, 6 arcs 
Atomic transition system #198: init h=0
Composite transition system with 198/480 vars: 256 states, 12544 arcs 
Composite transition system with 198/480 vars: init h=3
t=232.595s (after computation of next merge)
Atomic transition system #198: current size: 2 (shrink threshold: 1)
Atomic transition system #198: applying abstraction (2 to 1 states)
Atomic transition system #198: simplification was not f-preserving!
Atomic transition system #198: computing init and goal distances using unit-cost algorithm
Atomic transition system #198: 1 states, 1 arcs 
Atomic transition system #198: init h=0
Composite transition system with 198/480 vars: current size: 256 (shrink threshold: 1)
Composite transition system with 198/480 vars: not applying abstraction (same number of states)
t=232.631s (after shrinking)
Merging atomic transition system #198 and composite transition system with 198/480 vars
Composite transition system with 199/480 vars: computing init and goal distances using unit-cost algorithm
Composite transition system with 199/480 vars: 256 states, 12544 arcs 
Composite transition system with 199/480 vars: init h=3
Difference of init h values: 0
t=232.632s (after merging)
Composite transition system with 199/480 vars: not applying abstraction (same number of states)
Current peak memory increase of merge-and-shrink computation: 78848 KB

Next pair of indices: (199, 677)
Atomic transition system #199: 2 states, 6 arcs 
Atomic transition system #199: init h=0
Composite transition system with 199/480 vars: 256 states, 12544 arcs 
Composite transition system with 199/480 vars: init h=3
t=233.31s (after computation of next merge)
Atomic transition system #199: current size: 2 (shrink threshold: 1)
Atomic transition system #199: applying abstraction (2 to 1 states)
Atomic transition system #199: simplification was not f-preserving!
Atomic transition system #199: computing init and goal distances using unit-cost algorithm
Atomic transition system #199: 1 states, 1 arcs 
Atomic transition system #199: init h=0
Composite transition system with 199/480 vars: current size: 256 (shrink threshold: 1)
Composite transition system with 199/480 vars: not applying abstraction (same number of states)
t=233.34s (after shrinking)
Merging atomic transition system #199 and composite transition system with 199/480 vars
Composite transition system with 200/480 vars: computing init and goal distances using unit-cost algorithm
Composite transition system with 200/480 vars: 256 states, 12544 arcs 
Composite transition system with 200/480 vars: init h=3
Difference of init h values: 0
t=233.34s (after merging)
Composite transition system with 200/480 vars: not applying abstraction (same number of states)
Current peak memory increase of merge-and-shrink computation: 78848 KB

Next pair of indices: (200, 678)
Atomic transition system #200: 2 states, 6 arcs 
Atomic transition system #200: init h=0
Composite transition system with 200/480 vars: 256 states, 12544 arcs 
Composite transition system with 200/480 vars: init h=3
t=234.011s (after computation of next merge)
Atomic transition system #200: current size: 2 (shrink threshold: 1)
Atomic transition system #200: applying abstraction (2 to 1 states)
Atomic transition system #200: simplification was not f-preserving!
Atomic transition system #200: computing init and goal distances using unit-cost algorithm
Atomic transition system #200: 1 states, 1 arcs 
Atomic transition system #200: init h=0
Composite transition system with 200/480 vars: current size: 256 (shrink threshold: 1)
Composite transition system with 200/480 vars: not applying abstraction (same number of states)
t=234.039s (after shrinking)
Merging atomic transition system #200 and composite transition system with 200/480 vars
Composite transition system with 201/480 vars: computing init and goal distances using unit-cost algorithm
Composite transition system with 201/480 vars: 256 states, 12544 arcs 
Composite transition system with 201/480 vars: init h=3
Difference of init h values: 0
t=234.04s (after merging)
Composite transition system with 201/480 vars: not applying abstraction (same number of states)
Current peak memory increase of merge-and-shrink computation: 78848 KB

Next pair of indices: (201, 679)
Atomic transition system #201: 2 states, 6 arcs 
Atomic transition system #201: init h=0
Composite transition system with 201/480 vars: 256 states, 12544 arcs 
Composite transition system with 201/480 vars: init h=3
t=234.711s (after computation of next merge)
Atomic transition system #201: current size: 2 (shrink threshold: 1)
Atomic transition system #201: applying abstraction (2 to 1 states)
Atomic transition system #201: simplification was not f-preserving!
Atomic transition system #201: computing init and goal distances using unit-cost algorithm
Atomic transition system #201: 1 states, 1 arcs 
Atomic transition system #201: init h=0
Composite transition system with 201/480 vars: current size: 256 (shrink threshold: 1)
Composite transition system with 201/480 vars: not applying abstraction (same number of states)
t=234.739s (after shrinking)
Merging atomic transition system #201 and composite transition system with 201/480 vars
Composite transition system with 202/480 vars: computing init and goal distances using unit-cost algorithm
Composite transition system with 202/480 vars: 256 states, 12544 arcs 
Composite transition system with 202/480 vars: init h=3
Difference of init h values: 0
t=234.74s (after merging)
Composite transition system with 202/480 vars: not applying abstraction (same number of states)
Current peak memory increase of merge-and-shrink computation: 78848 KB

Next pair of indices: (202, 680)
Atomic transition system #202: 2 states, 6 arcs 
Atomic transition system #202: init h=0
Composite transition system with 202/480 vars: 256 states, 12544 arcs 
Composite transition system with 202/480 vars: init h=3
t=235.395s (after computation of next merge)
Atomic transition system #202: current size: 2 (shrink threshold: 1)
Atomic transition system #202: applying abstraction (2 to 1 states)
Atomic transition system #202: simplification was not f-preserving!
Atomic transition system #202: computing init and goal distances using unit-cost algorithm
Atomic transition system #202: 1 states, 1 arcs 
Atomic transition system #202: init h=0
Composite transition system with 202/480 vars: current size: 256 (shrink threshold: 1)
Composite transition system with 202/480 vars: not applying abstraction (same number of states)
t=235.426s (after shrinking)
Merging atomic transition system #202 and composite transition system with 202/480 vars
Composite transition system with 203/480 vars: computing init and goal distances using unit-cost algorithm
Composite transition system with 203/480 vars: 256 states, 12544 arcs 
Composite transition system with 203/480 vars: init h=3
Difference of init h values: 0
t=235.427s (after merging)
Composite transition system with 203/480 vars: not applying abstraction (same number of states)
Current peak memory increase of merge-and-shrink computation: 78848 KB

Next pair of indices: (203, 681)
Atomic transition system #203: 2 states, 6 arcs 
Atomic transition system #203: init h=0
Composite transition system with 203/480 vars: 256 states, 12544 arcs 
Composite transition system with 203/480 vars: init h=3
t=236.087s (after computation of next merge)
Atomic transition system #203: current size: 2 (shrink threshold: 1)
Atomic transition system #203: applying abstraction (2 to 1 states)
Atomic transition system #203: simplification was not f-preserving!
Atomic transition system #203: computing init and goal distances using unit-cost algorithm
Atomic transition system #203: 1 states, 1 arcs 
Atomic transition system #203: init h=0
Composite transition system with 203/480 vars: current size: 256 (shrink threshold: 1)
Composite transition system with 203/480 vars: not applying abstraction (same number of states)
t=236.117s (after shrinking)
Merging atomic transition system #203 and composite transition system with 203/480 vars
Composite transition system with 204/480 vars: computing init and goal distances using unit-cost algorithm
Composite transition system with 204/480 vars: 256 states, 12544 arcs 
Composite transition system with 204/480 vars: init h=3
Difference of init h values: 0
t=236.118s (after merging)
Composite transition system with 204/480 vars: not applying abstraction (same number of states)
Current peak memory increase of merge-and-shrink computation: 78848 KB

Next pair of indices: (204, 682)
Atomic transition system #204: 2 states, 6 arcs 
Atomic transition system #204: init h=0
Composite transition system with 204/480 vars: 256 states, 12544 arcs 
Composite transition system with 204/480 vars: init h=3
t=236.775s (after computation of next merge)
Atomic transition system #204: current size: 2 (shrink threshold: 1)
Atomic transition system #204: applying abstraction (2 to 1 states)
Atomic transition system #204: simplification was not f-preserving!
Atomic transition system #204: computing init and goal distances using unit-cost algorithm
Atomic transition system #204: 1 states, 1 arcs 
Atomic transition system #204: init h=0
Composite transition system with 204/480 vars: current size: 256 (shrink threshold: 1)
Composite transition system with 204/480 vars: not applying abstraction (same number of states)
t=236.802s (after shrinking)
Merging atomic transition system #204 and composite transition system with 204/480 vars
Composite transition system with 205/480 vars: computing init and goal distances using unit-cost algorithm
Composite transition system with 205/480 vars: 256 states, 12544 arcs 
Composite transition system with 205/480 vars: init h=3
Difference of init h values: 0
t=236.803s (after merging)
Composite transition system with 205/480 vars: not applying abstraction (same number of states)
Current peak memory increase of merge-and-shrink computation: 78848 KB

Next pair of indices: (205, 683)
Atomic transition system #205: 2 states, 6 arcs 
Atomic transition system #205: init h=0
Composite transition system with 205/480 vars: 256 states, 12544 arcs 
Composite transition system with 205/480 vars: init h=3
t=237.46s (after computation of next merge)
Atomic transition system #205: current size: 2 (shrink threshold: 1)
Atomic transition system #205: applying abstraction (2 to 1 states)
Atomic transition system #205: simplification was not f-preserving!
Atomic transition system #205: computing init and goal distances using unit-cost algorithm
Atomic transition system #205: 1 states, 1 arcs 
Atomic transition system #205: init h=0
Composite transition system with 205/480 vars: current size: 256 (shrink threshold: 1)
Composite transition system with 205/480 vars: not applying abstraction (same number of states)
t=237.487s (after shrinking)
Merging atomic transition system #205 and composite transition system with 205/480 vars
Composite transition system with 206/480 vars: computing init and goal distances using unit-cost algorithm
Composite transition system with 206/480 vars: 256 states, 12544 arcs 
Composite transition system with 206/480 vars: init h=3
Difference of init h values: 0
t=237.488s (after merging)
Composite transition system with 206/480 vars: not applying abstraction (same number of states)
Current peak memory increase of merge-and-shrink computation: 78848 KB

Next pair of indices: (206, 684)
Atomic transition system #206: 2 states, 6 arcs 
Atomic transition system #206: init h=0
Composite transition system with 206/480 vars: 256 states, 12544 arcs 
Composite transition system with 206/480 vars: init h=3
t=238.155s (after computation of next merge)
Atomic transition system #206: current size: 2 (shrink threshold: 1)
Atomic transition system #206: applying abstraction (2 to 1 states)
Atomic transition system #206: simplification was not f-preserving!
Atomic transition system #206: computing init and goal distances using unit-cost algorithm
Atomic transition system #206: 1 states, 1 arcs 
Atomic transition system #206: init h=0
Composite transition system with 206/480 vars: current size: 256 (shrink threshold: 1)
Composite transition system with 206/480 vars: not applying abstraction (same number of states)
t=238.182s (after shrinking)
Merging atomic transition system #206 and composite transition system with 206/480 vars
Composite transition system with 207/480 vars: computing init and goal distances using unit-cost algorithm
Composite transition system with 207/480 vars: 256 states, 12544 arcs 
Composite transition system with 207/480 vars: init h=3
Difference of init h values: 0
t=238.183s (after merging)
Composite transition system with 207/480 vars: not applying abstraction (same number of states)
Current peak memory increase of merge-and-shrink computation: 78848 KB

Next pair of indices: (207, 685)
Atomic transition system #207: 2 states, 6 arcs 
Atomic transition system #207: init h=0
Composite transition system with 207/480 vars: 256 states, 12544 arcs 
Composite transition system with 207/480 vars: init h=3
t=238.835s (after computation of next merge)
Atomic transition system #207: current size: 2 (shrink threshold: 1)
Atomic transition system #207: applying abstraction (2 to 1 states)
Atomic transition system #207: simplification was not f-preserving!
Atomic transition system #207: computing init and goal distances using unit-cost algorithm
Atomic transition system #207: 1 states, 1 arcs 
Atomic transition system #207: init h=0
Composite transition system with 207/480 vars: current size: 256 (shrink threshold: 1)
Composite transition system with 207/480 vars: not applying abstraction (same number of states)
t=238.861s (after shrinking)
Merging atomic transition system #207 and composite transition system with 207/480 vars
Composite transition system with 208/480 vars: computing init and goal distances using unit-cost algorithm
Composite transition system with 208/480 vars: 256 states, 12544 arcs 
Composite transition system with 208/480 vars: init h=3
Difference of init h values: 0
t=238.861s (after merging)
Composite transition system with 208/480 vars: not applying abstraction (same number of states)
Current peak memory increase of merge-and-shrink computation: 78848 KB

Next pair of indices: (208, 686)
Atomic transition system #208: 2 states, 6 arcs 
Atomic transition system #208: init h=0
Composite transition system with 208/480 vars: 256 states, 12544 arcs 
Composite transition system with 208/480 vars: init h=3
t=239.529s (after computation of next merge)
Atomic transition system #208: current size: 2 (shrink threshold: 1)
Atomic transition system #208: applying abstraction (2 to 1 states)
Atomic transition system #208: simplification was not f-preserving!
Atomic transition system #208: computing init and goal distances using unit-cost algorithm
Atomic transition system #208: 1 states, 1 arcs 
Atomic transition system #208: init h=0
Composite transition system with 208/480 vars: current size: 256 (shrink threshold: 1)
Composite transition system with 208/480 vars: not applying abstraction (same number of states)
t=239.562s (after shrinking)
Merging atomic transition system #208 and composite transition system with 208/480 vars
Composite transition system with 209/480 vars: computing init and goal distances using unit-cost algorithm
Composite transition system with 209/480 vars: 256 states, 12544 arcs 
Composite transition system with 209/480 vars: init h=3
Difference of init h values: 0
t=239.563s (after merging)
Composite transition system with 209/480 vars: not applying abstraction (same number of states)
Current peak memory increase of merge-and-shrink computation: 78848 KB

Next pair of indices: (209, 687)
Atomic transition system #209: 2 states, 6 arcs 
Atomic transition system #209: init h=0
Composite transition system with 209/480 vars: 256 states, 12544 arcs 
Composite transition system with 209/480 vars: init h=3
t=240.223s (after computation of next merge)
Atomic transition system #209: current size: 2 (shrink threshold: 1)
Atomic transition system #209: applying abstraction (2 to 1 states)
Atomic transition system #209: simplification was not f-preserving!
Atomic transition system #209: computing init and goal distances using unit-cost algorithm
Atomic transition system #209: 1 states, 1 arcs 
Atomic transition system #209: init h=0
Composite transition system with 209/480 vars: current size: 256 (shrink threshold: 1)
Composite transition system with 209/480 vars: not applying abstraction (same number of states)
t=240.249s (after shrinking)
Merging atomic transition system #209 and composite transition system with 209/480 vars
Composite transition system with 210/480 vars: computing init and goal distances using unit-cost algorithm
Composite transition system with 210/480 vars: 256 states, 12544 arcs 
Composite transition system with 210/480 vars: init h=3
Difference of init h values: 0
t=240.249s (after merging)
Composite transition system with 210/480 vars: not applying abstraction (same number of states)
Current peak memory increase of merge-and-shrink computation: 78848 KB

Next pair of indices: (210, 688)
Atomic transition system #210: 2 states, 6 arcs 
Atomic transition system #210: init h=0
Composite transition system with 210/480 vars: 256 states, 12544 arcs 
Composite transition system with 210/480 vars: init h=3
t=240.882s (after computation of next merge)
Atomic transition system #210: current size: 2 (shrink threshold: 1)
Atomic transition system #210: applying abstraction (2 to 1 states)
Atomic transition system #210: simplification was not f-preserving!
Atomic transition system #210: computing init and goal distances using unit-cost algorithm
Atomic transition system #210: 1 states, 1 arcs 
Atomic transition system #210: init h=0
Composite transition system with 210/480 vars: current size: 256 (shrink threshold: 1)
Composite transition system with 210/480 vars: not applying abstraction (same number of states)
t=240.908s (after shrinking)
Merging atomic transition system #210 and composite transition system with 210/480 vars
Composite transition system with 211/480 vars: computing init and goal distances using unit-cost algorithm
Composite transition system with 211/480 vars: 256 states, 12544 arcs 
Composite transition system with 211/480 vars: init h=3
Difference of init h values: 0
t=240.908s (after merging)
Composite transition system with 211/480 vars: not applying abstraction (same number of states)
Current peak memory increase of merge-and-shrink computation: 78848 KB

Next pair of indices: (211, 689)
Atomic transition system #211: 2 states, 6 arcs 
Atomic transition system #211: init h=0
Composite transition system with 211/480 vars: 256 states, 12544 arcs 
Composite transition system with 211/480 vars: init h=3
t=241.534s (after computation of next merge)
Atomic transition system #211: current size: 2 (shrink threshold: 1)
Atomic transition system #211: applying abstraction (2 to 1 states)
Atomic transition system #211: simplification was not f-preserving!
Atomic transition system #211: computing init and goal distances using unit-cost algorithm
Atomic transition system #211: 1 states, 1 arcs 
Atomic transition system #211: init h=0
Composite transition system with 211/480 vars: current size: 256 (shrink threshold: 1)
Composite transition system with 211/480 vars: not applying abstraction (same number of states)
t=241.56s (after shrinking)
Merging atomic transition system #211 and composite transition system with 211/480 vars
Composite transition system with 212/480 vars: computing init and goal distances using unit-cost algorithm
Composite transition system with 212/480 vars: 256 states, 12544 arcs 
Composite transition system with 212/480 vars: init h=3
Difference of init h values: 0
t=241.561s (after merging)
Composite transition system with 212/480 vars: not applying abstraction (same number of states)
Current peak memory increase of merge-and-shrink computation: 78848 KB

Next pair of indices: (212, 690)
Atomic transition system #212: 2 states, 6 arcs 
Atomic transition system #212: init h=0
Composite transition system with 212/480 vars: 256 states, 12544 arcs 
Composite transition system with 212/480 vars: init h=3
t=242.191s (after computation of next merge)
Atomic transition system #212: current size: 2 (shrink threshold: 1)
Atomic transition system #212: applying abstraction (2 to 1 states)
Atomic transition system #212: simplification was not f-preserving!
Atomic transition system #212: computing init and goal distances using unit-cost algorithm
Atomic transition system #212: 1 states, 1 arcs 
Atomic transition system #212: init h=0
Composite transition system with 212/480 vars: current size: 256 (shrink threshold: 1)
Composite transition system with 212/480 vars: not applying abstraction (same number of states)
t=242.217s (after shrinking)
Merging atomic transition system #212 and composite transition system with 212/480 vars
Composite transition system with 213/480 vars: computing init and goal distances using unit-cost algorithm
Composite transition system with 213/480 vars: 256 states, 12544 arcs 
Composite transition system with 213/480 vars: init h=3
Difference of init h values: 0
t=242.218s (after merging)
Composite transition system with 213/480 vars: not applying abstraction (same number of states)
Current peak memory increase of merge-and-shrink computation: 78848 KB

Next pair of indices: (213, 691)
Atomic transition system #213: 2 states, 6 arcs 
Atomic transition system #213: init h=0
Composite transition system with 213/480 vars: 256 states, 12544 arcs 
Composite transition system with 213/480 vars: init h=3
t=242.841s (after computation of next merge)
Atomic transition system #213: current size: 2 (shrink threshold: 1)
Atomic transition system #213: applying abstraction (2 to 1 states)
Atomic transition system #213: simplification was not f-preserving!
Atomic transition system #213: computing init and goal distances using unit-cost algorithm
Atomic transition system #213: 1 states, 1 arcs 
Atomic transition system #213: init h=0
Composite transition system with 213/480 vars: current size: 256 (shrink threshold: 1)
Composite transition system with 213/480 vars: not applying abstraction (same number of states)
t=242.866s (after shrinking)
Merging atomic transition system #213 and composite transition system with 213/480 vars
Composite transition system with 214/480 vars: computing init and goal distances using unit-cost algorithm
Composite transition system with 214/480 vars: 256 states, 12544 arcs 
Composite transition system with 214/480 vars: init h=3
Difference of init h values: 0
t=242.867s (after merging)
Composite transition system with 214/480 vars: not applying abstraction (same number of states)
Current peak memory increase of merge-and-shrink computation: 78848 KB

Next pair of indices: (214, 692)
Atomic transition system #214: 2 states, 6 arcs 
Atomic transition system #214: init h=0
Composite transition system with 214/480 vars: 256 states, 12544 arcs 
Composite transition system with 214/480 vars: init h=3
t=243.493s (after computation of next merge)
Atomic transition system #214: current size: 2 (shrink threshold: 1)
Atomic transition system #214: applying abstraction (2 to 1 states)
Atomic transition system #214: simplification was not f-preserving!
Atomic transition system #214: computing init and goal distances using unit-cost algorithm
Atomic transition system #214: 1 states, 1 arcs 
Atomic transition system #214: init h=0
Composite transition system with 214/480 vars: current size: 256 (shrink threshold: 1)
Composite transition system with 214/480 vars: not applying abstraction (same number of states)
t=243.518s (after shrinking)
Merging atomic transition system #214 and composite transition system with 214/480 vars
Composite transition system with 215/480 vars: computing init and goal distances using unit-cost algorithm
Composite transition system with 215/480 vars: 256 states, 12544 arcs 
Composite transition system with 215/480 vars: init h=3
Difference of init h values: 0
t=243.519s (after merging)
Composite transition system with 215/480 vars: not applying abstraction (same number of states)
Current peak memory increase of merge-and-shrink computation: 78848 KB

Next pair of indices: (215, 693)
Atomic transition system #215: 2 states, 6 arcs 
Atomic transition system #215: init h=1
Composite transition system with 215/480 vars: 256 states, 12544 arcs 
Composite transition system with 215/480 vars: init h=3
t=244.163s (after computation of next merge)
Atomic transition system #215: current size: 2 (shrink threshold: 1)
Atomic transition system #215: not applying abstraction (same number of states)
Composite transition system with 215/480 vars: current size: 256 (shrink threshold: 1)
Composite transition system with 215/480 vars: not applying abstraction (same number of states)
Merging atomic transition system #215 and composite transition system with 215/480 vars
Composite transition system with 216/480 vars: computing init and goal distances using unit-cost algorithm
Composite transition system with 216/480 vars: 512 states, 29696 arcs 
Composite transition system with 216/480 vars: init h=3
Difference of init h values: 0
t=244.189s (after merging)
Composite transition system with 216/480 vars: not applying abstraction (same number of states)
Current peak memory increase of merge-and-shrink computation: 78848 KB

Next pair of indices: (216, 694)
Atomic transition system #216: 2 states, 6 arcs 
Atomic transition system #216: init h=0
Composite transition system with 216/480 vars: 512 states, 29696 arcs 
Composite transition system with 216/480 vars: init h=3
t=244.778s (after computation of next merge)
Atomic transition system #216: current size: 2 (shrink threshold: 1)
Atomic transition system #216: applying abstraction (2 to 1 states)
Atomic transition system #216: simplification was not f-preserving!
Atomic transition system #216: computing init and goal distances using unit-cost algorithm
Atomic transition system #216: 1 states, 1 arcs 
Atomic transition system #216: init h=0
Composite transition system with 216/480 vars: current size: 512 (shrink threshold: 1)
Composite transition system with 216/480 vars: not applying abstraction (same number of states)
t=244.806s (after shrinking)
Merging atomic transition system #216 and composite transition system with 216/480 vars
Composite transition system with 217/480 vars: computing init and goal distances using unit-cost algorithm
Composite transition system with 217/480 vars: 512 states, 29696 arcs 
Composite transition system with 217/480 vars: init h=3
Difference of init h values: 0
t=244.807s (after merging)
Composite transition system with 217/480 vars: not applying abstraction (same number of states)
Current peak memory increase of merge-and-shrink computation: 78848 KB

Next pair of indices: (217, 695)
Atomic transition system #217: 2 states, 6 arcs 
Atomic transition system #217: init h=0
Composite transition system with 217/480 vars: 512 states, 29696 arcs 
Composite transition system with 217/480 vars: init h=3
t=245.428s (after computation of next merge)
Atomic transition system #217: current size: 2 (shrink threshold: 1)
Atomic transition system #217: applying abstraction (2 to 1 states)
Atomic transition system #217: simplification was not f-preserving!
Atomic transition system #217: computing init and goal distances using unit-cost algorithm
Atomic transition system #217: 1 states, 1 arcs 
Atomic transition system #217: init h=0
Composite transition system with 217/480 vars: current size: 512 (shrink threshold: 1)
Composite transition system with 217/480 vars: not applying abstraction (same number of states)
t=245.456s (after shrinking)
Merging atomic transition system #217 and composite transition system with 217/480 vars
Composite transition system with 218/480 vars: computing init and goal distances using unit-cost algorithm
Composite transition system with 218/480 vars: 512 states, 29696 arcs 
Composite transition system with 218/480 vars: init h=3
Difference of init h values: 0
t=245.457s (after merging)
Composite transition system with 218/480 vars: not applying abstraction (same number of states)
Current peak memory increase of merge-and-shrink computation: 78848 KB

Next pair of indices: (218, 696)
Atomic transition system #218: 2 states, 6 arcs 
Atomic transition system #218: init h=0
Composite transition system with 218/480 vars: 512 states, 29696 arcs 
Composite transition system with 218/480 vars: init h=3
t=246.064s (after computation of next merge)
Atomic transition system #218: current size: 2 (shrink threshold: 1)
Atomic transition system #218: applying abstraction (2 to 1 states)
Atomic transition system #218: simplification was not f-preserving!
Atomic transition system #218: computing init and goal distances using unit-cost algorithm
Atomic transition system #218: 1 states, 1 arcs 
Atomic transition system #218: init h=0
Composite transition system with 218/480 vars: current size: 512 (shrink threshold: 1)
Composite transition system with 218/480 vars: not applying abstraction (same number of states)
t=246.097s (after shrinking)
Merging atomic transition system #218 and composite transition system with 218/480 vars
Composite transition system with 219/480 vars: computing init and goal distances using unit-cost algorithm
Composite transition system with 219/480 vars: 512 states, 29696 arcs 
Composite transition system with 219/480 vars: init h=3
Difference of init h values: 0
t=246.098s (after merging)
Composite transition system with 219/480 vars: not applying abstraction (same number of states)
Current peak memory increase of merge-and-shrink computation: 78848 KB

Next pair of indices: (219, 697)
Atomic transition system #219: 2 states, 6 arcs 
Atomic transition system #219: init h=0
Composite transition system with 219/480 vars: 512 states, 29696 arcs 
Composite transition system with 219/480 vars: init h=3
t=246.68s (after computation of next merge)
Atomic transition system #219: current size: 2 (shrink threshold: 1)
Atomic transition system #219: applying abstraction (2 to 1 states)
Atomic transition system #219: simplification was not f-preserving!
Atomic transition system #219: computing init and goal distances using unit-cost algorithm
Atomic transition system #219: 1 states, 1 arcs 
Atomic transition system #219: init h=0
Composite transition system with 219/480 vars: current size: 512 (shrink threshold: 1)
Composite transition system with 219/480 vars: not applying abstraction (same number of states)
t=246.709s (after shrinking)
Merging atomic transition system #219 and composite transition system with 219/480 vars
Composite transition system with 220/480 vars: computing init and goal distances using unit-cost algorithm
Composite transition system with 220/480 vars: 512 states, 29696 arcs 
Composite transition system with 220/480 vars: init h=3
Difference of init h values: 0
t=246.711s (after merging)
Composite transition system with 220/480 vars: not applying abstraction (same number of states)
Current peak memory increase of merge-and-shrink computation: 78848 KB

Next pair of indices: (220, 698)
Atomic transition system #220: 2 states, 6 arcs 
Atomic transition system #220: init h=0
Composite transition system with 220/480 vars: 512 states, 29696 arcs 
Composite transition system with 220/480 vars: init h=3
t=247.295s (after computation of next merge)
Atomic transition system #220: current size: 2 (shrink threshold: 1)
Atomic transition system #220: applying abstraction (2 to 1 states)
Atomic transition system #220: simplification was not f-preserving!
Atomic transition system #220: computing init and goal distances using unit-cost algorithm
Atomic transition system #220: 1 states, 1 arcs 
Atomic transition system #220: init h=0
Composite transition system with 220/480 vars: current size: 512 (shrink threshold: 1)
Composite transition system with 220/480 vars: not applying abstraction (same number of states)
t=247.323s (after shrinking)
Merging atomic transition system #220 and composite transition system with 220/480 vars
Composite transition system with 221/480 vars: computing init and goal distances using unit-cost algorithm
Composite transition system with 221/480 vars: 512 states, 29696 arcs 
Composite transition system with 221/480 vars: init h=3
Difference of init h values: 0
t=247.324s (after merging)
Composite transition system with 221/480 vars: not applying abstraction (same number of states)
Current peak memory increase of merge-and-shrink computation: 78848 KB

Next pair of indices: (221, 699)
Atomic transition system #221: 2 states, 6 arcs 
Atomic transition system #221: init h=0
Composite transition system with 221/480 vars: 512 states, 29696 arcs 
Composite transition system with 221/480 vars: init h=3
t=247.909s (after computation of next merge)
Atomic transition system #221: current size: 2 (shrink threshold: 1)
Atomic transition system #221: applying abstraction (2 to 1 states)
Atomic transition system #221: simplification was not f-preserving!
Atomic transition system #221: computing init and goal distances using unit-cost algorithm
Atomic transition system #221: 1 states, 1 arcs 
Atomic transition system #221: init h=0
Composite transition system with 221/480 vars: current size: 512 (shrink threshold: 1)
Composite transition system with 221/480 vars: not applying abstraction (same number of states)
t=247.936s (after shrinking)
Merging atomic transition system #221 and composite transition system with 221/480 vars
Composite transition system with 222/480 vars: computing init and goal distances using unit-cost algorithm
Composite transition system with 222/480 vars: 512 states, 29696 arcs 
Composite transition system with 222/480 vars: init h=3
Difference of init h values: 0
t=247.937s (after merging)
Composite transition system with 222/480 vars: not applying abstraction (same number of states)
Current peak memory increase of merge-and-shrink computation: 78848 KB

Next pair of indices: (222, 700)
Atomic transition system #222: 2 states, 6 arcs 
Atomic transition system #222: init h=0
Composite transition system with 222/480 vars: 512 states, 29696 arcs 
Composite transition system with 222/480 vars: init h=3
t=248.539s (after computation of next merge)
Atomic transition system #222: current size: 2 (shrink threshold: 1)
Atomic transition system #222: applying abstraction (2 to 1 states)
Atomic transition system #222: simplification was not f-preserving!
Atomic transition system #222: computing init and goal distances using unit-cost algorithm
Atomic transition system #222: 1 states, 1 arcs 
Atomic transition system #222: init h=0
Composite transition system with 222/480 vars: current size: 512 (shrink threshold: 1)
Composite transition system with 222/480 vars: not applying abstraction (same number of states)
t=248.569s (after shrinking)
Merging atomic transition system #222 and composite transition system with 222/480 vars
Composite transition system with 223/480 vars: computing init and goal distances using unit-cost algorithm
Composite transition system with 223/480 vars: 512 states, 29696 arcs 
Composite transition system with 223/480 vars: init h=3
Difference of init h values: 0
t=248.571s (after merging)
Composite transition system with 223/480 vars: not applying abstraction (same number of states)
Current peak memory increase of merge-and-shrink computation: 78848 KB

Next pair of indices: (223, 701)
Atomic transition system #223: 2 states, 6 arcs 
Atomic transition system #223: init h=0
Composite transition system with 223/480 vars: 512 states, 29696 arcs 
Composite transition system with 223/480 vars: init h=3
t=249.165s (after computation of next merge)
Atomic transition system #223: current size: 2 (shrink threshold: 1)
Atomic transition system #223: applying abstraction (2 to 1 states)
Atomic transition system #223: simplification was not f-preserving!
Atomic transition system #223: computing init and goal distances using unit-cost algorithm
Atomic transition system #223: 1 states, 1 arcs 
Atomic transition system #223: init h=0
Composite transition system with 223/480 vars: current size: 512 (shrink threshold: 1)
Composite transition system with 223/480 vars: not applying abstraction (same number of states)
t=249.194s (after shrinking)
Merging atomic transition system #223 and composite transition system with 223/480 vars
Composite transition system with 224/480 vars: computing init and goal distances using unit-cost algorithm
Composite transition system with 224/480 vars: 512 states, 29696 arcs 
Composite transition system with 224/480 vars: init h=3
Difference of init h values: 0
t=249.195s (after merging)
Composite transition system with 224/480 vars: not applying abstraction (same number of states)
Current peak memory increase of merge-and-shrink computation: 78848 KB

Next pair of indices: (224, 702)
Atomic transition system #224: 2 states, 6 arcs 
Atomic transition system #224: init h=0
Composite transition system with 224/480 vars: 512 states, 29696 arcs 
Composite transition system with 224/480 vars: init h=3
t=249.76s (after computation of next merge)
Atomic transition system #224: current size: 2 (shrink threshold: 1)
Atomic transition system #224: applying abstraction (2 to 1 states)
Atomic transition system #224: simplification was not f-preserving!
Atomic transition system #224: computing init and goal distances using unit-cost algorithm
Atomic transition system #224: 1 states, 1 arcs 
Atomic transition system #224: init h=0
Composite transition system with 224/480 vars: current size: 512 (shrink threshold: 1)
Composite transition system with 224/480 vars: not applying abstraction (same number of states)
t=249.789s (after shrinking)
Merging atomic transition system #224 and composite transition system with 224/480 vars
Composite transition system with 225/480 vars: computing init and goal distances using unit-cost algorithm
Composite transition system with 225/480 vars: 512 states, 29696 arcs 
Composite transition system with 225/480 vars: init h=3
Difference of init h values: 0
t=249.79s (after merging)
Composite transition system with 225/480 vars: not applying abstraction (same number of states)
Current peak memory increase of merge-and-shrink computation: 78848 KB

Next pair of indices: (225, 703)
Atomic transition system #225: 2 states, 6 arcs 
Atomic transition system #225: init h=0
Composite transition system with 225/480 vars: 512 states, 29696 arcs 
Composite transition system with 225/480 vars: init h=3
t=250.369s (after computation of next merge)
Atomic transition system #225: current size: 2 (shrink threshold: 1)
Atomic transition system #225: applying abstraction (2 to 1 states)
Atomic transition system #225: simplification was not f-preserving!
Atomic transition system #225: computing init and goal distances using unit-cost algorithm
Atomic transition system #225: 1 states, 1 arcs 
Atomic transition system #225: init h=0
Composite transition system with 225/480 vars: current size: 512 (shrink threshold: 1)
Composite transition system with 225/480 vars: not applying abstraction (same number of states)
t=250.397s (after shrinking)
Merging atomic transition system #225 and composite transition system with 225/480 vars
Composite transition system with 226/480 vars: computing init and goal distances using unit-cost algorithm
Composite transition system with 226/480 vars: 512 states, 29696 arcs 
Composite transition system with 226/480 vars: init h=3
Difference of init h values: 0
t=250.398s (after merging)
Composite transition system with 226/480 vars: not applying abstraction (same number of states)
Current peak memory increase of merge-and-shrink computation: 78848 KB

Next pair of indices: (226, 704)
Atomic transition system #226: 2 states, 6 arcs 
Atomic transition system #226: init h=0
Composite transition system with 226/480 vars: 512 states, 29696 arcs 
Composite transition system with 226/480 vars: init h=3
t=250.981s (after computation of next merge)
Atomic transition system #226: current size: 2 (shrink threshold: 1)
Atomic transition system #226: applying abstraction (2 to 1 states)
Atomic transition system #226: simplification was not f-preserving!
Atomic transition system #226: computing init and goal distances using unit-cost algorithm
Atomic transition system #226: 1 states, 1 arcs 
Atomic transition system #226: init h=0
Composite transition system with 226/480 vars: current size: 512 (shrink threshold: 1)
Composite transition system with 226/480 vars: not applying abstraction (same number of states)
t=251.008s (after shrinking)
Merging atomic transition system #226 and composite transition system with 226/480 vars
Composite transition system with 227/480 vars: computing init and goal distances using unit-cost algorithm
Composite transition system with 227/480 vars: 512 states, 29696 arcs 
Composite transition system with 227/480 vars: init h=3
Difference of init h values: 0
t=251.009s (after merging)
Composite transition system with 227/480 vars: not applying abstraction (same number of states)
Current peak memory increase of merge-and-shrink computation: 78848 KB

Next pair of indices: (227, 705)
Atomic transition system #227: 2 states, 6 arcs 
Atomic transition system #227: init h=0
Composite transition system with 227/480 vars: 512 states, 29696 arcs 
Composite transition system with 227/480 vars: init h=3
t=251.575s (after computation of next merge)
Atomic transition system #227: current size: 2 (shrink threshold: 1)
Atomic transition system #227: applying abstraction (2 to 1 states)
Atomic transition system #227: simplification was not f-preserving!
Atomic transition system #227: computing init and goal distances using unit-cost algorithm
Atomic transition system #227: 1 states, 1 arcs 
Atomic transition system #227: init h=0
Composite transition system with 227/480 vars: current size: 512 (shrink threshold: 1)
Composite transition system with 227/480 vars: not applying abstraction (same number of states)
t=251.61s (after shrinking)
Merging atomic transition system #227 and composite transition system with 227/480 vars
Composite transition system with 228/480 vars: computing init and goal distances using unit-cost algorithm
Composite transition system with 228/480 vars: 512 states, 29696 arcs 
Composite transition system with 228/480 vars: init h=3
Difference of init h values: 0
t=251.612s (after merging)
Composite transition system with 228/480 vars: not applying abstraction (same number of states)
Current peak memory increase of merge-and-shrink computation: 78848 KB

Next pair of indices: (228, 706)
Atomic transition system #228: 2 states, 6 arcs 
Atomic transition system #228: init h=0
Composite transition system with 228/480 vars: 512 states, 29696 arcs 
Composite transition system with 228/480 vars: init h=3
t=252.2s (after computation of next merge)
Atomic transition system #228: current size: 2 (shrink threshold: 1)
Atomic transition system #228: applying abstraction (2 to 1 states)
Atomic transition system #228: simplification was not f-preserving!
Atomic transition system #228: computing init and goal distances using unit-cost algorithm
Atomic transition system #228: 1 states, 1 arcs 
Atomic transition system #228: init h=0
Composite transition system with 228/480 vars: current size: 512 (shrink threshold: 1)
Composite transition system with 228/480 vars: not applying abstraction (same number of states)
t=252.226s (after shrinking)
Merging atomic transition system #228 and composite transition system with 228/480 vars
Composite transition system with 229/480 vars: computing init and goal distances using unit-cost algorithm
Composite transition system with 229/480 vars: 512 states, 29696 arcs 
Composite transition system with 229/480 vars: init h=3
Difference of init h values: 0
t=252.228s (after merging)
Composite transition system with 229/480 vars: not applying abstraction (same number of states)
Current peak memory increase of merge-and-shrink computation: 78848 KB

Next pair of indices: (229, 707)
Atomic transition system #229: 2 states, 6 arcs 
Atomic transition system #229: init h=0
Composite transition system with 229/480 vars: 512 states, 29696 arcs 
Composite transition system with 229/480 vars: init h=3
t=252.795s (after computation of next merge)
Atomic transition system #229: current size: 2 (shrink threshold: 1)
Atomic transition system #229: applying abstraction (2 to 1 states)
Atomic transition system #229: simplification was not f-preserving!
Atomic transition system #229: computing init and goal distances using unit-cost algorithm
Atomic transition system #229: 1 states, 1 arcs 
Atomic transition system #229: init h=0
Composite transition system with 229/480 vars: current size: 512 (shrink threshold: 1)
Composite transition system with 229/480 vars: not applying abstraction (same number of states)
t=252.821s (after shrinking)
Merging atomic transition system #229 and composite transition system with 229/480 vars
Composite transition system with 230/480 vars: computing init and goal distances using unit-cost algorithm
Composite transition system with 230/480 vars: 512 states, 29696 arcs 
Composite transition system with 230/480 vars: init h=3
Difference of init h values: 0
t=252.823s (after merging)
Composite transition system with 230/480 vars: not applying abstraction (same number of states)
Current peak memory increase of merge-and-shrink computation: 78848 KB

Next pair of indices: (230, 708)
Atomic transition system #230: 2 states, 6 arcs 
Atomic transition system #230: init h=0
Composite transition system with 230/480 vars: 512 states, 29696 arcs 
Composite transition system with 230/480 vars: init h=3
t=253.38s (after computation of next merge)
Atomic transition system #230: current size: 2 (shrink threshold: 1)
Atomic transition system #230: applying abstraction (2 to 1 states)
Atomic transition system #230: simplification was not f-preserving!
Atomic transition system #230: computing init and goal distances using unit-cost algorithm
Atomic transition system #230: 1 states, 1 arcs 
Atomic transition system #230: init h=0
Composite transition system with 230/480 vars: current size: 512 (shrink threshold: 1)
Composite transition system with 230/480 vars: not applying abstraction (same number of states)
t=253.404s (after shrinking)
Merging atomic transition system #230 and composite transition system with 230/480 vars
Composite transition system with 231/480 vars: computing init and goal distances using unit-cost algorithm
Composite transition system with 231/480 vars: 512 states, 29696 arcs 
Composite transition system with 231/480 vars: init h=3
Difference of init h values: 0
t=253.406s (after merging)
Composite transition system with 231/480 vars: not applying abstraction (same number of states)
Current peak memory increase of merge-and-shrink computation: 78848 KB

Next pair of indices: (231, 709)
Atomic transition system #231: 2 states, 6 arcs 
Atomic transition system #231: init h=0
Composite transition system with 231/480 vars: 512 states, 29696 arcs 
Composite transition system with 231/480 vars: init h=3
t=253.989s (after computation of next merge)
Atomic transition system #231: current size: 2 (shrink threshold: 1)
Atomic transition system #231: applying abstraction (2 to 1 states)
Atomic transition system #231: simplification was not f-preserving!
Atomic transition system #231: computing init and goal distances using unit-cost algorithm
Atomic transition system #231: 1 states, 1 arcs 
Atomic transition system #231: init h=0
Composite transition system with 231/480 vars: current size: 512 (shrink threshold: 1)
Composite transition system with 231/480 vars: not applying abstraction (same number of states)
t=254.015s (after shrinking)
Merging atomic transition system #231 and composite transition system with 231/480 vars
Composite transition system with 232/480 vars: computing init and goal distances using unit-cost algorithm
Composite transition system with 232/480 vars: 512 states, 29696 arcs 
Composite transition system with 232/480 vars: init h=3
Difference of init h values: 0
t=254.016s (after merging)
Composite transition system with 232/480 vars: not applying abstraction (same number of states)
Current peak memory increase of merge-and-shrink computation: 78848 KB

Next pair of indices: (232, 710)
Atomic transition system #232: 2 states, 6 arcs 
Atomic transition system #232: init h=0
Composite transition system with 232/480 vars: 512 states, 29696 arcs 
Composite transition system with 232/480 vars: init h=3
t=254.579s (after computation of next merge)
Atomic transition system #232: current size: 2 (shrink threshold: 1)
Atomic transition system #232: applying abstraction (2 to 1 states)
Atomic transition system #232: simplification was not f-preserving!
Atomic transition system #232: computing init and goal distances using unit-cost algorithm
Atomic transition system #232: 1 states, 1 arcs 
Atomic transition system #232: init h=0
Composite transition system with 232/480 vars: current size: 512 (shrink threshold: 1)
Composite transition system with 232/480 vars: not applying abstraction (same number of states)
t=254.607s (after shrinking)
Merging atomic transition system #232 and composite transition system with 232/480 vars
Composite transition system with 233/480 vars: computing init and goal distances using unit-cost algorithm
Composite transition system with 233/480 vars: 512 states, 29696 arcs 
Composite transition system with 233/480 vars: init h=3
Difference of init h values: 0
t=254.609s (after merging)
Composite transition system with 233/480 vars: not applying abstraction (same number of states)
Current peak memory increase of merge-and-shrink computation: 78848 KB

Next pair of indices: (233, 711)
Atomic transition system #233: 2 states, 6 arcs 
Atomic transition system #233: init h=0
Composite transition system with 233/480 vars: 512 states, 29696 arcs 
Composite transition system with 233/480 vars: init h=3
t=255.177s (after computation of next merge)
Atomic transition system #233: current size: 2 (shrink threshold: 1)
Atomic transition system #233: applying abstraction (2 to 1 states)
Atomic transition system #233: simplification was not f-preserving!
Atomic transition system #233: computing init and goal distances using unit-cost algorithm
Atomic transition system #233: 1 states, 1 arcs 
Atomic transition system #233: init h=0
Composite transition system with 233/480 vars: current size: 512 (shrink threshold: 1)
Composite transition system with 233/480 vars: not applying abstraction (same number of states)
t=255.201s (after shrinking)
Merging atomic transition system #233 and composite transition system with 233/480 vars
Composite transition system with 234/480 vars: computing init and goal distances using unit-cost algorithm
Composite transition system with 234/480 vars: 512 states, 29696 arcs 
Composite transition system with 234/480 vars: init h=3
Difference of init h values: 0
t=255.202s (after merging)
Composite transition system with 234/480 vars: not applying abstraction (same number of states)
Current peak memory increase of merge-and-shrink computation: 78848 KB

Next pair of indices: (234, 712)
Atomic transition system #234: 2 states, 6 arcs 
Atomic transition system #234: init h=0
Composite transition system with 234/480 vars: 512 states, 29696 arcs 
Composite transition system with 234/480 vars: init h=3
t=255.748s (after computation of next merge)
Atomic transition system #234: current size: 2 (shrink threshold: 1)
Atomic transition system #234: applying abstraction (2 to 1 states)
Atomic transition system #234: simplification was not f-preserving!
Atomic transition system #234: computing init and goal distances using unit-cost algorithm
Atomic transition system #234: 1 states, 1 arcs 
Atomic transition system #234: init h=0
Composite transition system with 234/480 vars: current size: 512 (shrink threshold: 1)
Composite transition system with 234/480 vars: not applying abstraction (same number of states)
t=255.774s (after shrinking)
Merging atomic transition system #234 and composite transition system with 234/480 vars
Composite transition system with 235/480 vars: computing init and goal distances using unit-cost algorithm
Composite transition system with 235/480 vars: 512 states, 29696 arcs 
Composite transition system with 235/480 vars: init h=3
Difference of init h values: 0
t=255.775s (after merging)
Composite transition system with 235/480 vars: not applying abstraction (same number of states)
Current peak memory increase of merge-and-shrink computation: 78848 KB

Next pair of indices: (235, 713)
Atomic transition system #235: 2 states, 6 arcs 
Atomic transition system #235: init h=0
Composite transition system with 235/480 vars: 512 states, 29696 arcs 
Composite transition system with 235/480 vars: init h=3
t=256.328s (after computation of next merge)
Atomic transition system #235: current size: 2 (shrink threshold: 1)
Atomic transition system #235: applying abstraction (2 to 1 states)
Atomic transition system #235: simplification was not f-preserving!
Atomic transition system #235: computing init and goal distances using unit-cost algorithm
Atomic transition system #235: 1 states, 1 arcs 
Atomic transition system #235: init h=0
Composite transition system with 235/480 vars: current size: 512 (shrink threshold: 1)
Composite transition system with 235/480 vars: not applying abstraction (same number of states)
t=256.352s (after shrinking)
Merging atomic transition system #235 and composite transition system with 235/480 vars
Composite transition system with 236/480 vars: computing init and goal distances using unit-cost algorithm
Composite transition system with 236/480 vars: 512 states, 29696 arcs 
Composite transition system with 236/480 vars: init h=3
Difference of init h values: 0
t=256.353s (after merging)
Composite transition system with 236/480 vars: not applying abstraction (same number of states)
Current peak memory increase of merge-and-shrink computation: 78848 KB

Next pair of indices: (236, 714)
Atomic transition system #236: 2 states, 6 arcs 
Atomic transition system #236: init h=0
Composite transition system with 236/480 vars: 512 states, 29696 arcs 
Composite transition system with 236/480 vars: init h=3
t=256.896s (after computation of next merge)
Atomic transition system #236: current size: 2 (shrink threshold: 1)
Atomic transition system #236: applying abstraction (2 to 1 states)
Atomic transition system #236: simplification was not f-preserving!
Atomic transition system #236: computing init and goal distances using unit-cost algorithm
Atomic transition system #236: 1 states, 1 arcs 
Atomic transition system #236: init h=0
Composite transition system with 236/480 vars: current size: 512 (shrink threshold: 1)
Composite transition system with 236/480 vars: not applying abstraction (same number of states)
t=256.92s (after shrinking)
Merging atomic transition system #236 and composite transition system with 236/480 vars
Composite transition system with 237/480 vars: computing init and goal distances using unit-cost algorithm
Composite transition system with 237/480 vars: 512 states, 29696 arcs 
Composite transition system with 237/480 vars: init h=3
Difference of init h values: 0
t=256.922s (after merging)
Composite transition system with 237/480 vars: not applying abstraction (same number of states)
Current peak memory increase of merge-and-shrink computation: 78848 KB

Next pair of indices: (237, 715)
Atomic transition system #237: 2 states, 6 arcs 
Atomic transition system #237: init h=0
Composite transition system with 237/480 vars: 512 states, 29696 arcs 
Composite transition system with 237/480 vars: init h=3
t=257.466s (after computation of next merge)
Atomic transition system #237: current size: 2 (shrink threshold: 1)
Atomic transition system #237: applying abstraction (2 to 1 states)
Atomic transition system #237: simplification was not f-preserving!
Atomic transition system #237: computing init and goal distances using unit-cost algorithm
Atomic transition system #237: 1 states, 1 arcs 
Atomic transition system #237: init h=0
Composite transition system with 237/480 vars: current size: 512 (shrink threshold: 1)
Composite transition system with 237/480 vars: not applying abstraction (same number of states)
t=257.49s (after shrinking)
Merging atomic transition system #237 and composite transition system with 237/480 vars
Composite transition system with 238/480 vars: computing init and goal distances using unit-cost algorithm
Composite transition system with 238/480 vars: 512 states, 29696 arcs 
Composite transition system with 238/480 vars: init h=3
Difference of init h values: 0
t=257.492s (after merging)
Composite transition system with 238/480 vars: not applying abstraction (same number of states)
Current peak memory increase of merge-and-shrink computation: 78848 KB

Next pair of indices: (238, 716)
Atomic transition system #238: 2 states, 6 arcs 
Atomic transition system #238: init h=0
Composite transition system with 238/480 vars: 512 states, 29696 arcs 
Composite transition system with 238/480 vars: init h=3
t=258.048s (after computation of next merge)
Atomic transition system #238: current size: 2 (shrink threshold: 1)
Atomic transition system #238: applying abstraction (2 to 1 states)
Atomic transition system #238: simplification was not f-preserving!
Atomic transition system #238: computing init and goal distances using unit-cost algorithm
Atomic transition system #238: 1 states, 1 arcs 
Atomic transition system #238: init h=0
Composite transition system with 238/480 vars: current size: 512 (shrink threshold: 1)
Composite transition system with 238/480 vars: not applying abstraction (same number of states)
t=258.072s (after shrinking)
Merging atomic transition system #238 and composite transition system with 238/480 vars
Composite transition system with 239/480 vars: computing init and goal distances using unit-cost algorithm
Composite transition system with 239/480 vars: 512 states, 29696 arcs 
Composite transition system with 239/480 vars: init h=3
Difference of init h values: 0
t=258.074s (after merging)
Composite transition system with 239/480 vars: not applying abstraction (same number of states)
Current peak memory increase of merge-and-shrink computation: 78848 KB

Next pair of indices: (239, 717)
Atomic transition system #239: 2 states, 6 arcs 
Atomic transition system #239: init h=1
Composite transition system with 239/480 vars: 512 states, 29696 arcs 
Composite transition system with 239/480 vars: init h=3
t=258.603s (after computation of next merge)
Atomic transition system #239: current size: 2 (shrink threshold: 1)
Atomic transition system #239: not applying abstraction (same number of states)
Composite transition system with 239/480 vars: current size: 512 (shrink threshold: 1)
Composite transition system with 239/480 vars: not applying abstraction (same number of states)
Merging atomic transition system #239 and composite transition system with 239/480 vars
Composite transition system with 240/480 vars: computing init and goal distances using unit-cost algorithm
Composite transition system with 240/480 vars: 1024 states, 69632 arcs 
Composite transition system with 240/480 vars: init h=3
Difference of init h values: 0
t=258.631s (after merging)
Composite transition system with 240/480 vars: not applying abstraction (same number of states)
Current peak memory increase of merge-and-shrink computation: 78848 KB

Next pair of indices: (240, 718)
Atomic transition system #240: 2 states, 6 arcs 
Atomic transition system #240: init h=0
Composite transition system with 240/480 vars: 1024 states, 69632 arcs 
Composite transition system with 240/480 vars: init h=3
t=259.128s (after computation of next merge)
Atomic transition system #240: current size: 2 (shrink threshold: 1)
Atomic transition system #240: applying abstraction (2 to 1 states)
Atomic transition system #240: simplification was not f-preserving!
Atomic transition system #240: computing init and goal distances using unit-cost algorithm
Atomic transition system #240: 1 states, 1 arcs 
Atomic transition system #240: init h=0
Composite transition system with 240/480 vars: current size: 1024 (shrink threshold: 1)
Composite transition system with 240/480 vars: not applying abstraction (same number of states)
t=259.156s (after shrinking)
Merging atomic transition system #240 and composite transition system with 240/480 vars
Composite transition system with 241/480 vars: computing init and goal distances using unit-cost algorithm
Composite transition system with 241/480 vars: 1024 states, 69632 arcs 
Composite transition system with 241/480 vars: init h=3
Difference of init h values: 0
t=259.159s (after merging)
Composite transition system with 241/480 vars: not applying abstraction (same number of states)
Current peak memory increase of merge-and-shrink computation: 78848 KB

Next pair of indices: (241, 719)
Atomic transition system #241: 2 states, 6 arcs 
Atomic transition system #241: init h=0
Composite transition system with 241/480 vars: 1024 states, 69632 arcs 
Composite transition system with 241/480 vars: init h=3
t=259.651s (after computation of next merge)
Atomic transition system #241: current size: 2 (shrink threshold: 1)
Atomic transition system #241: applying abstraction (2 to 1 states)
Atomic transition system #241: simplification was not f-preserving!
Atomic transition system #241: computing init and goal distances using unit-cost algorithm
Atomic transition system #241: 1 states, 1 arcs 
Atomic transition system #241: init h=0
Composite transition system with 241/480 vars: current size: 1024 (shrink threshold: 1)
Composite transition system with 241/480 vars: not applying abstraction (same number of states)
t=259.68s (after shrinking)
Merging atomic transition system #241 and composite transition system with 241/480 vars
Composite transition system with 242/480 vars: computing init and goal distances using unit-cost algorithm
Composite transition system with 242/480 vars: 1024 states, 69632 arcs 
Composite transition system with 242/480 vars: init h=3
Difference of init h values: 0
t=259.682s (after merging)
Composite transition system with 242/480 vars: not applying abstraction (same number of states)
Current peak memory increase of merge-and-shrink computation: 78848 KB

Next pair of indices: (242, 720)
Atomic transition system #242: 2 states, 6 arcs 
Atomic transition system #242: init h=0
Composite transition system with 242/480 vars: 1024 states, 69632 arcs 
Composite transition system with 242/480 vars: init h=3
t=260.181s (after computation of next merge)
Atomic transition system #242: current size: 2 (shrink threshold: 1)
Atomic transition system #242: applying abstraction (2 to 1 states)
Atomic transition system #242: simplification was not f-preserving!
Atomic transition system #242: computing init and goal distances using unit-cost algorithm
Atomic transition system #242: 1 states, 1 arcs 
Atomic transition system #242: init h=0
Composite transition system with 242/480 vars: current size: 1024 (shrink threshold: 1)
Composite transition system with 242/480 vars: not applying abstraction (same number of states)
t=260.209s (after shrinking)
Merging atomic transition system #242 and composite transition system with 242/480 vars
Composite transition system with 243/480 vars: computing init and goal distances using unit-cost algorithm
Composite transition system with 243/480 vars: 1024 states, 69632 arcs 
Composite transition system with 243/480 vars: init h=3
Difference of init h values: 0
t=260.212s (after merging)
Composite transition system with 243/480 vars: not applying abstraction (same number of states)
Current peak memory increase of merge-and-shrink computation: 78848 KB

Next pair of indices: (243, 721)
Atomic transition system #243: 2 states, 6 arcs 
Atomic transition system #243: init h=0
Composite transition system with 243/480 vars: 1024 states, 69632 arcs 
Composite transition system with 243/480 vars: init h=3
t=260.707s (after computation of next merge)
Atomic transition system #243: current size: 2 (shrink threshold: 1)
Atomic transition system #243: applying abstraction (2 to 1 states)
Atomic transition system #243: simplification was not f-preserving!
Atomic transition system #243: computing init and goal distances using unit-cost algorithm
Atomic transition system #243: 1 states, 1 arcs 
Atomic transition system #243: init h=0
Composite transition system with 243/480 vars: current size: 1024 (shrink threshold: 1)
Composite transition system with 243/480 vars: not applying abstraction (same number of states)
t=260.736s (after shrinking)
Merging atomic transition system #243 and composite transition system with 243/480 vars
Composite transition system with 244/480 vars: computing init and goal distances using unit-cost algorithm
Composite transition system with 244/480 vars: 1024 states, 69632 arcs 
Composite transition system with 244/480 vars: init h=3
Difference of init h values: 0
t=260.739s (after merging)
Composite transition system with 244/480 vars: not applying abstraction (same number of states)
Current peak memory increase of merge-and-shrink computation: 78848 KB

Next pair of indices: (244, 722)
Atomic transition system #244: 2 states, 6 arcs 
Atomic transition system #244: init h=0
Composite transition system with 244/480 vars: 1024 states, 69632 arcs 
Composite transition system with 244/480 vars: init h=3
t=261.227s (after computation of next merge)
Atomic transition system #244: current size: 2 (shrink threshold: 1)
Atomic transition system #244: applying abstraction (2 to 1 states)
Atomic transition system #244: simplification was not f-preserving!
Atomic transition system #244: computing init and goal distances using unit-cost algorithm
Atomic transition system #244: 1 states, 1 arcs 
Atomic transition system #244: init h=0
Composite transition system with 244/480 vars: current size: 1024 (shrink threshold: 1)
Composite transition system with 244/480 vars: not applying abstraction (same number of states)
t=261.255s (after shrinking)
Merging atomic transition system #244 and composite transition system with 244/480 vars
Composite transition system with 245/480 vars: computing init and goal distances using unit-cost algorithm
Composite transition system with 245/480 vars: 1024 states, 69632 arcs 
Composite transition system with 245/480 vars: init h=3
Difference of init h values: 0
t=261.258s (after merging)
Composite transition system with 245/480 vars: not applying abstraction (same number of states)
Current peak memory increase of merge-and-shrink computation: 78848 KB

Next pair of indices: (245, 723)
Atomic transition system #245: 2 states, 6 arcs 
Atomic transition system #245: init h=0
Composite transition system with 245/480 vars: 1024 states, 69632 arcs 
Composite transition system with 245/480 vars: init h=3
t=261.753s (after computation of next merge)
Atomic transition system #245: current size: 2 (shrink threshold: 1)
Atomic transition system #245: applying abstraction (2 to 1 states)
Atomic transition system #245: simplification was not f-preserving!
Atomic transition system #245: computing init and goal distances using unit-cost algorithm
Atomic transition system #245: 1 states, 1 arcs 
Atomic transition system #245: init h=0
Composite transition system with 245/480 vars: current size: 1024 (shrink threshold: 1)
Composite transition system with 245/480 vars: not applying abstraction (same number of states)
t=261.78s (after shrinking)
Merging atomic transition system #245 and composite transition system with 245/480 vars
Composite transition system with 246/480 vars: computing init and goal distances using unit-cost algorithm
Composite transition system with 246/480 vars: 1024 states, 69632 arcs 
Composite transition system with 246/480 vars: init h=3
Difference of init h values: 0
t=261.783s (after merging)
Composite transition system with 246/480 vars: not applying abstraction (same number of states)
Current peak memory increase of merge-and-shrink computation: 78848 KB

Next pair of indices: (246, 724)
Atomic transition system #246: 2 states, 6 arcs 
Atomic transition system #246: init h=0
Composite transition system with 246/480 vars: 1024 states, 69632 arcs 
Composite transition system with 246/480 vars: init h=3
t=262.269s (after computation of next merge)
Atomic transition system #246: current size: 2 (shrink threshold: 1)
Atomic transition system #246: applying abstraction (2 to 1 states)
Atomic transition system #246: simplification was not f-preserving!
Atomic transition system #246: computing init and goal distances using unit-cost algorithm
Atomic transition system #246: 1 states, 1 arcs 
Atomic transition system #246: init h=0
Composite transition system with 246/480 vars: current size: 1024 (shrink threshold: 1)
Composite transition system with 246/480 vars: not applying abstraction (same number of states)
t=262.298s (after shrinking)
Merging atomic transition system #246 and composite transition system with 246/480 vars
Composite transition system with 247/480 vars: computing init and goal distances using unit-cost algorithm
Composite transition system with 247/480 vars: 1024 states, 69632 arcs 
Composite transition system with 247/480 vars: init h=3
Difference of init h values: 0
t=262.3s (after merging)
Composite transition system with 247/480 vars: not applying abstraction (same number of states)
Current peak memory increase of merge-and-shrink computation: 78848 KB

Next pair of indices: (247, 725)
Atomic transition system #247: 2 states, 6 arcs 
Atomic transition system #247: init h=0
Composite transition system with 247/480 vars: 1024 states, 69632 arcs 
Composite transition system with 247/480 vars: init h=3
t=262.771s (after computation of next merge)
Atomic transition system #247: current size: 2 (shrink threshold: 1)
Atomic transition system #247: applying abstraction (2 to 1 states)
Atomic transition system #247: simplification was not f-preserving!
Atomic transition system #247: computing init and goal distances using unit-cost algorithm
Atomic transition system #247: 1 states, 1 arcs 
Atomic transition system #247: init h=0
Composite transition system with 247/480 vars: current size: 1024 (shrink threshold: 1)
Composite transition system with 247/480 vars: not applying abstraction (same number of states)
t=262.799s (after shrinking)
Merging atomic transition system #247 and composite transition system with 247/480 vars
Composite transition system with 248/480 vars: computing init and goal distances using unit-cost algorithm
Composite transition system with 248/480 vars: 1024 states, 69632 arcs 
Composite transition system with 248/480 vars: init h=3
Difference of init h values: 0
t=262.801s (after merging)
Composite transition system with 248/480 vars: not applying abstraction (same number of states)
Current peak memory increase of merge-and-shrink computation: 78848 KB

Next pair of indices: (248, 726)
Atomic transition system #248: 2 states, 6 arcs 
Atomic transition system #248: init h=0
Composite transition system with 248/480 vars: 1024 states, 69632 arcs 
Composite transition system with 248/480 vars: init h=3
t=263.291s (after computation of next merge)
Atomic transition system #248: current size: 2 (shrink threshold: 1)
Atomic transition system #248: applying abstraction (2 to 1 states)
Atomic transition system #248: simplification was not f-preserving!
Atomic transition system #248: computing init and goal distances using unit-cost algorithm
Atomic transition system #248: 1 states, 1 arcs 
Atomic transition system #248: init h=0
Composite transition system with 248/480 vars: current size: 1024 (shrink threshold: 1)
Composite transition system with 248/480 vars: not applying abstraction (same number of states)
t=263.318s (after shrinking)
Merging atomic transition system #248 and composite transition system with 248/480 vars
Composite transition system with 249/480 vars: computing init and goal distances using unit-cost algorithm
Composite transition system with 249/480 vars: 1024 states, 69632 arcs 
Composite transition system with 249/480 vars: init h=3
Difference of init h values: 0
t=263.321s (after merging)
Composite transition system with 249/480 vars: not applying abstraction (same number of states)
Current peak memory increase of merge-and-shrink computation: 78848 KB

Next pair of indices: (249, 727)
Atomic transition system #249: 2 states, 6 arcs 
Atomic transition system #249: init h=0
Composite transition system with 249/480 vars: 1024 states, 69632 arcs 
Composite transition system with 249/480 vars: init h=3
t=263.791s (after computation of next merge)
Atomic transition system #249: current size: 2 (shrink threshold: 1)
Atomic transition system #249: applying abstraction (2 to 1 states)
Atomic transition system #249: simplification was not f-preserving!
Atomic transition system #249: computing init and goal distances using unit-cost algorithm
Atomic transition system #249: 1 states, 1 arcs 
Atomic transition system #249: init h=0
Composite transition system with 249/480 vars: current size: 1024 (shrink threshold: 1)
Composite transition system with 249/480 vars: not applying abstraction (same number of states)
t=263.817s (after shrinking)
Merging atomic transition system #249 and composite transition system with 249/480 vars
Composite transition system with 250/480 vars: computing init and goal distances using unit-cost algorithm
Composite transition system with 250/480 vars: 1024 states, 69632 arcs 
Composite transition system with 250/480 vars: init h=3
Difference of init h values: 0
t=263.82s (after merging)
Composite transition system with 250/480 vars: not applying abstraction (same number of states)
Current peak memory increase of merge-and-shrink computation: 78848 KB

Next pair of indices: (250, 728)
Atomic transition system #250: 2 states, 6 arcs 
Atomic transition system #250: init h=0
Composite transition system with 250/480 vars: 1024 states, 69632 arcs 
Composite transition system with 250/480 vars: init h=3
t=264.292s (after computation of next merge)
Atomic transition system #250: current size: 2 (shrink threshold: 1)
Atomic transition system #250: applying abstraction (2 to 1 states)
Atomic transition system #250: simplification was not f-preserving!
Atomic transition system #250: computing init and goal distances using unit-cost algorithm
Atomic transition system #250: 1 states, 1 arcs 
Atomic transition system #250: init h=0
Composite transition system with 250/480 vars: current size: 1024 (shrink threshold: 1)
Composite transition system with 250/480 vars: not applying abstraction (same number of states)
t=264.317s (after shrinking)
Merging atomic transition system #250 and composite transition system with 250/480 vars
Composite transition system with 251/480 vars: computing init and goal distances using unit-cost algorithm
Composite transition system with 251/480 vars: 1024 states, 69632 arcs 
Composite transition system with 251/480 vars: init h=3
Difference of init h values: 0
t=264.32s (after merging)
Composite transition system with 251/480 vars: not applying abstraction (same number of states)
Current peak memory increase of merge-and-shrink computation: 78848 KB

Next pair of indices: (251, 729)
Atomic transition system #251: 2 states, 6 arcs 
Atomic transition system #251: init h=0
Composite transition system with 251/480 vars: 1024 states, 69632 arcs 
Composite transition system with 251/480 vars: init h=3
t=264.781s (after computation of next merge)
Atomic transition system #251: current size: 2 (shrink threshold: 1)
Atomic transition system #251: applying abstraction (2 to 1 states)
Atomic transition system #251: simplification was not f-preserving!
Atomic transition system #251: computing init and goal distances using unit-cost algorithm
Atomic transition system #251: 1 states, 1 arcs 
Atomic transition system #251: init h=0
Composite transition system with 251/480 vars: current size: 1024 (shrink threshold: 1)
Composite transition system with 251/480 vars: not applying abstraction (same number of states)
t=264.807s (after shrinking)
Merging atomic transition system #251 and composite transition system with 251/480 vars
Composite transition system with 252/480 vars: computing init and goal distances using unit-cost algorithm
Composite transition system with 252/480 vars: 1024 states, 69632 arcs 
Composite transition system with 252/480 vars: init h=3
Difference of init h values: 0
t=264.81s (after merging)
Composite transition system with 252/480 vars: not applying abstraction (same number of states)
Current peak memory increase of merge-and-shrink computation: 78848 KB

Next pair of indices: (252, 730)
Atomic transition system #252: 2 states, 6 arcs 
Atomic transition system #252: init h=0
Composite transition system with 252/480 vars: 1024 states, 69632 arcs 
Composite transition system with 252/480 vars: init h=3
t=265.287s (after computation of next merge)
Atomic transition system #252: current size: 2 (shrink threshold: 1)
Atomic transition system #252: applying abstraction (2 to 1 states)
Atomic transition system #252: simplification was not f-preserving!
Atomic transition system #252: computing init and goal distances using unit-cost algorithm
Atomic transition system #252: 1 states, 1 arcs 
Atomic transition system #252: init h=0
Composite transition system with 252/480 vars: current size: 1024 (shrink threshold: 1)
Composite transition system with 252/480 vars: not applying abstraction (same number of states)
t=265.313s (after shrinking)
Merging atomic transition system #252 and composite transition system with 252/480 vars
Composite transition system with 253/480 vars: computing init and goal distances using unit-cost algorithm
Composite transition system with 253/480 vars: 1024 states, 69632 arcs 
Composite transition system with 253/480 vars: init h=3
Difference of init h values: 0
t=265.315s (after merging)
Composite transition system with 253/480 vars: not applying abstraction (same number of states)
Current peak memory increase of merge-and-shrink computation: 78848 KB

Next pair of indices: (253, 731)
Atomic transition system #253: 2 states, 6 arcs 
Atomic transition system #253: init h=0
Composite transition system with 253/480 vars: 1024 states, 69632 arcs 
Composite transition system with 253/480 vars: init h=3
t=265.788s (after computation of next merge)
Atomic transition system #253: current size: 2 (shrink threshold: 1)
Atomic transition system #253: applying abstraction (2 to 1 states)
Atomic transition system #253: simplification was not f-preserving!
Atomic transition system #253: computing init and goal distances using unit-cost algorithm
Atomic transition system #253: 1 states, 1 arcs 
Atomic transition system #253: init h=0
Composite transition system with 253/480 vars: current size: 1024 (shrink threshold: 1)
Composite transition system with 253/480 vars: not applying abstraction (same number of states)
t=265.813s (after shrinking)
Merging atomic transition system #253 and composite transition system with 253/480 vars
Composite transition system with 254/480 vars: computing init and goal distances using unit-cost algorithm
Composite transition system with 254/480 vars: 1024 states, 69632 arcs 
Composite transition system with 254/480 vars: init h=3
Difference of init h values: 0
t=265.816s (after merging)
Composite transition system with 254/480 vars: not applying abstraction (same number of states)
Current peak memory increase of merge-and-shrink computation: 78848 KB

Next pair of indices: (254, 732)
Atomic transition system #254: 2 states, 6 arcs 
Atomic transition system #254: init h=0
Composite transition system with 254/480 vars: 1024 states, 69632 arcs 
Composite transition system with 254/480 vars: init h=3
t=266.287s (after computation of next merge)
Atomic transition system #254: current size: 2 (shrink threshold: 1)
Atomic transition system #254: applying abstraction (2 to 1 states)
Atomic transition system #254: simplification was not f-preserving!
Atomic transition system #254: computing init and goal distances using unit-cost algorithm
Atomic transition system #254: 1 states, 1 arcs 
Atomic transition system #254: init h=0
Composite transition system with 254/480 vars: current size: 1024 (shrink threshold: 1)
Composite transition system with 254/480 vars: not applying abstraction (same number of states)
t=266.312s (after shrinking)
Merging atomic transition system #254 and composite transition system with 254/480 vars
Composite transition system with 255/480 vars: computing init and goal distances using unit-cost algorithm
Composite transition system with 255/480 vars: 1024 states, 69632 arcs 
Composite transition system with 255/480 vars: init h=3
Difference of init h values: 0
t=266.316s (after merging)
Composite transition system with 255/480 vars: not applying abstraction (same number of states)
Current peak memory increase of merge-and-shrink computation: 78848 KB

Next pair of indices: (255, 733)
Atomic transition system #255: 2 states, 6 arcs 
Atomic transition system #255: init h=0
Composite transition system with 255/480 vars: 1024 states, 69632 arcs 
Composite transition system with 255/480 vars: init h=3
t=266.78s (after computation of next merge)
Atomic transition system #255: current size: 2 (shrink threshold: 1)
Atomic transition system #255: applying abstraction (2 to 1 states)
Atomic transition system #255: simplification was not f-preserving!
Atomic transition system #255: computing init and goal distances using unit-cost algorithm
Atomic transition system #255: 1 states, 1 arcs 
Atomic transition system #255: init h=0
Composite transition system with 255/480 vars: current size: 1024 (shrink threshold: 1)
Composite transition system with 255/480 vars: not applying abstraction (same number of states)
t=266.806s (after shrinking)
Merging atomic transition system #255 and composite transition system with 255/480 vars
Composite transition system with 256/480 vars: computing init and goal distances using unit-cost algorithm
Composite transition system with 256/480 vars: 1024 states, 69632 arcs 
Composite transition system with 256/480 vars: init h=3
Difference of init h values: 0
t=266.809s (after merging)
Composite transition system with 256/480 vars: not applying abstraction (same number of states)
Current peak memory increase of merge-and-shrink computation: 78848 KB

Next pair of indices: (256, 734)
Atomic transition system #256: 2 states, 6 arcs 
Atomic transition system #256: init h=0
Composite transition system with 256/480 vars: 1024 states, 69632 arcs 
Composite transition system with 256/480 vars: init h=3
t=267.274s (after computation of next merge)
Atomic transition system #256: current size: 2 (shrink threshold: 1)
Atomic transition system #256: applying abstraction (2 to 1 states)
Atomic transition system #256: simplification was not f-preserving!
Atomic transition system #256: computing init and goal distances using unit-cost algorithm
Atomic transition system #256: 1 states, 1 arcs 
Atomic transition system #256: init h=0
Composite transition system with 256/480 vars: current size: 1024 (shrink threshold: 1)
Composite transition system with 256/480 vars: not applying abstraction (same number of states)
t=267.302s (after shrinking)
Merging atomic transition system #256 and composite transition system with 256/480 vars
Composite transition system with 257/480 vars: computing init and goal distances using unit-cost algorithm
Composite transition system with 257/480 vars: 1024 states, 69632 arcs 
Composite transition system with 257/480 vars: init h=3
Difference of init h values: 0
t=267.305s (after merging)
Composite transition system with 257/480 vars: not applying abstraction (same number of states)
Current peak memory increase of merge-and-shrink computation: 78848 KB

Next pair of indices: (257, 735)
Atomic transition system #257: 2 states, 6 arcs 
Atomic transition system #257: init h=0
Composite transition system with 257/480 vars: 1024 states, 69632 arcs 
Composite transition system with 257/480 vars: init h=3
t=267.768s (after computation of next merge)
Atomic transition system #257: current size: 2 (shrink threshold: 1)
Atomic transition system #257: applying abstraction (2 to 1 states)
Atomic transition system #257: simplification was not f-preserving!
Atomic transition system #257: computing init and goal distances using unit-cost algorithm
Atomic transition system #257: 1 states, 1 arcs 
Atomic transition system #257: init h=0
Composite transition system with 257/480 vars: current size: 1024 (shrink threshold: 1)
Composite transition system with 257/480 vars: not applying abstraction (same number of states)
t=267.792s (after shrinking)
Merging atomic transition system #257 and composite transition system with 257/480 vars
Composite transition system with 258/480 vars: computing init and goal distances using unit-cost algorithm
Composite transition system with 258/480 vars: 1024 states, 69632 arcs 
Composite transition system with 258/480 vars: init h=3
Difference of init h values: 0
t=267.796s (after merging)
Composite transition system with 258/480 vars: not applying abstraction (same number of states)
Current peak memory increase of merge-and-shrink computation: 78848 KB

Next pair of indices: (258, 736)
Atomic transition system #258: 2 states, 6 arcs 
Atomic transition system #258: init h=0
Composite transition system with 258/480 vars: 1024 states, 69632 arcs 
Composite transition system with 258/480 vars: init h=3
t=268.262s (after computation of next merge)
Atomic transition system #258: current size: 2 (shrink threshold: 1)
Atomic transition system #258: applying abstraction (2 to 1 states)
Atomic transition system #258: simplification was not f-preserving!
Atomic transition system #258: computing init and goal distances using unit-cost algorithm
Atomic transition system #258: 1 states, 1 arcs 
Atomic transition system #258: init h=0
Composite transition system with 258/480 vars: current size: 1024 (shrink threshold: 1)
Composite transition system with 258/480 vars: not applying abstraction (same number of states)
t=268.288s (after shrinking)
Merging atomic transition system #258 and composite transition system with 258/480 vars
Composite transition system with 259/480 vars: computing init and goal distances using unit-cost algorithm
Composite transition system with 259/480 vars: 1024 states, 69632 arcs 
Composite transition system with 259/480 vars: init h=3
Difference of init h values: 0
t=268.291s (after merging)
Composite transition system with 259/480 vars: not applying abstraction (same number of states)
Current peak memory increase of merge-and-shrink computation: 78848 KB

Next pair of indices: (259, 737)
Atomic transition system #259: 2 states, 6 arcs 
Atomic transition system #259: init h=0
Composite transition system with 259/480 vars: 1024 states, 69632 arcs 
Composite transition system with 259/480 vars: init h=3
t=268.747s (after computation of next merge)
Atomic transition system #259: current size: 2 (shrink threshold: 1)
Atomic transition system #259: applying abstraction (2 to 1 states)
Atomic transition system #259: simplification was not f-preserving!
Atomic transition system #259: computing init and goal distances using unit-cost algorithm
Atomic transition system #259: 1 states, 1 arcs 
Atomic transition system #259: init h=0
Composite transition system with 259/480 vars: current size: 1024 (shrink threshold: 1)
Composite transition system with 259/480 vars: not applying abstraction (same number of states)
t=268.771s (after shrinking)
Merging atomic transition system #259 and composite transition system with 259/480 vars
Composite transition system with 260/480 vars: computing init and goal distances using unit-cost algorithm
Composite transition system with 260/480 vars: 1024 states, 69632 arcs 
Composite transition system with 260/480 vars: init h=3
Difference of init h values: 0
t=268.774s (after merging)
Composite transition system with 260/480 vars: not applying abstraction (same number of states)
Current peak memory increase of merge-and-shrink computation: 78848 KB

Next pair of indices: (260, 738)
Atomic transition system #260: 2 states, 6 arcs 
Atomic transition system #260: init h=0
Composite transition system with 260/480 vars: 1024 states, 69632 arcs 
Composite transition system with 260/480 vars: init h=3
t=269.227s (after computation of next merge)
Atomic transition system #260: current size: 2 (shrink threshold: 1)
Atomic transition system #260: applying abstraction (2 to 1 states)
Atomic transition system #260: simplification was not f-preserving!
Atomic transition system #260: computing init and goal distances using unit-cost algorithm
Atomic transition system #260: 1 states, 1 arcs 
Atomic transition system #260: init h=0
Composite transition system with 260/480 vars: current size: 1024 (shrink threshold: 1)
Composite transition system with 260/480 vars: not applying abstraction (same number of states)
t=269.251s (after shrinking)
Merging atomic transition system #260 and composite transition system with 260/480 vars
Composite transition system with 261/480 vars: computing init and goal distances using unit-cost algorithm
Composite transition system with 261/480 vars: 1024 states, 69632 arcs 
Composite transition system with 261/480 vars: init h=3
Difference of init h values: 0
t=269.254s (after merging)
Composite transition system with 261/480 vars: not applying abstraction (same number of states)
Current peak memory increase of merge-and-shrink computation: 78848 KB

Next pair of indices: (261, 739)
Atomic transition system #261: 2 states, 6 arcs 
Atomic transition system #261: init h=0
Composite transition system with 261/480 vars: 1024 states, 69632 arcs 
Composite transition system with 261/480 vars: init h=3
t=269.717s (after computation of next merge)
Atomic transition system #261: current size: 2 (shrink threshold: 1)
Atomic transition system #261: applying abstraction (2 to 1 states)
Atomic transition system #261: simplification was not f-preserving!
Atomic transition system #261: computing init and goal distances using unit-cost algorithm
Atomic transition system #261: 1 states, 1 arcs 
Atomic transition system #261: init h=0
Composite transition system with 261/480 vars: current size: 1024 (shrink threshold: 1)
Composite transition system with 261/480 vars: not applying abstraction (same number of states)
t=269.744s (after shrinking)
Merging atomic transition system #261 and composite transition system with 261/480 vars
Composite transition system with 262/480 vars: computing init and goal distances using unit-cost algorithm
Composite transition system with 262/480 vars: 1024 states, 69632 arcs 
Composite transition system with 262/480 vars: init h=3
Difference of init h values: 0
t=269.746s (after merging)
Composite transition system with 262/480 vars: not applying abstraction (same number of states)
Current peak memory increase of merge-and-shrink computation: 78848 KB

Next pair of indices: (262, 740)
Atomic transition system #262: 2 states, 6 arcs 
Atomic transition system #262: init h=0
Composite transition system with 262/480 vars: 1024 states, 69632 arcs 
Composite transition system with 262/480 vars: init h=3
t=270.207s (after computation of next merge)
Atomic transition system #262: current size: 2 (shrink threshold: 1)
Atomic transition system #262: applying abstraction (2 to 1 states)
Atomic transition system #262: simplification was not f-preserving!
Atomic transition system #262: computing init and goal distances using unit-cost algorithm
Atomic transition system #262: 1 states, 1 arcs 
Atomic transition system #262: init h=0
Composite transition system with 262/480 vars: current size: 1024 (shrink threshold: 1)
Composite transition system with 262/480 vars: not applying abstraction (same number of states)
t=270.232s (after shrinking)
Merging atomic transition system #262 and composite transition system with 262/480 vars
Composite transition system with 263/480 vars: computing init and goal distances using unit-cost algorithm
Composite transition system with 263/480 vars: 1024 states, 69632 arcs 
Composite transition system with 263/480 vars: init h=3
Difference of init h values: 0
t=270.236s (after merging)
Composite transition system with 263/480 vars: not applying abstraction (same number of states)
Current peak memory increase of merge-and-shrink computation: 78848 KB

Next pair of indices: (263, 741)
Atomic transition system #263: 2 states, 6 arcs 
Atomic transition system #263: init h=1
Composite transition system with 263/480 vars: 1024 states, 69632 arcs 
Composite transition system with 263/480 vars: init h=3
t=270.688s (after computation of next merge)
Atomic transition system #263: current size: 2 (shrink threshold: 1)
Atomic transition system #263: not applying abstraction (same number of states)
Composite transition system with 263/480 vars: current size: 1024 (shrink threshold: 1)
Composite transition system with 263/480 vars: not applying abstraction (same number of states)
Merging atomic transition system #263 and composite transition system with 263/480 vars
Composite transition system with 264/480 vars: computing init and goal distances using unit-cost algorithm
Composite transition system with 264/480 vars: 2048 states, 163840 arcs 
Composite transition system with 264/480 vars: init h=4
Difference of init h values: 1
t=270.724s (after merging)
Composite transition system with 264/480 vars: not applying abstraction (same number of states)
Current peak memory increase of merge-and-shrink computation: 78848 KB

Next pair of indices: (264, 742)
Atomic transition system #264: 2 states, 6 arcs 
Atomic transition system #264: init h=0
Composite transition system with 264/480 vars: 2048 states, 163840 arcs 
Composite transition system with 264/480 vars: init h=4
t=271.146s (after computation of next merge)
Atomic transition system #264: current size: 2 (shrink threshold: 1)
Atomic transition system #264: applying abstraction (2 to 1 states)
Atomic transition system #264: simplification was not f-preserving!
Atomic transition system #264: computing init and goal distances using unit-cost algorithm
Atomic transition system #264: 1 states, 1 arcs 
Atomic transition system #264: init h=0
Composite transition system with 264/480 vars: current size: 2048 (shrink threshold: 1)
Composite transition system with 264/480 vars: not applying abstraction (same number of states)
t=271.184s (after shrinking)
Merging atomic transition system #264 and composite transition system with 264/480 vars
Composite transition system with 265/480 vars: computing init and goal distances using unit-cost algorithm
Composite transition system with 265/480 vars: 2048 states, 163840 arcs 
Composite transition system with 265/480 vars: init h=4
Difference of init h values: 0
t=271.19s (after merging)
Composite transition system with 265/480 vars: not applying abstraction (same number of states)
Current peak memory increase of merge-and-shrink computation: 78848 KB

Next pair of indices: (265, 743)
Atomic transition system #265: 2 states, 6 arcs 
Atomic transition system #265: init h=0
Composite transition system with 265/480 vars: 2048 states, 163840 arcs 
Composite transition system with 265/480 vars: init h=4
t=271.607s (after computation of next merge)
Atomic transition system #265: current size: 2 (shrink threshold: 1)
Atomic transition system #265: applying abstraction (2 to 1 states)
Atomic transition system #265: simplification was not f-preserving!
Atomic transition system #265: computing init and goal distances using unit-cost algorithm
Atomic transition system #265: 1 states, 1 arcs 
Atomic transition system #265: init h=0
Composite transition system with 265/480 vars: current size: 2048 (shrink threshold: 1)
Composite transition system with 265/480 vars: not applying abstraction (same number of states)
t=271.642s (after shrinking)
Merging atomic transition system #265 and composite transition system with 265/480 vars
Composite transition system with 266/480 vars: computing init and goal distances using unit-cost algorithm
Composite transition system with 266/480 vars: 2048 states, 163840 arcs 
Composite transition system with 266/480 vars: init h=4
Difference of init h values: 0
t=271.648s (after merging)
Composite transition system with 266/480 vars: not applying abstraction (same number of states)
Current peak memory increase of merge-and-shrink computation: 78848 KB

Next pair of indices: (266, 744)
Atomic transition system #266: 2 states, 6 arcs 
Atomic transition system #266: init h=0
Composite transition system with 266/480 vars: 2048 states, 163840 arcs 
Composite transition system with 266/480 vars: init h=4
t=272.061s (after computation of next merge)
Atomic transition system #266: current size: 2 (shrink threshold: 1)
Atomic transition system #266: applying abstraction (2 to 1 states)
Atomic transition system #266: simplification was not f-preserving!
Atomic transition system #266: computing init and goal distances using unit-cost algorithm
Atomic transition system #266: 1 states, 1 arcs 
Atomic transition system #266: init h=0
Composite transition system with 266/480 vars: current size: 2048 (shrink threshold: 1)
Composite transition system with 266/480 vars: not applying abstraction (same number of states)
t=272.096s (after shrinking)
Merging atomic transition system #266 and composite transition system with 266/480 vars
Composite transition system with 267/480 vars: computing init and goal distances using unit-cost algorithm
Composite transition system with 267/480 vars: 2048 states, 163840 arcs 
Composite transition system with 267/480 vars: init h=4
Difference of init h values: 0
t=272.102s (after merging)
Composite transition system with 267/480 vars: not applying abstraction (same number of states)
Current peak memory increase of merge-and-shrink computation: 78848 KB

Next pair of indices: (267, 745)
Atomic transition system #267: 2 states, 6 arcs 
Atomic transition system #267: init h=0
Composite transition system with 267/480 vars: 2048 states, 163840 arcs 
Composite transition system with 267/480 vars: init h=4
t=272.522s (after computation of next merge)
Atomic transition system #267: current size: 2 (shrink threshold: 1)
Atomic transition system #267: applying abstraction (2 to 1 states)
Atomic transition system #267: simplification was not f-preserving!
Atomic transition system #267: computing init and goal distances using unit-cost algorithm
Atomic transition system #267: 1 states, 1 arcs 
Atomic transition system #267: init h=0
Composite transition system with 267/480 vars: current size: 2048 (shrink threshold: 1)
Composite transition system with 267/480 vars: not applying abstraction (same number of states)
t=272.56s (after shrinking)
Merging atomic transition system #267 and composite transition system with 267/480 vars
Composite transition system with 268/480 vars: computing init and goal distances using unit-cost algorithm
Composite transition system with 268/480 vars: 2048 states, 163840 arcs 
Composite transition system with 268/480 vars: init h=4
Difference of init h values: 0
t=272.567s (after merging)
Composite transition system with 268/480 vars: not applying abstraction (same number of states)
Current peak memory increase of merge-and-shrink computation: 78848 KB

Next pair of indices: (268, 746)
Atomic transition system #268: 2 states, 6 arcs 
Atomic transition system #268: init h=0
Composite transition system with 268/480 vars: 2048 states, 163840 arcs 
Composite transition system with 268/480 vars: init h=4
t=272.98s (after computation of next merge)
Atomic transition system #268: current size: 2 (shrink threshold: 1)
Atomic transition system #268: applying abstraction (2 to 1 states)
Atomic transition system #268: simplification was not f-preserving!
Atomic transition system #268: computing init and goal distances using unit-cost algorithm
Atomic transition system #268: 1 states, 1 arcs 
Atomic transition system #268: init h=0
Composite transition system with 268/480 vars: current size: 2048 (shrink threshold: 1)
Composite transition system with 268/480 vars: not applying abstraction (same number of states)
t=273.019s (after shrinking)
Merging atomic transition system #268 and composite transition system with 268/480 vars
Composite transition system with 269/480 vars: computing init and goal distances using unit-cost algorithm
Composite transition system with 269/480 vars: 2048 states, 163840 arcs 
Composite transition system with 269/480 vars: init h=4
Difference of init h values: 0
t=273.025s (after merging)
Composite transition system with 269/480 vars: not applying abstraction (same number of states)
Current peak memory increase of merge-and-shrink computation: 78848 KB

Next pair of indices: (269, 747)
Atomic transition system #269: 2 states, 6 arcs 
Atomic transition system #269: init h=0
Composite transition system with 269/480 vars: 2048 states, 163840 arcs 
Composite transition system with 269/480 vars: init h=4
t=273.429s (after computation of next merge)
Atomic transition system #269: current size: 2 (shrink threshold: 1)
Atomic transition system #269: applying abstraction (2 to 1 states)
Atomic transition system #269: simplification was not f-preserving!
Atomic transition system #269: computing init and goal distances using unit-cost algorithm
Atomic transition system #269: 1 states, 1 arcs 
Atomic transition system #269: init h=0
Composite transition system with 269/480 vars: current size: 2048 (shrink threshold: 1)
Composite transition system with 269/480 vars: not applying abstraction (same number of states)
t=273.464s (after shrinking)
Merging atomic transition system #269 and composite transition system with 269/480 vars
Composite transition system with 270/480 vars: computing init and goal distances using unit-cost algorithm
Composite transition system with 270/480 vars: 2048 states, 163840 arcs 
Composite transition system with 270/480 vars: init h=4
Difference of init h values: 0
t=273.472s (after merging)
Composite transition system with 270/480 vars: not applying abstraction (same number of states)
Current peak memory increase of merge-and-shrink computation: 78848 KB

Next pair of indices: (270, 748)
Atomic transition system #270: 2 states, 6 arcs 
Atomic transition system #270: init h=0
Composite transition system with 270/480 vars: 2048 states, 163840 arcs 
Composite transition system with 270/480 vars: init h=4
t=273.882s (after computation of next merge)
Atomic transition system #270: current size: 2 (shrink threshold: 1)
Atomic transition system #270: applying abstraction (2 to 1 states)
Atomic transition system #270: simplification was not f-preserving!
Atomic transition system #270: computing init and goal distances using unit-cost algorithm
Atomic transition system #270: 1 states, 1 arcs 
Atomic transition system #270: init h=0
Composite transition system with 270/480 vars: current size: 2048 (shrink threshold: 1)
Composite transition system with 270/480 vars: not applying abstraction (same number of states)
t=273.917s (after shrinking)
Merging atomic transition system #270 and composite transition system with 270/480 vars
Composite transition system with 271/480 vars: computing init and goal distances using unit-cost algorithm
Composite transition system with 271/480 vars: 2048 states, 163840 arcs 
Composite transition system with 271/480 vars: init h=4
Difference of init h values: 0
t=273.923s (after merging)
Composite transition system with 271/480 vars: not applying abstraction (same number of states)
Current peak memory increase of merge-and-shrink computation: 78848 KB

Next pair of indices: (271, 749)
Atomic transition system #271: 2 states, 6 arcs 
Atomic transition system #271: init h=0
Composite transition system with 271/480 vars: 2048 states, 163840 arcs 
Composite transition system with 271/480 vars: init h=4
t=274.375s (after computation of next merge)
Atomic transition system #271: current size: 2 (shrink threshold: 1)
Atomic transition system #271: applying abstraction (2 to 1 states)
Atomic transition system #271: simplification was not f-preserving!
Atomic transition system #271: computing init and goal distances using unit-cost algorithm
Atomic transition system #271: 1 states, 1 arcs 
Atomic transition system #271: init h=0
Composite transition system with 271/480 vars: current size: 2048 (shrink threshold: 1)
Composite transition system with 271/480 vars: not applying abstraction (same number of states)
t=274.418s (after shrinking)
Merging atomic transition system #271 and composite transition system with 271/480 vars
Composite transition system with 272/480 vars: computing init and goal distances using unit-cost algorithm
Composite transition system with 272/480 vars: 2048 states, 163840 arcs 
Composite transition system with 272/480 vars: init h=4
Difference of init h values: 0
t=274.426s (after merging)
Composite transition system with 272/480 vars: not applying abstraction (same number of states)
Current peak memory increase of merge-and-shrink computation: 78848 KB

Next pair of indices: (272, 750)
Atomic transition system #272: 2 states, 6 arcs 
Atomic transition system #272: init h=0
Composite transition system with 272/480 vars: 2048 states, 163840 arcs 
Composite transition system with 272/480 vars: init h=4
t=275.089s (after computation of next merge)
Atomic transition system #272: current size: 2 (shrink threshold: 1)
Atomic transition system #272: applying abstraction (2 to 1 states)
Atomic transition system #272: simplification was not f-preserving!
Atomic transition system #272: computing init and goal distances using unit-cost algorithm
Atomic transition system #272: 1 states, 1 arcs 
Atomic transition system #272: init h=0
Composite transition system with 272/480 vars: current size: 2048 (shrink threshold: 1)
Composite transition system with 272/480 vars: not applying abstraction (same number of states)
t=275.146s (after shrinking)
Merging atomic transition system #272 and composite transition system with 272/480 vars
Composite transition system with 273/480 vars: computing init and goal distances using unit-cost algorithm
Composite transition system with 273/480 vars: 2048 states, 163840 arcs 
Composite transition system with 273/480 vars: init h=4
Difference of init h values: 0
t=275.155s (after merging)
Composite transition system with 273/480 vars: not applying abstraction (same number of states)
Current peak memory increase of merge-and-shrink computation: 78848 KB

Next pair of indices: (273, 751)
Atomic transition system #273: 2 states, 6 arcs 
Atomic transition system #273: init h=0
Composite transition system with 273/480 vars: 2048 states, 163840 arcs 
Composite transition system with 273/480 vars: init h=4
t=275.764s (after computation of next merge)
Atomic transition system #273: current size: 2 (shrink threshold: 1)
Atomic transition system #273: applying abstraction (2 to 1 states)
Atomic transition system #273: simplification was not f-preserving!
Atomic transition system #273: computing init and goal distances using unit-cost algorithm
Atomic transition system #273: 1 states, 1 arcs 
Atomic transition system #273: init h=0
Composite transition system with 273/480 vars: current size: 2048 (shrink threshold: 1)
Composite transition system with 273/480 vars: not applying abstraction (same number of states)
t=275.811s (after shrinking)
Merging atomic transition system #273 and composite transition system with 273/480 vars
Composite transition system with 274/480 vars: computing init and goal distances using unit-cost algorithm
Composite transition system with 274/480 vars: 2048 states, 163840 arcs 
Composite transition system with 274/480 vars: init h=4
Difference of init h values: 0
t=275.818s (after merging)
Composite transition system with 274/480 vars: not applying abstraction (same number of states)
Current peak memory increase of merge-and-shrink computation: 78848 KB

Next pair of indices: (274, 752)
Atomic transition system #274: 2 states, 6 arcs 
Atomic transition system #274: init h=0
Composite transition system with 274/480 vars: 2048 states, 163840 arcs 
Composite transition system with 274/480 vars: init h=4
t=276.391s (after computation of next merge)
Atomic transition system #274: current size: 2 (shrink threshold: 1)
Atomic transition system #274: applying abstraction (2 to 1 states)
Atomic transition system #274: simplification was not f-preserving!
Atomic transition system #274: computing init and goal distances using unit-cost algorithm
Atomic transition system #274: 1 states, 1 arcs 
Atomic transition system #274: init h=0
Composite transition system with 274/480 vars: current size: 2048 (shrink threshold: 1)
Composite transition system with 274/480 vars: not applying abstraction (same number of states)
t=276.444s (after shrinking)
Merging atomic transition system #274 and composite transition system with 274/480 vars
Composite transition system with 275/480 vars: computing init and goal distances using unit-cost algorithm
Composite transition system with 275/480 vars: 2048 states, 163840 arcs 
Composite transition system with 275/480 vars: init h=4
Difference of init h values: 0
t=276.452s (after merging)
Composite transition system with 275/480 vars: not applying abstraction (same number of states)
Current peak memory increase of merge-and-shrink computation: 78848 KB

Next pair of indices: (275, 753)
Atomic transition system #275: 2 states, 6 arcs 
Atomic transition system #275: init h=0
Composite transition system with 275/480 vars: 2048 states, 163840 arcs 
Composite transition system with 275/480 vars: init h=4
t=277.052s (after computation of next merge)
Atomic transition system #275: current size: 2 (shrink threshold: 1)
Atomic transition system #275: applying abstraction (2 to 1 states)
Atomic transition system #275: simplification was not f-preserving!
Atomic transition system #275: computing init and goal distances using unit-cost algorithm
Atomic transition system #275: 1 states, 1 arcs 
Atomic transition system #275: init h=0
Composite transition system with 275/480 vars: current size: 2048 (shrink threshold: 1)
Composite transition system with 275/480 vars: not applying abstraction (same number of states)
t=277.096s (after shrinking)
Merging atomic transition system #275 and composite transition system with 275/480 vars
Composite transition system with 276/480 vars: computing init and goal distances using unit-cost algorithm
Composite transition system with 276/480 vars: 2048 states, 163840 arcs 
Composite transition system with 276/480 vars: init h=4
Difference of init h values: 0
t=277.103s (after merging)
Composite transition system with 276/480 vars: not applying abstraction (same number of states)
Current peak memory increase of merge-and-shrink computation: 78848 KB

Next pair of indices: (276, 754)
Atomic transition system #276: 2 states, 6 arcs 
Atomic transition system #276: init h=0
Composite transition system with 276/480 vars: 2048 states, 163840 arcs 
Composite transition system with 276/480 vars: init h=4
t=277.552s (after computation of next merge)
Atomic transition system #276: current size: 2 (shrink threshold: 1)
Atomic transition system #276: applying abstraction (2 to 1 states)
Atomic transition system #276: simplification was not f-preserving!
Atomic transition system #276: computing init and goal distances using unit-cost algorithm
Atomic transition system #276: 1 states, 1 arcs 
Atomic transition system #276: init h=0
Composite transition system with 276/480 vars: current size: 2048 (shrink threshold: 1)
Composite transition system with 276/480 vars: not applying abstraction (same number of states)
t=277.589s (after shrinking)
Merging atomic transition system #276 and composite transition system with 276/480 vars
Composite transition system with 277/480 vars: computing init and goal distances using unit-cost algorithm
Composite transition system with 277/480 vars: 2048 states, 163840 arcs 
Composite transition system with 277/480 vars: init h=4
Difference of init h values: 0
t=277.596s (after merging)
Composite transition system with 277/480 vars: not applying abstraction (same number of states)
Current peak memory increase of merge-and-shrink computation: 78848 KB

Next pair of indices: (277, 755)
Atomic transition system #277: 2 states, 6 arcs 
Atomic transition system #277: init h=0
Composite transition system with 277/480 vars: 2048 states, 163840 arcs 
Composite transition system with 277/480 vars: init h=4
t=278.035s (after computation of next merge)
Atomic transition system #277: current size: 2 (shrink threshold: 1)
Atomic transition system #277: applying abstraction (2 to 1 states)
Atomic transition system #277: simplification was not f-preserving!
Atomic transition system #277: computing init and goal distances using unit-cost algorithm
Atomic transition system #277: 1 states, 1 arcs 
Atomic transition system #277: init h=0
Composite transition system with 277/480 vars: current size: 2048 (shrink threshold: 1)
Composite transition system with 277/480 vars: not applying abstraction (same number of states)
t=278.071s (after shrinking)
Merging atomic transition system #277 and composite transition system with 277/480 vars
Composite transition system with 278/480 vars: computing init and goal distances using unit-cost algorithm
Composite transition system with 278/480 vars: 2048 states, 163840 arcs 
Composite transition system with 278/480 vars: init h=4
Difference of init h values: 0
t=278.077s (after merging)
Composite transition system with 278/480 vars: not applying abstraction (same number of states)
Current peak memory increase of merge-and-shrink computation: 78848 KB

Next pair of indices: (278, 756)
Atomic transition system #278: 2 states, 6 arcs 
Atomic transition system #278: init h=0
Composite transition system with 278/480 vars: 2048 states, 163840 arcs 
Composite transition system with 278/480 vars: init h=4
t=278.488s (after computation of next merge)
Atomic transition system #278: current size: 2 (shrink threshold: 1)
Atomic transition system #278: applying abstraction (2 to 1 states)
Atomic transition system #278: simplification was not f-preserving!
Atomic transition system #278: computing init and goal distances using unit-cost algorithm
Atomic transition system #278: 1 states, 1 arcs 
Atomic transition system #278: init h=0
Composite transition system with 278/480 vars: current size: 2048 (shrink threshold: 1)
Composite transition system with 278/480 vars: not applying abstraction (same number of states)
t=278.522s (after shrinking)
Merging atomic transition system #278 and composite transition system with 278/480 vars
Composite transition system with 279/480 vars: computing init and goal distances using unit-cost algorithm
Composite transition system with 279/480 vars: 2048 states, 163840 arcs 
Composite transition system with 279/480 vars: init h=4
Difference of init h values: 0
t=278.529s (after merging)
Composite transition system with 279/480 vars: not applying abstraction (same number of states)
Current peak memory increase of merge-and-shrink computation: 78848 KB

Next pair of indices: (279, 757)
Atomic transition system #279: 2 states, 6 arcs 
Atomic transition system #279: init h=0
Composite transition system with 279/480 vars: 2048 states, 163840 arcs 
Composite transition system with 279/480 vars: init h=4
t=278.937s (after computation of next merge)
Atomic transition system #279: current size: 2 (shrink threshold: 1)
Atomic transition system #279: applying abstraction (2 to 1 states)
Atomic transition system #279: simplification was not f-preserving!
Atomic transition system #279: computing init and goal distances using unit-cost algorithm
Atomic transition system #279: 1 states, 1 arcs 
Atomic transition system #279: init h=0
Composite transition system with 279/480 vars: current size: 2048 (shrink threshold: 1)
Composite transition system with 279/480 vars: not applying abstraction (same number of states)
t=278.97s (after shrinking)
Merging atomic transition system #279 and composite transition system with 279/480 vars
Composite transition system with 280/480 vars: computing init and goal distances using unit-cost algorithm
Composite transition system with 280/480 vars: 2048 states, 163840 arcs 
Composite transition system with 280/480 vars: init h=4
Difference of init h values: 0
t=278.976s (after merging)
Composite transition system with 280/480 vars: not applying abstraction (same number of states)
Current peak memory increase of merge-and-shrink computation: 78848 KB

Next pair of indices: (280, 758)
Atomic transition system #280: 2 states, 6 arcs 
Atomic transition system #280: init h=0
Composite transition system with 280/480 vars: 2048 states, 163840 arcs 
Composite transition system with 280/480 vars: init h=4
t=279.366s (after computation of next merge)
Atomic transition system #280: current size: 2 (shrink threshold: 1)
Atomic transition system #280: applying abstraction (2 to 1 states)
Atomic transition system #280: simplification was not f-preserving!
Atomic transition system #280: computing init and goal distances using unit-cost algorithm
Atomic transition system #280: 1 states, 1 arcs 
Atomic transition system #280: init h=0
Composite transition system with 280/480 vars: current size: 2048 (shrink threshold: 1)
Composite transition system with 280/480 vars: not applying abstraction (same number of states)
t=279.401s (after shrinking)
Merging atomic transition system #280 and composite transition system with 280/480 vars
Composite transition system with 281/480 vars: computing init and goal distances using unit-cost algorithm
Composite transition system with 281/480 vars: 2048 states, 163840 arcs 
Composite transition system with 281/480 vars: init h=4
Difference of init h values: 0
t=279.408s (after merging)
Composite transition system with 281/480 vars: not applying abstraction (same number of states)
Current peak memory increase of merge-and-shrink computation: 78848 KB

Next pair of indices: (281, 759)
Atomic transition system #281: 2 states, 6 arcs 
Atomic transition system #281: init h=0
Composite transition system with 281/480 vars: 2048 states, 163840 arcs 
Composite transition system with 281/480 vars: init h=4
t=279.806s (after computation of next merge)
Atomic transition system #281: current size: 2 (shrink threshold: 1)
Atomic transition system #281: applying abstraction (2 to 1 states)
Atomic transition system #281: simplification was not f-preserving!
Atomic transition system #281: computing init and goal distances using unit-cost algorithm
Atomic transition system #281: 1 states, 1 arcs 
Atomic transition system #281: init h=0
Composite transition system with 281/480 vars: current size: 2048 (shrink threshold: 1)
Composite transition system with 281/480 vars: not applying abstraction (same number of states)
t=279.839s (after shrinking)
Merging atomic transition system #281 and composite transition system with 281/480 vars
Composite transition system with 282/480 vars: computing init and goal distances using unit-cost algorithm
Composite transition system with 282/480 vars: 2048 states, 163840 arcs 
Composite transition system with 282/480 vars: init h=4
Difference of init h values: 0
t=279.845s (after merging)
Composite transition system with 282/480 vars: not applying abstraction (same number of states)
Current peak memory increase of merge-and-shrink computation: 78848 KB

Next pair of indices: (282, 760)
Atomic transition system #282: 2 states, 6 arcs 
Atomic transition system #282: init h=0
Composite transition system with 282/480 vars: 2048 states, 163840 arcs 
Composite transition system with 282/480 vars: init h=4
t=280.243s (after computation of next merge)
Atomic transition system #282: current size: 2 (shrink threshold: 1)
Atomic transition system #282: applying abstraction (2 to 1 states)
Atomic transition system #282: simplification was not f-preserving!
Atomic transition system #282: computing init and goal distances using unit-cost algorithm
Atomic transition system #282: 1 states, 1 arcs 
Atomic transition system #282: init h=0
Composite transition system with 282/480 vars: current size: 2048 (shrink threshold: 1)
Composite transition system with 282/480 vars: not applying abstraction (same number of states)
t=280.277s (after shrinking)
Merging atomic transition system #282 and composite transition system with 282/480 vars
Composite transition system with 283/480 vars: computing init and goal distances using unit-cost algorithm
Composite transition system with 283/480 vars: 2048 states, 163840 arcs 
Composite transition system with 283/480 vars: init h=4
Difference of init h values: 0
t=280.283s (after merging)
Composite transition system with 283/480 vars: not applying abstraction (same number of states)
Current peak memory increase of merge-and-shrink computation: 78848 KB

Next pair of indices: (283, 761)
Atomic transition system #283: 2 states, 6 arcs 
Atomic transition system #283: init h=0
Composite transition system with 283/480 vars: 2048 states, 163840 arcs 
Composite transition system with 283/480 vars: init h=4
t=280.676s (after computation of next merge)
Atomic transition system #283: current size: 2 (shrink threshold: 1)
Atomic transition system #283: applying abstraction (2 to 1 states)
Atomic transition system #283: simplification was not f-preserving!
Atomic transition system #283: computing init and goal distances using unit-cost algorithm
Atomic transition system #283: 1 states, 1 arcs 
Atomic transition system #283: init h=0
Composite transition system with 283/480 vars: current size: 2048 (shrink threshold: 1)
Composite transition system with 283/480 vars: not applying abstraction (same number of states)
t=280.71s (after shrinking)
Merging atomic transition system #283 and composite transition system with 283/480 vars
Composite transition system with 284/480 vars: computing init and goal distances using unit-cost algorithm
Composite transition system with 284/480 vars: 2048 states, 163840 arcs 
Composite transition system with 284/480 vars: init h=4
Difference of init h values: 0
t=280.716s (after merging)
Composite transition system with 284/480 vars: not applying abstraction (same number of states)
Current peak memory increase of merge-and-shrink computation: 78848 KB

Next pair of indices: (284, 762)
Atomic transition system #284: 2 states, 6 arcs 
Atomic transition system #284: init h=0
Composite transition system with 284/480 vars: 2048 states, 163840 arcs 
Composite transition system with 284/480 vars: init h=4
t=281.105s (after computation of next merge)
Atomic transition system #284: current size: 2 (shrink threshold: 1)
Atomic transition system #284: applying abstraction (2 to 1 states)
Atomic transition system #284: simplification was not f-preserving!
Atomic transition system #284: computing init and goal distances using unit-cost algorithm
Atomic transition system #284: 1 states, 1 arcs 
Atomic transition system #284: init h=0
Composite transition system with 284/480 vars: current size: 2048 (shrink threshold: 1)
Composite transition system with 284/480 vars: not applying abstraction (same number of states)
t=281.136s (after shrinking)
Merging atomic transition system #284 and composite transition system with 284/480 vars
Composite transition system with 285/480 vars: computing init and goal distances using unit-cost algorithm
Composite transition system with 285/480 vars: 2048 states, 163840 arcs 
Composite transition system with 285/480 vars: init h=4
Difference of init h values: 0
t=281.142s (after merging)
Composite transition system with 285/480 vars: not applying abstraction (same number of states)
Current peak memory increase of merge-and-shrink computation: 78848 KB

Next pair of indices: (285, 763)
Atomic transition system #285: 2 states, 6 arcs 
Atomic transition system #285: init h=0
Composite transition system with 285/480 vars: 2048 states, 163840 arcs 
Composite transition system with 285/480 vars: init h=4
t=281.524s (after computation of next merge)
Atomic transition system #285: current size: 2 (shrink threshold: 1)
Atomic transition system #285: applying abstraction (2 to 1 states)
Atomic transition system #285: simplification was not f-preserving!
Atomic transition system #285: computing init and goal distances using unit-cost algorithm
Atomic transition system #285: 1 states, 1 arcs 
Atomic transition system #285: init h=0
Composite transition system with 285/480 vars: current size: 2048 (shrink threshold: 1)
Composite transition system with 285/480 vars: not applying abstraction (same number of states)
t=281.558s (after shrinking)
Merging atomic transition system #285 and composite transition system with 285/480 vars
Composite transition system with 286/480 vars: computing init and goal distances using unit-cost algorithm
Composite transition system with 286/480 vars: 2048 states, 163840 arcs 
Composite transition system with 286/480 vars: init h=4
Difference of init h values: 0
t=281.565s (after merging)
Composite transition system with 286/480 vars: not applying abstraction (same number of states)
Current peak memory increase of merge-and-shrink computation: 78848 KB

Next pair of indices: (286, 764)
Atomic transition system #286: 2 states, 6 arcs 
Atomic transition system #286: init h=0
Composite transition system with 286/480 vars: 2048 states, 163840 arcs 
Composite transition system with 286/480 vars: init h=4
t=281.954s (after computation of next merge)
Atomic transition system #286: current size: 2 (shrink threshold: 1)
Atomic transition system #286: applying abstraction (2 to 1 states)
Atomic transition system #286: simplification was not f-preserving!
Atomic transition system #286: computing init and goal distances using unit-cost algorithm
Atomic transition system #286: 1 states, 1 arcs 
Atomic transition system #286: init h=0
Composite transition system with 286/480 vars: current size: 2048 (shrink threshold: 1)
Composite transition system with 286/480 vars: not applying abstraction (same number of states)
t=281.986s (after shrinking)
Merging atomic transition system #286 and composite transition system with 286/480 vars
Composite transition system with 287/480 vars: computing init and goal distances using unit-cost algorithm
Composite transition system with 287/480 vars: 2048 states, 163840 arcs 
Composite transition system with 287/480 vars: init h=4
Difference of init h values: 0
t=281.993s (after merging)
Composite transition system with 287/480 vars: not applying abstraction (same number of states)
Current peak memory increase of merge-and-shrink computation: 78848 KB

Next pair of indices: (287, 765)
Atomic transition system #287: 2 states, 6 arcs 
Atomic transition system #287: init h=1
Composite transition system with 287/480 vars: 2048 states, 163840 arcs 
Composite transition system with 287/480 vars: init h=4
t=282.374s (after computation of next merge)
Atomic transition system #287: current size: 2 (shrink threshold: 1)
Atomic transition system #287: not applying abstraction (same number of states)
Composite transition system with 287/480 vars: current size: 2048 (shrink threshold: 1)
Composite transition system with 287/480 vars: not applying abstraction (same number of states)
Merging atomic transition system #287 and composite transition system with 287/480 vars
Composite transition system with 288/480 vars: computing init and goal distances using unit-cost algorithm
Composite transition system with 288/480 vars: 4096 states, 393216 arcs 
Composite transition system with 288/480 vars: init h=4
Difference of init h values: 0
t=282.429s (after merging)
Composite transition system with 288/480 vars: not applying abstraction (same number of states)
Current peak memory increase of merge-and-shrink computation: 78848 KB

Next pair of indices: (288, 766)
Atomic transition system #288: 2 states, 6 arcs 
Atomic transition system #288: init h=0
Composite transition system with 288/480 vars: 4096 states, 393216 arcs 
Composite transition system with 288/480 vars: init h=4
t=282.78s (after computation of next merge)
Atomic transition system #288: current size: 2 (shrink threshold: 1)
Atomic transition system #288: applying abstraction (2 to 1 states)
Atomic transition system #288: simplification was not f-preserving!
Atomic transition system #288: computing init and goal distances using unit-cost algorithm
Atomic transition system #288: 1 states, 1 arcs 
Atomic transition system #288: init h=0
Composite transition system with 288/480 vars: current size: 4096 (shrink threshold: 1)
Composite transition system with 288/480 vars: not applying abstraction (same number of states)
t=282.843s (after shrinking)
Merging atomic transition system #288 and composite transition system with 288/480 vars
Composite transition system with 289/480 vars: computing init and goal distances using unit-cost algorithm
Composite transition system with 289/480 vars: 4096 states, 393216 arcs 
Composite transition system with 289/480 vars: init h=4
Difference of init h values: 0
t=282.856s (after merging)
Composite transition system with 289/480 vars: not applying abstraction (same number of states)
Current peak memory increase of merge-and-shrink computation: 78848 KB

Next pair of indices: (289, 767)
Atomic transition system #289: 2 states, 6 arcs 
Atomic transition system #289: init h=0
Composite transition system with 289/480 vars: 4096 states, 393216 arcs 
Composite transition system with 289/480 vars: init h=4
t=283.197s (after computation of next merge)
Atomic transition system #289: current size: 2 (shrink threshold: 1)
Atomic transition system #289: applying abstraction (2 to 1 states)
Atomic transition system #289: simplification was not f-preserving!
Atomic transition system #289: computing init and goal distances using unit-cost algorithm
Atomic transition system #289: 1 states, 1 arcs 
Atomic transition system #289: init h=0
Composite transition system with 289/480 vars: current size: 4096 (shrink threshold: 1)
Composite transition system with 289/480 vars: not applying abstraction (same number of states)
t=283.255s (after shrinking)
Merging atomic transition system #289 and composite transition system with 289/480 vars
Composite transition system with 290/480 vars: computing init and goal distances using unit-cost algorithm
Composite transition system with 290/480 vars: 4096 states, 393216 arcs 
Composite transition system with 290/480 vars: init h=4
Difference of init h values: 0
t=283.269s (after merging)
Composite transition system with 290/480 vars: not applying abstraction (same number of states)
Current peak memory increase of merge-and-shrink computation: 78848 KB

Next pair of indices: (290, 768)
Atomic transition system #290: 2 states, 6 arcs 
Atomic transition system #290: init h=0
Composite transition system with 290/480 vars: 4096 states, 393216 arcs 
Composite transition system with 290/480 vars: init h=4
t=283.605s (after computation of next merge)
Atomic transition system #290: current size: 2 (shrink threshold: 1)
Atomic transition system #290: applying abstraction (2 to 1 states)
Atomic transition system #290: simplification was not f-preserving!
Atomic transition system #290: computing init and goal distances using unit-cost algorithm
Atomic transition system #290: 1 states, 1 arcs 
Atomic transition system #290: init h=0
Composite transition system with 290/480 vars: current size: 4096 (shrink threshold: 1)
Composite transition system with 290/480 vars: not applying abstraction (same number of states)
t=283.668s (after shrinking)
Merging atomic transition system #290 and composite transition system with 290/480 vars
Composite transition system with 291/480 vars: computing init and goal distances using unit-cost algorithm
Composite transition system with 291/480 vars: 4096 states, 393216 arcs 
Composite transition system with 291/480 vars: init h=4
Difference of init h values: 0
t=283.682s (after merging)
Composite transition system with 291/480 vars: not applying abstraction (same number of states)
Current peak memory increase of merge-and-shrink computation: 78848 KB

Next pair of indices: (291, 769)
Atomic transition system #291: 2 states, 6 arcs 
Atomic transition system #291: init h=0
Composite transition system with 291/480 vars: 4096 states, 393216 arcs 
Composite transition system with 291/480 vars: init h=4
t=284.032s (after computation of next merge)
Atomic transition system #291: current size: 2 (shrink threshold: 1)
Atomic transition system #291: applying abstraction (2 to 1 states)
Atomic transition system #291: simplification was not f-preserving!
Atomic transition system #291: computing init and goal distances using unit-cost algorithm
Atomic transition system #291: 1 states, 1 arcs 
Atomic transition system #291: init h=0
Composite transition system with 291/480 vars: current size: 4096 (shrink threshold: 1)
Composite transition system with 291/480 vars: not applying abstraction (same number of states)
t=284.094s (after shrinking)
Merging atomic transition system #291 and composite transition system with 291/480 vars
Composite transition system with 292/480 vars: computing init and goal distances using unit-cost algorithm
Composite transition system with 292/480 vars: 4096 states, 393216 arcs 
Composite transition system with 292/480 vars: init h=4
Difference of init h values: 0
t=284.108s (after merging)
Composite transition system with 292/480 vars: not applying abstraction (same number of states)
Current peak memory increase of merge-and-shrink computation: 78848 KB

Next pair of indices: (292, 770)
Atomic transition system #292: 2 states, 6 arcs 
Atomic transition system #292: init h=0
Composite transition system with 292/480 vars: 4096 states, 393216 arcs 
Composite transition system with 292/480 vars: init h=4
t=284.445s (after computation of next merge)
Atomic transition system #292: current size: 2 (shrink threshold: 1)
Atomic transition system #292: applying abstraction (2 to 1 states)
Atomic transition system #292: simplification was not f-preserving!
Atomic transition system #292: computing init and goal distances using unit-cost algorithm
Atomic transition system #292: 1 states, 1 arcs 
Atomic transition system #292: init h=0
Composite transition system with 292/480 vars: current size: 4096 (shrink threshold: 1)
Composite transition system with 292/480 vars: not applying abstraction (same number of states)
t=284.505s (after shrinking)
Merging atomic transition system #292 and composite transition system with 292/480 vars
Composite transition system with 293/480 vars: computing init and goal distances using unit-cost algorithm
Composite transition system with 293/480 vars: 4096 states, 393216 arcs 
Composite transition system with 293/480 vars: init h=4
Difference of init h values: 0
t=284.52s (after merging)
Composite transition system with 293/480 vars: not applying abstraction (same number of states)
Current peak memory increase of merge-and-shrink computation: 78848 KB

Next pair of indices: (293, 771)
Atomic transition system #293: 2 states, 6 arcs 
Atomic transition system #293: init h=0
Composite transition system with 293/480 vars: 4096 states, 393216 arcs 
Composite transition system with 293/480 vars: init h=4
t=284.858s (after computation of next merge)
Atomic transition system #293: current size: 2 (shrink threshold: 1)
Atomic transition system #293: applying abstraction (2 to 1 states)
Atomic transition system #293: simplification was not f-preserving!
Atomic transition system #293: computing init and goal distances using unit-cost algorithm
Atomic transition system #293: 1 states, 1 arcs 
Atomic transition system #293: init h=0
Composite transition system with 293/480 vars: current size: 4096 (shrink threshold: 1)
Composite transition system with 293/480 vars: not applying abstraction (same number of states)
t=284.917s (after shrinking)
Merging atomic transition system #293 and composite transition system with 293/480 vars
Composite transition system with 294/480 vars: computing init and goal distances using unit-cost algorithm
Composite transition system with 294/480 vars: 4096 states, 393216 arcs 
Composite transition system with 294/480 vars: init h=4
Difference of init h values: 0
t=284.931s (after merging)
Composite transition system with 294/480 vars: not applying abstraction (same number of states)
Current peak memory increase of merge-and-shrink computation: 78848 KB

Next pair of indices: (294, 772)
Atomic transition system #294: 2 states, 6 arcs 
Atomic transition system #294: init h=0
Composite transition system with 294/480 vars: 4096 states, 393216 arcs 
Composite transition system with 294/480 vars: init h=4
t=285.274s (after computation of next merge)
Atomic transition system #294: current size: 2 (shrink threshold: 1)
Atomic transition system #294: applying abstraction (2 to 1 states)
Atomic transition system #294: simplification was not f-preserving!
Atomic transition system #294: computing init and goal distances using unit-cost algorithm
Atomic transition system #294: 1 states, 1 arcs 
Atomic transition system #294: init h=0
Composite transition system with 294/480 vars: current size: 4096 (shrink threshold: 1)
Composite transition system with 294/480 vars: not applying abstraction (same number of states)
t=285.334s (after shrinking)
Merging atomic transition system #294 and composite transition system with 294/480 vars
Composite transition system with 295/480 vars: computing init and goal distances using unit-cost algorithm
Composite transition system with 295/480 vars: 4096 states, 393216 arcs 
Composite transition system with 295/480 vars: init h=4
Difference of init h values: 0
t=285.347s (after merging)
Composite transition system with 295/480 vars: not applying abstraction (same number of states)
Current peak memory increase of merge-and-shrink computation: 78848 KB

Next pair of indices: (295, 773)
Atomic transition system #295: 2 states, 6 arcs 
Atomic transition system #295: init h=0
Composite transition system with 295/480 vars: 4096 states, 393216 arcs 
Composite transition system with 295/480 vars: init h=4
t=285.675s (after computation of next merge)
Atomic transition system #295: current size: 2 (shrink threshold: 1)
Atomic transition system #295: applying abstraction (2 to 1 states)
Atomic transition system #295: simplification was not f-preserving!
Atomic transition system #295: computing init and goal distances using unit-cost algorithm
Atomic transition system #295: 1 states, 1 arcs 
Atomic transition system #295: init h=0
Composite transition system with 295/480 vars: current size: 4096 (shrink threshold: 1)
Composite transition system with 295/480 vars: not applying abstraction (same number of states)
t=285.738s (after shrinking)
Merging atomic transition system #295 and composite transition system with 295/480 vars
Composite transition system with 296/480 vars: computing init and goal distances using unit-cost algorithm
Composite transition system with 296/480 vars: 4096 states, 393216 arcs 
Composite transition system with 296/480 vars: init h=4
Difference of init h values: 0
t=285.752s (after merging)
Composite transition system with 296/480 vars: not applying abstraction (same number of states)
Current peak memory increase of merge-and-shrink computation: 78848 KB

Next pair of indices: (296, 774)
Atomic transition system #296: 2 states, 6 arcs 
Atomic transition system #296: init h=0
Composite transition system with 296/480 vars: 4096 states, 393216 arcs 
Composite transition system with 296/480 vars: init h=4
t=286.091s (after computation of next merge)
Atomic transition system #296: current size: 2 (shrink threshold: 1)
Atomic transition system #296: applying abstraction (2 to 1 states)
Atomic transition system #296: simplification was not f-preserving!
Atomic transition system #296: computing init and goal distances using unit-cost algorithm
Atomic transition system #296: 1 states, 1 arcs 
Atomic transition system #296: init h=0
Composite transition system with 296/480 vars: current size: 4096 (shrink threshold: 1)
Composite transition system with 296/480 vars: not applying abstraction (same number of states)
t=286.151s (after shrinking)
Merging atomic transition system #296 and composite transition system with 296/480 vars
Composite transition system with 297/480 vars: computing init and goal distances using unit-cost algorithm
Composite transition system with 297/480 vars: 4096 states, 393216 arcs 
Composite transition system with 297/480 vars: init h=4
Difference of init h values: 0
t=286.164s (after merging)
Composite transition system with 297/480 vars: not applying abstraction (same number of states)
Current peak memory increase of merge-and-shrink computation: 78848 KB

Next pair of indices: (297, 775)
Atomic transition system #297: 2 states, 6 arcs 
Atomic transition system #297: init h=0
Composite transition system with 297/480 vars: 4096 states, 393216 arcs 
Composite transition system with 297/480 vars: init h=4
t=286.492s (after computation of next merge)
Atomic transition system #297: current size: 2 (shrink threshold: 1)
Atomic transition system #297: applying abstraction (2 to 1 states)
Atomic transition system #297: simplification was not f-preserving!
Atomic transition system #297: computing init and goal distances using unit-cost algorithm
Atomic transition system #297: 1 states, 1 arcs 
Atomic transition system #297: init h=0
Composite transition system with 297/480 vars: current size: 4096 (shrink threshold: 1)
Composite transition system with 297/480 vars: not applying abstraction (same number of states)
t=286.55s (after shrinking)
Merging atomic transition system #297 and composite transition system with 297/480 vars
Composite transition system with 298/480 vars: computing init and goal distances using unit-cost algorithm
Composite transition system with 298/480 vars: 4096 states, 393216 arcs 
Composite transition system with 298/480 vars: init h=4
Difference of init h values: 0
t=286.566s (after merging)
Composite transition system with 298/480 vars: not applying abstraction (same number of states)
Current peak memory increase of merge-and-shrink computation: 78848 KB

Next pair of indices: (298, 776)
Atomic transition system #298: 2 states, 6 arcs 
Atomic transition system #298: init h=0
Composite transition system with 298/480 vars: 4096 states, 393216 arcs 
Composite transition system with 298/480 vars: init h=4
t=286.897s (after computation of next merge)
Atomic transition system #298: current size: 2 (shrink threshold: 1)
Atomic transition system #298: applying abstraction (2 to 1 states)
Atomic transition system #298: simplification was not f-preserving!
Atomic transition system #298: computing init and goal distances using unit-cost algorithm
Atomic transition system #298: 1 states, 1 arcs 
Atomic transition system #298: init h=0
Composite transition system with 298/480 vars: current size: 4096 (shrink threshold: 1)
Composite transition system with 298/480 vars: not applying abstraction (same number of states)
t=286.958s (after shrinking)
Merging atomic transition system #298 and composite transition system with 298/480 vars
Composite transition system with 299/480 vars: computing init and goal distances using unit-cost algorithm
Composite transition system with 299/480 vars: 4096 states, 393216 arcs 
Composite transition system with 299/480 vars: init h=4
Difference of init h values: 0
t=286.972s (after merging)
Composite transition system with 299/480 vars: not applying abstraction (same number of states)
Current peak memory increase of merge-and-shrink computation: 78848 KB

Next pair of indices: (299, 777)
Atomic transition system #299: 2 states, 6 arcs 
Atomic transition system #299: init h=0
Composite transition system with 299/480 vars: 4096 states, 393216 arcs 
Composite transition system with 299/480 vars: init h=4
t=287.318s (after computation of next merge)
Atomic transition system #299: current size: 2 (shrink threshold: 1)
Atomic transition system #299: applying abstraction (2 to 1 states)
Atomic transition system #299: simplification was not f-preserving!
Atomic transition system #299: computing init and goal distances using unit-cost algorithm
Atomic transition system #299: 1 states, 1 arcs 
Atomic transition system #299: init h=0
Composite transition system with 299/480 vars: current size: 4096 (shrink threshold: 1)
Composite transition system with 299/480 vars: not applying abstraction (same number of states)
t=287.379s (after shrinking)
Merging atomic transition system #299 and composite transition system with 299/480 vars
Composite transition system with 300/480 vars: computing init and goal distances using unit-cost algorithm
Composite transition system with 300/480 vars: 4096 states, 393216 arcs 
Composite transition system with 300/480 vars: init h=4
Difference of init h values: 0
t=287.393s (after merging)
Composite transition system with 300/480 vars: not applying abstraction (same number of states)
Current peak memory increase of merge-and-shrink computation: 78848 KB

Next pair of indices: (300, 778)
Atomic transition system #300: 2 states, 6 arcs 
Atomic transition system #300: init h=0
Composite transition system with 300/480 vars: 4096 states, 393216 arcs 
Composite transition system with 300/480 vars: init h=4
t=287.72s (after computation of next merge)
Atomic transition system #300: current size: 2 (shrink threshold: 1)
Atomic transition system #300: applying abstraction (2 to 1 states)
Atomic transition system #300: simplification was not f-preserving!
Atomic transition system #300: computing init and goal distances using unit-cost algorithm
Atomic transition system #300: 1 states, 1 arcs 
Atomic transition system #300: init h=0
Composite transition system with 300/480 vars: current size: 4096 (shrink threshold: 1)
Composite transition system with 300/480 vars: not applying abstraction (same number of states)
t=287.78s (after shrinking)
Merging atomic transition system #300 and composite transition system with 300/480 vars
Composite transition system with 301/480 vars: computing init and goal distances using unit-cost algorithm
Composite transition system with 301/480 vars: 4096 states, 393216 arcs 
Composite transition system with 301/480 vars: init h=4
Difference of init h values: 0
t=287.795s (after merging)
Composite transition system with 301/480 vars: not applying abstraction (same number of states)
Current peak memory increase of merge-and-shrink computation: 78848 KB

Next pair of indices: (301, 779)
Atomic transition system #301: 2 states, 6 arcs 
Atomic transition system #301: init h=0
Composite transition system with 301/480 vars: 4096 states, 393216 arcs 
Composite transition system with 301/480 vars: init h=4
t=288.132s (after computation of next merge)
Atomic transition system #301: current size: 2 (shrink threshold: 1)
Atomic transition system #301: applying abstraction (2 to 1 states)
Atomic transition system #301: simplification was not f-preserving!
Atomic transition system #301: computing init and goal distances using unit-cost algorithm
Atomic transition system #301: 1 states, 1 arcs 
Atomic transition system #301: init h=0
Composite transition system with 301/480 vars: current size: 4096 (shrink threshold: 1)
Composite transition system with 301/480 vars: not applying abstraction (same number of states)
t=288.19s (after shrinking)
Merging atomic transition system #301 and composite transition system with 301/480 vars
Composite transition system with 302/480 vars: computing init and goal distances using unit-cost algorithm
Composite transition system with 302/480 vars: 4096 states, 393216 arcs 
Composite transition system with 302/480 vars: init h=4
Difference of init h values: 0
t=288.203s (after merging)
Composite transition system with 302/480 vars: not applying abstraction (same number of states)
Current peak memory increase of merge-and-shrink computation: 78848 KB

Next pair of indices: (302, 780)
Atomic transition system #302: 2 states, 6 arcs 
Atomic transition system #302: init h=0
Composite transition system with 302/480 vars: 4096 states, 393216 arcs 
Composite transition system with 302/480 vars: init h=4
t=288.523s (after computation of next merge)
Atomic transition system #302: current size: 2 (shrink threshold: 1)
Atomic transition system #302: applying abstraction (2 to 1 states)
Atomic transition system #302: simplification was not f-preserving!
Atomic transition system #302: computing init and goal distances using unit-cost algorithm
Atomic transition system #302: 1 states, 1 arcs 
Atomic transition system #302: init h=0
Composite transition system with 302/480 vars: current size: 4096 (shrink threshold: 1)
Composite transition system with 302/480 vars: not applying abstraction (same number of states)
t=288.585s (after shrinking)
Merging atomic transition system #302 and composite transition system with 302/480 vars
Composite transition system with 303/480 vars: computing init and goal distances using unit-cost algorithm
Composite transition system with 303/480 vars: 4096 states, 393216 arcs 
Composite transition system with 303/480 vars: init h=4
Difference of init h values: 0
t=288.599s (after merging)
Composite transition system with 303/480 vars: not applying abstraction (same number of states)
Current peak memory increase of merge-and-shrink computation: 78848 KB

Next pair of indices: (303, 781)
Atomic transition system #303: 2 states, 6 arcs 
Atomic transition system #303: init h=0
Composite transition system with 303/480 vars: 4096 states, 393216 arcs 
Composite transition system with 303/480 vars: init h=4
t=288.924s (after computation of next merge)
Atomic transition system #303: current size: 2 (shrink threshold: 1)
Atomic transition system #303: applying abstraction (2 to 1 states)
Atomic transition system #303: simplification was not f-preserving!
Atomic transition system #303: computing init and goal distances using unit-cost algorithm
Atomic transition system #303: 1 states, 1 arcs 
Atomic transition system #303: init h=0
Composite transition system with 303/480 vars: current size: 4096 (shrink threshold: 1)
Composite transition system with 303/480 vars: not applying abstraction (same number of states)
t=288.983s (after shrinking)
Merging atomic transition system #303 and composite transition system with 303/480 vars
Composite transition system with 304/480 vars: computing init and goal distances using unit-cost algorithm
Composite transition system with 304/480 vars: 4096 states, 393216 arcs 
Composite transition system with 304/480 vars: init h=4
Difference of init h values: 0
t=288.997s (after merging)
Composite transition system with 304/480 vars: not applying abstraction (same number of states)
Current peak memory increase of merge-and-shrink computation: 78848 KB

Next pair of indices: (304, 782)
Atomic transition system #304: 2 states, 6 arcs 
Atomic transition system #304: init h=0
Composite transition system with 304/480 vars: 4096 states, 393216 arcs 
Composite transition system with 304/480 vars: init h=4
t=289.315s (after computation of next merge)
Atomic transition system #304: current size: 2 (shrink threshold: 1)
Atomic transition system #304: applying abstraction (2 to 1 states)
Atomic transition system #304: simplification was not f-preserving!
Atomic transition system #304: computing init and goal distances using unit-cost algorithm
Atomic transition system #304: 1 states, 1 arcs 
Atomic transition system #304: init h=0
Composite transition system with 304/480 vars: current size: 4096 (shrink threshold: 1)
Composite transition system with 304/480 vars: not applying abstraction (same number of states)
t=289.374s (after shrinking)
Merging atomic transition system #304 and composite transition system with 304/480 vars
Composite transition system with 305/480 vars: computing init and goal distances using unit-cost algorithm
Composite transition system with 305/480 vars: 4096 states, 393216 arcs 
Composite transition system with 305/480 vars: init h=4
Difference of init h values: 0
t=289.387s (after merging)
Composite transition system with 305/480 vars: not applying abstraction (same number of states)
Current peak memory increase of merge-and-shrink computation: 78848 KB

Next pair of indices: (305, 783)
Atomic transition system #305: 2 states, 6 arcs 
Atomic transition system #305: init h=0
Composite transition system with 305/480 vars: 4096 states, 393216 arcs 
Composite transition system with 305/480 vars: init h=4
t=289.702s (after computation of next merge)
Atomic transition system #305: current size: 2 (shrink threshold: 1)
Atomic transition system #305: applying abstraction (2 to 1 states)
Atomic transition system #305: simplification was not f-preserving!
Atomic transition system #305: computing init and goal distances using unit-cost algorithm
Atomic transition system #305: 1 states, 1 arcs 
Atomic transition system #305: init h=0
Composite transition system with 305/480 vars: current size: 4096 (shrink threshold: 1)
Composite transition system with 305/480 vars: not applying abstraction (same number of states)
t=289.763s (after shrinking)
Merging atomic transition system #305 and composite transition system with 305/480 vars
Composite transition system with 306/480 vars: computing init and goal distances using unit-cost algorithm
Composite transition system with 306/480 vars: 4096 states, 393216 arcs 
Composite transition system with 306/480 vars: init h=4
Difference of init h values: 0
t=289.777s (after merging)
Composite transition system with 306/480 vars: not applying abstraction (same number of states)
Current peak memory increase of merge-and-shrink computation: 78848 KB

Next pair of indices: (306, 784)
Atomic transition system #306: 2 states, 6 arcs 
Atomic transition system #306: init h=0
Composite transition system with 306/480 vars: 4096 states, 393216 arcs 
Composite transition system with 306/480 vars: init h=4
t=290.094s (after computation of next merge)
Atomic transition system #306: current size: 2 (shrink threshold: 1)
Atomic transition system #306: applying abstraction (2 to 1 states)
Atomic transition system #306: simplification was not f-preserving!
Atomic transition system #306: computing init and goal distances using unit-cost algorithm
Atomic transition system #306: 1 states, 1 arcs 
Atomic transition system #306: init h=0
Composite transition system with 306/480 vars: current size: 4096 (shrink threshold: 1)
Composite transition system with 306/480 vars: not applying abstraction (same number of states)
t=290.153s (after shrinking)
Merging atomic transition system #306 and composite transition system with 306/480 vars
Composite transition system with 307/480 vars: computing init and goal distances using unit-cost algorithm
Composite transition system with 307/480 vars: 4096 states, 393216 arcs 
Composite transition system with 307/480 vars: init h=4
Difference of init h values: 0
t=290.167s (after merging)
Composite transition system with 307/480 vars: not applying abstraction (same number of states)
Current peak memory increase of merge-and-shrink computation: 78848 KB

Next pair of indices: (307, 785)
Atomic transition system #307: 2 states, 6 arcs 
Atomic transition system #307: init h=0
Composite transition system with 307/480 vars: 4096 states, 393216 arcs 
Composite transition system with 307/480 vars: init h=4
t=290.483s (after computation of next merge)
Atomic transition system #307: current size: 2 (shrink threshold: 1)
Atomic transition system #307: applying abstraction (2 to 1 states)
Atomic transition system #307: simplification was not f-preserving!
Atomic transition system #307: computing init and goal distances using unit-cost algorithm
Atomic transition system #307: 1 states, 1 arcs 
Atomic transition system #307: init h=0
Composite transition system with 307/480 vars: current size: 4096 (shrink threshold: 1)
Composite transition system with 307/480 vars: not applying abstraction (same number of states)
t=290.548s (after shrinking)
Merging atomic transition system #307 and composite transition system with 307/480 vars
Composite transition system with 308/480 vars: computing init and goal distances using unit-cost algorithm
Composite transition system with 308/480 vars: 4096 states, 393216 arcs 
Composite transition system with 308/480 vars: init h=4
Difference of init h values: 0
t=290.562s (after merging)
Composite transition system with 308/480 vars: not applying abstraction (same number of states)
Current peak memory increase of merge-and-shrink computation: 78848 KB

Next pair of indices: (308, 786)
Atomic transition system #308: 2 states, 6 arcs 
Atomic transition system #308: init h=0
Composite transition system with 308/480 vars: 4096 states, 393216 arcs 
Composite transition system with 308/480 vars: init h=4
t=290.873s (after computation of next merge)
Atomic transition system #308: current size: 2 (shrink threshold: 1)
Atomic transition system #308: applying abstraction (2 to 1 states)
Atomic transition system #308: simplification was not f-preserving!
Atomic transition system #308: computing init and goal distances using unit-cost algorithm
Atomic transition system #308: 1 states, 1 arcs 
Atomic transition system #308: init h=0
Composite transition system with 308/480 vars: current size: 4096 (shrink threshold: 1)
Composite transition system with 308/480 vars: not applying abstraction (same number of states)
t=290.931s (after shrinking)
Merging atomic transition system #308 and composite transition system with 308/480 vars
Composite transition system with 309/480 vars: computing init and goal distances using unit-cost algorithm
Composite transition system with 309/480 vars: 4096 states, 393216 arcs 
Composite transition system with 309/480 vars: init h=4
Difference of init h values: 0
t=290.945s (after merging)
Composite transition system with 309/480 vars: not applying abstraction (same number of states)
Current peak memory increase of merge-and-shrink computation: 78848 KB

Next pair of indices: (309, 787)
Atomic transition system #309: 2 states, 6 arcs 
Atomic transition system #309: init h=0
Composite transition system with 309/480 vars: 4096 states, 393216 arcs 
Composite transition system with 309/480 vars: init h=4
t=291.243s (after computation of next merge)
Atomic transition system #309: current size: 2 (shrink threshold: 1)
Atomic transition system #309: applying abstraction (2 to 1 states)
Atomic transition system #309: simplification was not f-preserving!
Atomic transition system #309: computing init and goal distances using unit-cost algorithm
Atomic transition system #309: 1 states, 1 arcs 
Atomic transition system #309: init h=0
Composite transition system with 309/480 vars: current size: 4096 (shrink threshold: 1)
Composite transition system with 309/480 vars: not applying abstraction (same number of states)
t=291.3s (after shrinking)
Merging atomic transition system #309 and composite transition system with 309/480 vars
Composite transition system with 310/480 vars: computing init and goal distances using unit-cost algorithm
Composite transition system with 310/480 vars: 4096 states, 393216 arcs 
Composite transition system with 310/480 vars: init h=4
Difference of init h values: 0
t=291.314s (after merging)
Composite transition system with 310/480 vars: not applying abstraction (same number of states)
Current peak memory increase of merge-and-shrink computation: 78848 KB

Next pair of indices: (310, 788)
Atomic transition system #310: 2 states, 6 arcs 
Atomic transition system #310: init h=0
Composite transition system with 310/480 vars: 4096 states, 393216 arcs 
Composite transition system with 310/480 vars: init h=4
t=291.622s (after computation of next merge)
Atomic transition system #310: current size: 2 (shrink threshold: 1)
Atomic transition system #310: applying abstraction (2 to 1 states)
Atomic transition system #310: simplification was not f-preserving!
Atomic transition system #310: computing init and goal distances using unit-cost algorithm
Atomic transition system #310: 1 states, 1 arcs 
Atomic transition system #310: init h=0
Composite transition system with 310/480 vars: current size: 4096 (shrink threshold: 1)
Composite transition system with 310/480 vars: not applying abstraction (same number of states)
t=291.683s (after shrinking)
Merging atomic transition system #310 and composite transition system with 310/480 vars
Composite transition system with 311/480 vars: computing init and goal distances using unit-cost algorithm
Composite transition system with 311/480 vars: 4096 states, 393216 arcs 
Composite transition system with 311/480 vars: init h=4
Difference of init h values: 0
t=291.697s (after merging)
Composite transition system with 311/480 vars: not applying abstraction (same number of states)
Current peak memory increase of merge-and-shrink computation: 78848 KB

Next pair of indices: (311, 789)
Atomic transition system #311: 2 states, 6 arcs 
Atomic transition system #311: init h=1
Composite transition system with 311/480 vars: 4096 states, 393216 arcs 
Composite transition system with 311/480 vars: init h=4
t=292.004s (after computation of next merge)
Atomic transition system #311: current size: 2 (shrink threshold: 1)
Atomic transition system #311: not applying abstraction (same number of states)
Composite transition system with 311/480 vars: current size: 4096 (shrink threshold: 1)
Composite transition system with 311/480 vars: not applying abstraction (same number of states)
Merging atomic transition system #311 and composite transition system with 311/480 vars
Composite transition system with 312/480 vars: computing init and goal distances using unit-cost algorithm
Composite transition system with 312/480 vars: 8192 states, 1179648 arcs 
Composite transition system with 312/480 vars: init h=4
Difference of init h values: 0
t=292.163s (after merging)
Composite transition system with 312/480 vars: not applying abstraction (same number of states)
Current peak memory increase of merge-and-shrink computation: 78848 KB

Next pair of indices: (312, 790)
Atomic transition system #312: 2 states, 6 arcs 
Atomic transition system #312: init h=0
Composite transition system with 312/480 vars: 8192 states, 1179648 arcs 
Composite transition system with 312/480 vars: init h=4
t=292.428s (after computation of next merge)
Atomic transition system #312: current size: 2 (shrink threshold: 1)
Atomic transition system #312: applying abstraction (2 to 1 states)
Atomic transition system #312: simplification was not f-preserving!
Atomic transition system #312: computing init and goal distances using unit-cost algorithm
Atomic transition system #312: 1 states, 1 arcs 
Atomic transition system #312: init h=0
Composite transition system with 312/480 vars: current size: 8192 (shrink threshold: 1)
Composite transition system with 312/480 vars: applying abstraction (8192 to 4608 states)
Composite transition system with 312/480 vars: simplification was not f-preserving!
Composite transition system with 312/480 vars: computing init and goal distances using unit-cost algorithm
Composite transition system with 312/480 vars: 4608 states, 473088 arcs 
Composite transition system with 312/480 vars: init h=4
t=292.682s (after shrinking)
Merging atomic transition system #312 and composite transition system with 312/480 vars
Composite transition system with 313/480 vars: computing init and goal distances using unit-cost algorithm
Composite transition system with 313/480 vars: 4608 states, 473088 arcs 
Composite transition system with 313/480 vars: init h=4
Difference of init h values: 0
t=292.699s (after merging)
Composite transition system with 313/480 vars: not applying abstraction (same number of states)
Current peak memory increase of merge-and-shrink computation: 78848 KB

Next pair of indices: (313, 791)
Atomic transition system #313: 2 states, 6 arcs 
Atomic transition system #313: init h=0
Composite transition system with 313/480 vars: 4608 states, 473088 arcs 
Composite transition system with 313/480 vars: init h=4
t=292.965s (after computation of next merge)
Atomic transition system #313: current size: 2 (shrink threshold: 1)
Atomic transition system #313: applying abstraction (2 to 1 states)
Atomic transition system #313: simplification was not f-preserving!
Atomic transition system #313: computing init and goal distances using unit-cost algorithm
Atomic transition system #313: 1 states, 1 arcs 
Atomic transition system #313: init h=0
Composite transition system with 313/480 vars: current size: 4608 (shrink threshold: 1)
Composite transition system with 313/480 vars: not applying abstraction (same number of states)
t=293.034s (after shrinking)
Merging atomic transition system #313 and composite transition system with 313/480 vars
Composite transition system with 314/480 vars: computing init and goal distances using unit-cost algorithm
Composite transition system with 314/480 vars: 4608 states, 473088 arcs 
Composite transition system with 314/480 vars: init h=4
Difference of init h values: 0
t=293.051s (after merging)
Composite transition system with 314/480 vars: not applying abstraction (same number of states)
Current peak memory increase of merge-and-shrink computation: 78848 KB

Next pair of indices: (314, 792)
Atomic transition system #314: 2 states, 6 arcs 
Atomic transition system #314: init h=0
Composite transition system with 314/480 vars: 4608 states, 473088 arcs 
Composite transition system with 314/480 vars: init h=4
t=293.316s (after computation of next merge)
Atomic transition system #314: current size: 2 (shrink threshold: 1)
Atomic transition system #314: applying abstraction (2 to 1 states)
Atomic transition system #314: simplification was not f-preserving!
Atomic transition system #314: computing init and goal distances using unit-cost algorithm
Atomic transition system #314: 1 states, 1 arcs 
Atomic transition system #314: init h=0
Composite transition system with 314/480 vars: current size: 4608 (shrink threshold: 1)
Composite transition system with 314/480 vars: not applying abstraction (same number of states)
t=293.385s (after shrinking)
Merging atomic transition system #314 and composite transition system with 314/480 vars
Composite transition system with 315/480 vars: computing init and goal distances using unit-cost algorithm
Composite transition system with 315/480 vars: 4608 states, 473088 arcs 
Composite transition system with 315/480 vars: init h=4
Difference of init h values: 0
t=293.402s (after merging)
Composite transition system with 315/480 vars: not applying abstraction (same number of states)
Current peak memory increase of merge-and-shrink computation: 78848 KB

Next pair of indices: (315, 793)
Atomic transition system #315: 2 states, 6 arcs 
Atomic transition system #315: init h=0
Composite transition system with 315/480 vars: 4608 states, 473088 arcs 
Composite transition system with 315/480 vars: init h=4
t=293.652s (after computation of next merge)
Atomic transition system #315: current size: 2 (shrink threshold: 1)
Atomic transition system #315: applying abstraction (2 to 1 states)
Atomic transition system #315: simplification was not f-preserving!
Atomic transition system #315: computing init and goal distances using unit-cost algorithm
Atomic transition system #315: 1 states, 1 arcs 
Atomic transition system #315: init h=0
Composite transition system with 315/480 vars: current size: 4608 (shrink threshold: 1)
Composite transition system with 315/480 vars: not applying abstraction (same number of states)
t=293.718s (after shrinking)
Merging atomic transition system #315 and composite transition system with 315/480 vars
Composite transition system with 316/480 vars: computing init and goal distances using unit-cost algorithm
Composite transition system with 316/480 vars: 4608 states, 473088 arcs 
Composite transition system with 316/480 vars: init h=4
Difference of init h values: 0
t=293.736s (after merging)
Composite transition system with 316/480 vars: not applying abstraction (same number of states)
Current peak memory increase of merge-and-shrink computation: 78848 KB

Next pair of indices: (316, 794)
Atomic transition system #316: 2 states, 6 arcs 
Atomic transition system #316: init h=0
Composite transition system with 316/480 vars: 4608 states, 473088 arcs 
Composite transition system with 316/480 vars: init h=4
t=293.999s (after computation of next merge)
Atomic transition system #316: current size: 2 (shrink threshold: 1)
Atomic transition system #316: applying abstraction (2 to 1 states)
Atomic transition system #316: simplification was not f-preserving!
Atomic transition system #316: computing init and goal distances using unit-cost algorithm
Atomic transition system #316: 1 states, 1 arcs 
Atomic transition system #316: init h=0
Composite transition system with 316/480 vars: current size: 4608 (shrink threshold: 1)
Composite transition system with 316/480 vars: not applying abstraction (same number of states)
t=294.069s (after shrinking)
Merging atomic transition system #316 and composite transition system with 316/480 vars
Composite transition system with 317/480 vars: computing init and goal distances using unit-cost algorithm
Composite transition system with 317/480 vars: 4608 states, 473088 arcs 
Composite transition system with 317/480 vars: init h=4
Difference of init h values: 0
t=294.087s (after merging)
Composite transition system with 317/480 vars: not applying abstraction (same number of states)
Current peak memory increase of merge-and-shrink computation: 78848 KB

Next pair of indices: (317, 795)
Atomic transition system #317: 2 states, 6 arcs 
Atomic transition system #317: init h=0
Composite transition system with 317/480 vars: 4608 states, 473088 arcs 
Composite transition system with 317/480 vars: init h=4
t=294.35s (after computation of next merge)
Atomic transition system #317: current size: 2 (shrink threshold: 1)
Atomic transition system #317: applying abstraction (2 to 1 states)
Atomic transition system #317: simplification was not f-preserving!
Atomic transition system #317: computing init and goal distances using unit-cost algorithm
Atomic transition system #317: 1 states, 1 arcs 
Atomic transition system #317: init h=0
Composite transition system with 317/480 vars: current size: 4608 (shrink threshold: 1)
Composite transition system with 317/480 vars: not applying abstraction (same number of states)
t=294.416s (after shrinking)
Merging atomic transition system #317 and composite transition system with 317/480 vars
Composite transition system with 318/480 vars: computing init and goal distances using unit-cost algorithm
Composite transition system with 318/480 vars: 4608 states, 473088 arcs 
Composite transition system with 318/480 vars: init h=4
Difference of init h values: 0
t=294.434s (after merging)
Composite transition system with 318/480 vars: not applying abstraction (same number of states)
Current peak memory increase of merge-and-shrink computation: 78848 KB

Next pair of indices: (318, 796)
Atomic transition system #318: 2 states, 6 arcs 
Atomic transition system #318: init h=0
Composite transition system with 318/480 vars: 4608 states, 473088 arcs 
Composite transition system with 318/480 vars: init h=4
t=294.688s (after computation of next merge)
Atomic transition system #318: current size: 2 (shrink threshold: 1)
Atomic transition system #318: applying abstraction (2 to 1 states)
Atomic transition system #318: simplification was not f-preserving!
Atomic transition system #318: computing init and goal distances using unit-cost algorithm
Atomic transition system #318: 1 states, 1 arcs 
Atomic transition system #318: init h=0
Composite transition system with 318/480 vars: current size: 4608 (shrink threshold: 1)
Composite transition system with 318/480 vars: not applying abstraction (same number of states)
t=294.748s (after shrinking)
Merging atomic transition system #318 and composite transition system with 318/480 vars
Composite transition system with 319/480 vars: computing init and goal distances using unit-cost algorithm
Composite transition system with 319/480 vars: 4608 states, 473088 arcs 
Composite transition system with 319/480 vars: init h=4
Difference of init h values: 0
t=294.765s (after merging)
Composite transition system with 319/480 vars: not applying abstraction (same number of states)
Current peak memory increase of merge-and-shrink computation: 78848 KB

Next pair of indices: (319, 797)
Atomic transition system #319: 2 states, 6 arcs 
Atomic transition system #319: init h=0
Composite transition system with 319/480 vars: 4608 states, 473088 arcs 
Composite transition system with 319/480 vars: init h=4
t=295.021s (after computation of next merge)
Atomic transition system #319: current size: 2 (shrink threshold: 1)
Atomic transition system #319: applying abstraction (2 to 1 states)
Atomic transition system #319: simplification was not f-preserving!
Atomic transition system #319: computing init and goal distances using unit-cost algorithm
Atomic transition system #319: 1 states, 1 arcs 
Atomic transition system #319: init h=0
Composite transition system with 319/480 vars: current size: 4608 (shrink threshold: 1)
Composite transition system with 319/480 vars: not applying abstraction (same number of states)
t=295.085s (after shrinking)
Merging atomic transition system #319 and composite transition system with 319/480 vars
Composite transition system with 320/480 vars: computing init and goal distances using unit-cost algorithm
Composite transition system with 320/480 vars: 4608 states, 473088 arcs 
Composite transition system with 320/480 vars: init h=4
Difference of init h values: 0
t=295.103s (after merging)
Composite transition system with 320/480 vars: not applying abstraction (same number of states)
Current peak memory increase of merge-and-shrink computation: 78848 KB

Next pair of indices: (320, 798)
Atomic transition system #320: 2 states, 6 arcs 
Atomic transition system #320: init h=0
Composite transition system with 320/480 vars: 4608 states, 473088 arcs 
Composite transition system with 320/480 vars: init h=4
t=295.361s (after computation of next merge)
Atomic transition system #320: current size: 2 (shrink threshold: 1)
Atomic transition system #320: applying abstraction (2 to 1 states)
Atomic transition system #320: simplification was not f-preserving!
Atomic transition system #320: computing init and goal distances using unit-cost algorithm
Atomic transition system #320: 1 states, 1 arcs 
Atomic transition system #320: init h=0
Composite transition system with 320/480 vars: current size: 4608 (shrink threshold: 1)
Composite transition system with 320/480 vars: not applying abstraction (same number of states)
t=295.428s (after shrinking)
Merging atomic transition system #320 and composite transition system with 320/480 vars
Composite transition system with 321/480 vars: computing init and goal distances using unit-cost algorithm
Composite transition system with 321/480 vars: 4608 states, 473088 arcs 
Composite transition system with 321/480 vars: init h=4
Difference of init h values: 0
t=295.446s (after merging)
Composite transition system with 321/480 vars: not applying abstraction (same number of states)
Current peak memory increase of merge-and-shrink computation: 78848 KB

Next pair of indices: (321, 799)
Atomic transition system #321: 2 states, 6 arcs 
Atomic transition system #321: init h=0
Composite transition system with 321/480 vars: 4608 states, 473088 arcs 
Composite transition system with 321/480 vars: init h=4
t=295.695s (after computation of next merge)
Atomic transition system #321: current size: 2 (shrink threshold: 1)
Atomic transition system #321: applying abstraction (2 to 1 states)
Atomic transition system #321: simplification was not f-preserving!
Atomic transition system #321: computing init and goal distances using unit-cost algorithm
Atomic transition system #321: 1 states, 1 arcs 
Atomic transition system #321: init h=0
Composite transition system with 321/480 vars: current size: 4608 (shrink threshold: 1)
Composite transition system with 321/480 vars: not applying abstraction (same number of states)
t=295.765s (after shrinking)
Merging atomic transition system #321 and composite transition system with 321/480 vars
Composite transition system with 322/480 vars: computing init and goal distances using unit-cost algorithm
Composite transition system with 322/480 vars: 4608 states, 473088 arcs 
Composite transition system with 322/480 vars: init h=4
Difference of init h values: 0
t=295.785s (after merging)
Composite transition system with 322/480 vars: not applying abstraction (same number of states)
Current peak memory increase of merge-and-shrink computation: 78848 KB

Next pair of indices: (322, 800)
Atomic transition system #322: 2 states, 6 arcs 
Atomic transition system #322: init h=0
Composite transition system with 322/480 vars: 4608 states, 473088 arcs 
Composite transition system with 322/480 vars: init h=4
t=296.038s (after computation of next merge)
Atomic transition system #322: current size: 2 (shrink threshold: 1)
Atomic transition system #322: applying abstraction (2 to 1 states)
Atomic transition system #322: simplification was not f-preserving!
Atomic transition system #322: computing init and goal distances using unit-cost algorithm
Atomic transition system #322: 1 states, 1 arcs 
Atomic transition system #322: init h=0
Composite transition system with 322/480 vars: current size: 4608 (shrink threshold: 1)
Composite transition system with 322/480 vars: not applying abstraction (same number of states)
t=296.103s (after shrinking)
Merging atomic transition system #322 and composite transition system with 322/480 vars
Composite transition system with 323/480 vars: computing init and goal distances using unit-cost algorithm
Composite transition system with 323/480 vars: 4608 states, 473088 arcs 
Composite transition system with 323/480 vars: init h=4
Difference of init h values: 0
t=296.12s (after merging)
Composite transition system with 323/480 vars: not applying abstraction (same number of states)
Current peak memory increase of merge-and-shrink computation: 78848 KB

Next pair of indices: (323, 801)
Atomic transition system #323: 2 states, 6 arcs 
Atomic transition system #323: init h=0
Composite transition system with 323/480 vars: 4608 states, 473088 arcs 
Composite transition system with 323/480 vars: init h=4
t=296.366s (after computation of next merge)
Atomic transition system #323: current size: 2 (shrink threshold: 1)
Atomic transition system #323: applying abstraction (2 to 1 states)
Atomic transition system #323: simplification was not f-preserving!
Atomic transition system #323: computing init and goal distances using unit-cost algorithm
Atomic transition system #323: 1 states, 1 arcs 
Atomic transition system #323: init h=0
Composite transition system with 323/480 vars: current size: 4608 (shrink threshold: 1)
Composite transition system with 323/480 vars: not applying abstraction (same number of states)
t=296.429s (after shrinking)
Merging atomic transition system #323 and composite transition system with 323/480 vars
Composite transition system with 324/480 vars: computing init and goal distances using unit-cost algorithm
Composite transition system with 324/480 vars: 4608 states, 473088 arcs 
Composite transition system with 324/480 vars: init h=4
Difference of init h values: 0
t=296.448s (after merging)
Composite transition system with 324/480 vars: not applying abstraction (same number of states)
Current peak memory increase of merge-and-shrink computation: 78848 KB

Next pair of indices: (324, 802)
Atomic transition system #324: 2 states, 6 arcs 
Atomic transition system #324: init h=0
Composite transition system with 324/480 vars: 4608 states, 473088 arcs 
Composite transition system with 324/480 vars: init h=4
t=296.69s (after computation of next merge)
Atomic transition system #324: current size: 2 (shrink threshold: 1)
Atomic transition system #324: applying abstraction (2 to 1 states)
Atomic transition system #324: simplification was not f-preserving!
Atomic transition system #324: computing init and goal distances using unit-cost algorithm
Atomic transition system #324: 1 states, 1 arcs 
Atomic transition system #324: init h=0
Composite transition system with 324/480 vars: current size: 4608 (shrink threshold: 1)
Composite transition system with 324/480 vars: not applying abstraction (same number of states)
t=296.756s (after shrinking)
Merging atomic transition system #324 and composite transition system with 324/480 vars
Composite transition system with 325/480 vars: computing init and goal distances using unit-cost algorithm
Composite transition system with 325/480 vars: 4608 states, 473088 arcs 
Composite transition system with 325/480 vars: init h=4
Difference of init h values: 0
t=296.774s (after merging)
Composite transition system with 325/480 vars: not applying abstraction (same number of states)
Current peak memory increase of merge-and-shrink computation: 78848 KB

Next pair of indices: (325, 803)
Atomic transition system #325: 2 states, 6 arcs 
Atomic transition system #325: init h=0
Composite transition system with 325/480 vars: 4608 states, 473088 arcs 
Composite transition system with 325/480 vars: init h=4
t=297.019s (after computation of next merge)
Atomic transition system #325: current size: 2 (shrink threshold: 1)
Atomic transition system #325: applying abstraction (2 to 1 states)
Atomic transition system #325: simplification was not f-preserving!
Atomic transition system #325: computing init and goal distances using unit-cost algorithm
Atomic transition system #325: 1 states, 1 arcs 
Atomic transition system #325: init h=0
Composite transition system with 325/480 vars: current size: 4608 (shrink threshold: 1)
Composite transition system with 325/480 vars: not applying abstraction (same number of states)
t=297.085s (after shrinking)
Merging atomic transition system #325 and composite transition system with 325/480 vars
Composite transition system with 326/480 vars: computing init and goal distances using unit-cost algorithm
Composite transition system with 326/480 vars: 4608 states, 473088 arcs 
Composite transition system with 326/480 vars: init h=4
Difference of init h values: 0
t=297.102s (after merging)
Composite transition system with 326/480 vars: not applying abstraction (same number of states)
Current peak memory increase of merge-and-shrink computation: 78848 KB

Next pair of indices: (326, 804)
Atomic transition system #326: 2 states, 6 arcs 
Atomic transition system #326: init h=0
Composite transition system with 326/480 vars: 4608 states, 473088 arcs 
Composite transition system with 326/480 vars: init h=4
t=297.336s (after computation of next merge)
Atomic transition system #326: current size: 2 (shrink threshold: 1)
Atomic transition system #326: applying abstraction (2 to 1 states)
Atomic transition system #326: simplification was not f-preserving!
Atomic transition system #326: computing init and goal distances using unit-cost algorithm
Atomic transition system #326: 1 states, 1 arcs 
Atomic transition system #326: init h=0
Composite transition system with 326/480 vars: current size: 4608 (shrink threshold: 1)
Composite transition system with 326/480 vars: not applying abstraction (same number of states)
t=297.399s (after shrinking)
Merging atomic transition system #326 and composite transition system with 326/480 vars
Composite transition system with 327/480 vars: computing init and goal distances using unit-cost algorithm
Composite transition system with 327/480 vars: 4608 states, 473088 arcs 
Composite transition system with 327/480 vars: init h=4
Difference of init h values: 0
t=297.416s (after merging)
Composite transition system with 327/480 vars: not applying abstraction (same number of states)
Current peak memory increase of merge-and-shrink computation: 78848 KB

Next pair of indices: (327, 805)
Atomic transition system #327: 2 states, 6 arcs 
Atomic transition system #327: init h=0
Composite transition system with 327/480 vars: 4608 states, 473088 arcs 
Composite transition system with 327/480 vars: init h=4
t=297.654s (after computation of next merge)
Atomic transition system #327: current size: 2 (shrink threshold: 1)
Atomic transition system #327: applying abstraction (2 to 1 states)
Atomic transition system #327: simplification was not f-preserving!
Atomic transition system #327: computing init and goal distances using unit-cost algorithm
Atomic transition system #327: 1 states, 1 arcs 
Atomic transition system #327: init h=0
Composite transition system with 327/480 vars: current size: 4608 (shrink threshold: 1)
Composite transition system with 327/480 vars: not applying abstraction (same number of states)
t=297.715s (after shrinking)
Merging atomic transition system #327 and composite transition system with 327/480 vars
Composite transition system with 328/480 vars: computing init and goal distances using unit-cost algorithm
Composite transition system with 328/480 vars: 4608 states, 473088 arcs 
Composite transition system with 328/480 vars: init h=4
Difference of init h values: 0
t=297.732s (after merging)
Composite transition system with 328/480 vars: not applying abstraction (same number of states)
Current peak memory increase of merge-and-shrink computation: 78848 KB

Next pair of indices: (328, 806)
Atomic transition system #328: 2 states, 6 arcs 
Atomic transition system #328: init h=0
Composite transition system with 328/480 vars: 4608 states, 473088 arcs 
Composite transition system with 328/480 vars: init h=4
t=297.981s (after computation of next merge)
Atomic transition system #328: current size: 2 (shrink threshold: 1)
Atomic transition system #328: applying abstraction (2 to 1 states)
Atomic transition system #328: simplification was not f-preserving!
Atomic transition system #328: computing init and goal distances using unit-cost algorithm
Atomic transition system #328: 1 states, 1 arcs 
Atomic transition system #328: init h=0
Composite transition system with 328/480 vars: current size: 4608 (shrink threshold: 1)
Composite transition system with 328/480 vars: not applying abstraction (same number of states)
t=298.05s (after shrinking)
Merging atomic transition system #328 and composite transition system with 328/480 vars
Composite transition system with 329/480 vars: computing init and goal distances using unit-cost algorithm
Composite transition system with 329/480 vars: 4608 states, 473088 arcs 
Composite transition system with 329/480 vars: init h=4
Difference of init h values: 0
t=298.069s (after merging)
Composite transition system with 329/480 vars: not applying abstraction (same number of states)
Current peak memory increase of merge-and-shrink computation: 78848 KB

Next pair of indices: (329, 807)
Atomic transition system #329: 2 states, 6 arcs 
Atomic transition system #329: init h=0
Composite transition system with 329/480 vars: 4608 states, 473088 arcs 
Composite transition system with 329/480 vars: init h=4
t=298.304s (after computation of next merge)
Atomic transition system #329: current size: 2 (shrink threshold: 1)
Atomic transition system #329: applying abstraction (2 to 1 states)
Atomic transition system #329: simplification was not f-preserving!
Atomic transition system #329: computing init and goal distances using unit-cost algorithm
Atomic transition system #329: 1 states, 1 arcs 
Atomic transition system #329: init h=0
Composite transition system with 329/480 vars: current size: 4608 (shrink threshold: 1)
Composite transition system with 329/480 vars: not applying abstraction (same number of states)
t=298.365s (after shrinking)
Merging atomic transition system #329 and composite transition system with 329/480 vars
Composite transition system with 330/480 vars: computing init and goal distances using unit-cost algorithm
Composite transition system with 330/480 vars: 4608 states, 473088 arcs 
Composite transition system with 330/480 vars: init h=4
Difference of init h values: 0
t=298.383s (after merging)
Composite transition system with 330/480 vars: not applying abstraction (same number of states)
Current peak memory increase of merge-and-shrink computation: 78848 KB

Next pair of indices: (330, 808)
Atomic transition system #330: 2 states, 6 arcs 
Atomic transition system #330: init h=0
Composite transition system with 330/480 vars: 4608 states, 473088 arcs 
Composite transition system with 330/480 vars: init h=4
t=298.613s (after computation of next merge)
Atomic transition system #330: current size: 2 (shrink threshold: 1)
Atomic transition system #330: applying abstraction (2 to 1 states)
Atomic transition system #330: simplification was not f-preserving!
Atomic transition system #330: computing init and goal distances using unit-cost algorithm
Atomic transition system #330: 1 states, 1 arcs 
Atomic transition system #330: init h=0
Composite transition system with 330/480 vars: current size: 4608 (shrink threshold: 1)
Composite transition system with 330/480 vars: not applying abstraction (same number of states)
t=298.673s (after shrinking)
Merging atomic transition system #330 and composite transition system with 330/480 vars
Composite transition system with 331/480 vars: computing init and goal distances using unit-cost algorithm
Composite transition system with 331/480 vars: 4608 states, 473088 arcs 
Composite transition system with 331/480 vars: init h=4
Difference of init h values: 0
t=298.69s (after merging)
Composite transition system with 331/480 vars: not applying abstraction (same number of states)
Current peak memory increase of merge-and-shrink computation: 78848 KB

Next pair of indices: (331, 809)
Atomic transition system #331: 2 states, 6 arcs 
Atomic transition system #331: init h=0
Composite transition system with 331/480 vars: 4608 states, 473088 arcs 
Composite transition system with 331/480 vars: init h=4
t=298.932s (after computation of next merge)
Atomic transition system #331: current size: 2 (shrink threshold: 1)
Atomic transition system #331: applying abstraction (2 to 1 states)
Atomic transition system #331: simplification was not f-preserving!
Atomic transition system #331: computing init and goal distances using unit-cost algorithm
Atomic transition system #331: 1 states, 1 arcs 
Atomic transition system #331: init h=0
Composite transition system with 331/480 vars: current size: 4608 (shrink threshold: 1)
Composite transition system with 331/480 vars: not applying abstraction (same number of states)
t=299.002s (after shrinking)
Merging atomic transition system #331 and composite transition system with 331/480 vars
Composite transition system with 332/480 vars: computing init and goal distances using unit-cost algorithm
Composite transition system with 332/480 vars: 4608 states, 473088 arcs 
Composite transition system with 332/480 vars: init h=4
Difference of init h values: 0
t=299.022s (after merging)
Composite transition system with 332/480 vars: not applying abstraction (same number of states)
Current peak memory increase of merge-and-shrink computation: 78848 KB

Next pair of indices: (332, 810)
Atomic transition system #332: 2 states, 6 arcs 
Atomic transition system #332: init h=0
Composite transition system with 332/480 vars: 4608 states, 473088 arcs 
Composite transition system with 332/480 vars: init h=4
t=299.261s (after computation of next merge)
Atomic transition system #332: current size: 2 (shrink threshold: 1)
Atomic transition system #332: applying abstraction (2 to 1 states)
Atomic transition system #332: simplification was not f-preserving!
Atomic transition system #332: computing init and goal distances using unit-cost algorithm
Atomic transition system #332: 1 states, 1 arcs 
Atomic transition system #332: init h=0
Composite transition system with 332/480 vars: current size: 4608 (shrink threshold: 1)
Composite transition system with 332/480 vars: not applying abstraction (same number of states)
t=299.326s (after shrinking)
Merging atomic transition system #332 and composite transition system with 332/480 vars
Composite transition system with 333/480 vars: computing init and goal distances using unit-cost algorithm
Composite transition system with 333/480 vars: 4608 states, 473088 arcs 
Composite transition system with 333/480 vars: init h=4
Difference of init h values: 0
t=299.344s (after merging)
Composite transition system with 333/480 vars: not applying abstraction (same number of states)
Current peak memory increase of merge-and-shrink computation: 78848 KB

Next pair of indices: (333, 811)
Atomic transition system #333: 2 states, 6 arcs 
Atomic transition system #333: init h=0
Composite transition system with 333/480 vars: 4608 states, 473088 arcs 
Composite transition system with 333/480 vars: init h=4
t=299.583s (after computation of next merge)
Atomic transition system #333: current size: 2 (shrink threshold: 1)
Atomic transition system #333: applying abstraction (2 to 1 states)
Atomic transition system #333: simplification was not f-preserving!
Atomic transition system #333: computing init and goal distances using unit-cost algorithm
Atomic transition system #333: 1 states, 1 arcs 
Atomic transition system #333: init h=0
Composite transition system with 333/480 vars: current size: 4608 (shrink threshold: 1)
Composite transition system with 333/480 vars: not applying abstraction (same number of states)
t=299.651s (after shrinking)
Merging atomic transition system #333 and composite transition system with 333/480 vars
Composite transition system with 334/480 vars: computing init and goal distances using unit-cost algorithm
Composite transition system with 334/480 vars: 4608 states, 473088 arcs 
Composite transition system with 334/480 vars: init h=4
Difference of init h values: 0
t=299.668s (after merging)
Composite transition system with 334/480 vars: not applying abstraction (same number of states)
Current peak memory increase of merge-and-shrink computation: 78848 KB

Next pair of indices: (334, 812)
Atomic transition system #334: 2 states, 6 arcs 
Atomic transition system #334: init h=0
Composite transition system with 334/480 vars: 4608 states, 473088 arcs 
Composite transition system with 334/480 vars: init h=4
t=299.894s (after computation of next merge)
Atomic transition system #334: current size: 2 (shrink threshold: 1)
Atomic transition system #334: applying abstraction (2 to 1 states)
Atomic transition system #334: simplification was not f-preserving!
Atomic transition system #334: computing init and goal distances using unit-cost algorithm
Atomic transition system #334: 1 states, 1 arcs 
Atomic transition system #334: init h=0
Composite transition system with 334/480 vars: current size: 4608 (shrink threshold: 1)
Composite transition system with 334/480 vars: not applying abstraction (same number of states)
t=299.957s (after shrinking)
Merging atomic transition system #334 and composite transition system with 334/480 vars
Composite transition system with 335/480 vars: computing init and goal distances using unit-cost algorithm
Composite transition system with 335/480 vars: 4608 states, 473088 arcs 
Composite transition system with 335/480 vars: init h=4
Difference of init h values: 0
t=299.975s (after merging)
Composite transition system with 335/480 vars: not applying abstraction (same number of states)
Current peak memory increase of merge-and-shrink computation: 78848 KB

Next pair of indices: (335, 813)
Atomic transition system #335: 2 states, 6 arcs 
Atomic transition system #335: init h=1
Composite transition system with 335/480 vars: 4608 states, 473088 arcs 
Composite transition system with 335/480 vars: init h=4
t=300.207s (after computation of next merge)
Atomic transition system #335: current size: 2 (shrink threshold: 1)
Atomic transition system #335: not applying abstraction (same number of states)
Composite transition system with 335/480 vars: current size: 4608 (shrink threshold: 1)
Composite transition system with 335/480 vars: not applying abstraction (same number of states)
Merging atomic transition system #335 and composite transition system with 335/480 vars
Composite transition system with 336/480 vars: computing init and goal distances using unit-cost algorithm
Composite transition system with 336/480 vars: 9216 states, 1409024 arcs 
Composite transition system with 336/480 vars: init h=4
Difference of init h values: 0
t=300.393s (after merging)
Composite transition system with 336/480 vars: not applying abstraction (same number of states)
Current peak memory increase of merge-and-shrink computation: 78848 KB

Next pair of indices: (336, 814)
Atomic transition system #336: 2 states, 6 arcs 
Atomic transition system #336: init h=0
Composite transition system with 336/480 vars: 9216 states, 1409024 arcs 
Composite transition system with 336/480 vars: init h=4
t=300.594s (after computation of next merge)
Atomic transition system #336: current size: 2 (shrink threshold: 1)
Atomic transition system #336: applying abstraction (2 to 1 states)
Atomic transition system #336: simplification was not f-preserving!
Atomic transition system #336: computing init and goal distances using unit-cost algorithm
Atomic transition system #336: 1 states, 1 arcs 
Atomic transition system #336: init h=0
Composite transition system with 336/480 vars: current size: 9216 (shrink threshold: 1)
Composite transition system with 336/480 vars: applying abstraction (9216 to 5184 states)
Composite transition system with 336/480 vars: simplification was not f-preserving!
Composite transition system with 336/480 vars: computing init and goal distances using unit-cost algorithm
Composite transition system with 336/480 vars: 5184 states, 568384 arcs 
Composite transition system with 336/480 vars: init h=4
t=300.878s (after shrinking)
Merging atomic transition system #336 and composite transition system with 336/480 vars
Composite transition system with 337/480 vars: computing init and goal distances using unit-cost algorithm
Composite transition system with 337/480 vars: 5184 states, 568384 arcs 
Composite transition system with 337/480 vars: init h=4
Difference of init h values: 0
t=300.899s (after merging)
Composite transition system with 337/480 vars: not applying abstraction (same number of states)
Current peak memory increase of merge-and-shrink computation: 78848 KB

Next pair of indices: (337, 815)
Atomic transition system #337: 2 states, 6 arcs 
Atomic transition system #337: init h=0
Composite transition system with 337/480 vars: 5184 states, 568384 arcs 
Composite transition system with 337/480 vars: init h=4
t=301.088s (after computation of next merge)
Atomic transition system #337: current size: 2 (shrink threshold: 1)
Atomic transition system #337: applying abstraction (2 to 1 states)
Atomic transition system #337: simplification was not f-preserving!
Atomic transition system #337: computing init and goal distances using unit-cost algorithm
Atomic transition system #337: 1 states, 1 arcs 
Atomic transition system #337: init h=0
Composite transition system with 337/480 vars: current size: 5184 (shrink threshold: 1)
Composite transition system with 337/480 vars: not applying abstraction (same number of states)
t=301.161s (after shrinking)
Merging atomic transition system #337 and composite transition system with 337/480 vars
Composite transition system with 338/480 vars: computing init and goal distances using unit-cost algorithm
Composite transition system with 338/480 vars: 5184 states, 568384 arcs 
Composite transition system with 338/480 vars: init h=4
Difference of init h values: 0
t=301.184s (after merging)
Composite transition system with 338/480 vars: not applying abstraction (same number of states)
Current peak memory increase of merge-and-shrink computation: 78848 KB

Next pair of indices: (338, 816)
Atomic transition system #338: 2 states, 6 arcs 
Atomic transition system #338: init h=0
Composite transition system with 338/480 vars: 5184 states, 568384 arcs 
Composite transition system with 338/480 vars: init h=4
t=301.375s (after computation of next merge)
Atomic transition system #338: current size: 2 (shrink threshold: 1)
Atomic transition system #338: applying abstraction (2 to 1 states)
Atomic transition system #338: simplification was not f-preserving!
Atomic transition system #338: computing init and goal distances using unit-cost algorithm
Atomic transition system #338: 1 states, 1 arcs 
Atomic transition system #338: init h=0
Composite transition system with 338/480 vars: current size: 5184 (shrink threshold: 1)
Composite transition system with 338/480 vars: not applying abstraction (same number of states)
t=301.447s (after shrinking)
Merging atomic transition system #338 and composite transition system with 338/480 vars
Composite transition system with 339/480 vars: computing init and goal distances using unit-cost algorithm
Composite transition system with 339/480 vars: 5184 states, 568384 arcs 
Composite transition system with 339/480 vars: init h=4
Difference of init h values: 0
t=301.474s (after merging)
Composite transition system with 339/480 vars: not applying abstraction (same number of states)
Current peak memory increase of merge-and-shrink computation: 78848 KB

Next pair of indices: (339, 817)
Atomic transition system #339: 2 states, 6 arcs 
Atomic transition system #339: init h=0
Composite transition system with 339/480 vars: 5184 states, 568384 arcs 
Composite transition system with 339/480 vars: init h=4
t=301.667s (after computation of next merge)
Atomic transition system #339: current size: 2 (shrink threshold: 1)
Atomic transition system #339: applying abstraction (2 to 1 states)
Atomic transition system #339: simplification was not f-preserving!
Atomic transition system #339: computing init and goal distances using unit-cost algorithm
Atomic transition system #339: 1 states, 1 arcs 
Atomic transition system #339: init h=0
Composite transition system with 339/480 vars: current size: 5184 (shrink threshold: 1)
Composite transition system with 339/480 vars: not applying abstraction (same number of states)
t=301.743s (after shrinking)
Merging atomic transition system #339 and composite transition system with 339/480 vars
Composite transition system with 340/480 vars: computing init and goal distances using unit-cost algorithm
Composite transition system with 340/480 vars: 5184 states, 568384 arcs 
Composite transition system with 340/480 vars: init h=4
Difference of init h values: 0
t=301.768s (after merging)
Composite transition system with 340/480 vars: not applying abstraction (same number of states)
Current peak memory increase of merge-and-shrink computation: 78848 KB

Next pair of indices: (340, 818)
Atomic transition system #340: 2 states, 6 arcs 
Atomic transition system #340: init h=0
Composite transition system with 340/480 vars: 5184 states, 568384 arcs 
Composite transition system with 340/480 vars: init h=4
t=301.959s (after computation of next merge)
Atomic transition system #340: current size: 2 (shrink threshold: 1)
Atomic transition system #340: applying abstraction (2 to 1 states)
Atomic transition system #340: simplification was not f-preserving!
Atomic transition system #340: computing init and goal distances using unit-cost algorithm
Atomic transition system #340: 1 states, 1 arcs 
Atomic transition system #340: init h=0
Composite transition system with 340/480 vars: current size: 5184 (shrink threshold: 1)
Composite transition system with 340/480 vars: not applying abstraction (same number of states)
t=302.035s (after shrinking)
Merging atomic transition system #340 and composite transition system with 340/480 vars
Composite transition system with 341/480 vars: computing init and goal distances using unit-cost algorithm
Composite transition system with 341/480 vars: 5184 states, 568384 arcs 
Composite transition system with 341/480 vars: init h=4
Difference of init h values: 0
t=302.058s (after merging)
Composite transition system with 341/480 vars: not applying abstraction (same number of states)
Current peak memory increase of merge-and-shrink computation: 78848 KB

Next pair of indices: (341, 819)
Atomic transition system #341: 2 states, 6 arcs 
Atomic transition system #341: init h=0
Composite transition system with 341/480 vars: 5184 states, 568384 arcs 
Composite transition system with 341/480 vars: init h=4
t=302.249s (after computation of next merge)
Atomic transition system #341: current size: 2 (shrink threshold: 1)
Atomic transition system #341: applying abstraction (2 to 1 states)
Atomic transition system #341: simplification was not f-preserving!
Atomic transition system #341: computing init and goal distances using unit-cost algorithm
Atomic transition system #341: 1 states, 1 arcs 
Atomic transition system #341: init h=0
Composite transition system with 341/480 vars: current size: 5184 (shrink threshold: 1)
Composite transition system with 341/480 vars: not applying abstraction (same number of states)
t=302.327s (after shrinking)
Merging atomic transition system #341 and composite transition system with 341/480 vars
Composite transition system with 342/480 vars: computing init and goal distances using unit-cost algorithm
Composite transition system with 342/480 vars: 5184 states, 568384 arcs 
Composite transition system with 342/480 vars: init h=4
Difference of init h values: 0
t=302.349s (after merging)
Composite transition system with 342/480 vars: not applying abstraction (same number of states)
Current peak memory increase of merge-and-shrink computation: 78848 KB

Next pair of indices: (342, 820)
Atomic transition system #342: 2 states, 6 arcs 
Atomic transition system #342: init h=0
Composite transition system with 342/480 vars: 5184 states, 568384 arcs 
Composite transition system with 342/480 vars: init h=4
t=302.548s (after computation of next merge)
Atomic transition system #342: current size: 2 (shrink threshold: 1)
Atomic transition system #342: applying abstraction (2 to 1 states)
Atomic transition system #342: simplification was not f-preserving!
Atomic transition system #342: computing init and goal distances using unit-cost algorithm
Atomic transition system #342: 1 states, 1 arcs 
Atomic transition system #342: init h=0
Composite transition system with 342/480 vars: current size: 5184 (shrink threshold: 1)
Composite transition system with 342/480 vars: not applying abstraction (same number of states)
t=302.626s (after shrinking)
Merging atomic transition system #342 and composite transition system with 342/480 vars
Composite transition system with 343/480 vars: computing init and goal distances using unit-cost algorithm
Composite transition system with 343/480 vars: 5184 states, 568384 arcs 
Composite transition system with 343/480 vars: init h=4
Difference of init h values: 0
t=302.648s (after merging)
Composite transition system with 343/480 vars: not applying abstraction (same number of states)
Current peak memory increase of merge-and-shrink computation: 78848 KB

Next pair of indices: (343, 821)
Atomic transition system #343: 2 states, 6 arcs 
Atomic transition system #343: init h=0
Composite transition system with 343/480 vars: 5184 states, 568384 arcs 
Composite transition system with 343/480 vars: init h=4
t=302.85s (after computation of next merge)
Atomic transition system #343: current size: 2 (shrink threshold: 1)
Atomic transition system #343: applying abstraction (2 to 1 states)
Atomic transition system #343: simplification was not f-preserving!
Atomic transition system #343: computing init and goal distances using unit-cost algorithm
Atomic transition system #343: 1 states, 1 arcs 
Atomic transition system #343: init h=0
Composite transition system with 343/480 vars: current size: 5184 (shrink threshold: 1)
Composite transition system with 343/480 vars: not applying abstraction (same number of states)
t=302.931s (after shrinking)
Merging atomic transition system #343 and composite transition system with 343/480 vars
Composite transition system with 344/480 vars: computing init and goal distances using unit-cost algorithm
Composite transition system with 344/480 vars: 5184 states, 568384 arcs 
Composite transition system with 344/480 vars: init h=4
Difference of init h values: 0
t=302.953s (after merging)
Composite transition system with 344/480 vars: not applying abstraction (same number of states)
Current peak memory increase of merge-and-shrink computation: 78848 KB

Next pair of indices: (344, 822)
Atomic transition system #344: 2 states, 6 arcs 
Atomic transition system #344: init h=0
Composite transition system with 344/480 vars: 5184 states, 568384 arcs 
Composite transition system with 344/480 vars: init h=4
t=303.147s (after computation of next merge)
Atomic transition system #344: current size: 2 (shrink threshold: 1)
Atomic transition system #344: applying abstraction (2 to 1 states)
Atomic transition system #344: simplification was not f-preserving!
Atomic transition system #344: computing init and goal distances using unit-cost algorithm
Atomic transition system #344: 1 states, 1 arcs 
Atomic transition system #344: init h=0
Composite transition system with 344/480 vars: current size: 5184 (shrink threshold: 1)
Composite transition system with 344/480 vars: not applying abstraction (same number of states)
t=303.222s (after shrinking)
Merging atomic transition system #344 and composite transition system with 344/480 vars
Composite transition system with 345/480 vars: computing init and goal distances using unit-cost algorithm
Composite transition system with 345/480 vars: 5184 states, 568384 arcs 
Composite transition system with 345/480 vars: init h=4
Difference of init h values: 0
t=303.248s (after merging)
Composite transition system with 345/480 vars: not applying abstraction (same number of states)
Current peak memory increase of merge-and-shrink computation: 78848 KB

Next pair of indices: (345, 823)
Atomic transition system #345: 2 states, 6 arcs 
Atomic transition system #345: init h=0
Composite transition system with 345/480 vars: 5184 states, 568384 arcs 
Composite transition system with 345/480 vars: init h=4
t=303.439s (after computation of next merge)
Atomic transition system #345: current size: 2 (shrink threshold: 1)
Atomic transition system #345: applying abstraction (2 to 1 states)
Atomic transition system #345: simplification was not f-preserving!
Atomic transition system #345: computing init and goal distances using unit-cost algorithm
Atomic transition system #345: 1 states, 1 arcs 
Atomic transition system #345: init h=0
Composite transition system with 345/480 vars: current size: 5184 (shrink threshold: 1)
Composite transition system with 345/480 vars: not applying abstraction (same number of states)
t=303.52s (after shrinking)
Merging atomic transition system #345 and composite transition system with 345/480 vars
Composite transition system with 346/480 vars: computing init and goal distances using unit-cost algorithm
Composite transition system with 346/480 vars: 5184 states, 568384 arcs 
Composite transition system with 346/480 vars: init h=4
Difference of init h values: 0
t=303.543s (after merging)
Composite transition system with 346/480 vars: not applying abstraction (same number of states)
Current peak memory increase of merge-and-shrink computation: 78848 KB

Next pair of indices: (346, 824)
Atomic transition system #346: 2 states, 6 arcs 
Atomic transition system #346: init h=0
Composite transition system with 346/480 vars: 5184 states, 568384 arcs 
Composite transition system with 346/480 vars: init h=4
t=303.733s (after computation of next merge)
Atomic transition system #346: current size: 2 (shrink threshold: 1)
Atomic transition system #346: applying abstraction (2 to 1 states)
Atomic transition system #346: simplification was not f-preserving!
Atomic transition system #346: computing init and goal distances using unit-cost algorithm
Atomic transition system #346: 1 states, 1 arcs 
Atomic transition system #346: init h=0
Composite transition system with 346/480 vars: current size: 5184 (shrink threshold: 1)
Composite transition system with 346/480 vars: not applying abstraction (same number of states)
t=303.815s (after shrinking)
Merging atomic transition system #346 and composite transition system with 346/480 vars
Composite transition system with 347/480 vars: computing init and goal distances using unit-cost algorithm
Composite transition system with 347/480 vars: 5184 states, 568384 arcs 
Composite transition system with 347/480 vars: init h=4
Difference of init h values: 0
t=303.837s (after merging)
Composite transition system with 347/480 vars: not applying abstraction (same number of states)
Current peak memory increase of merge-and-shrink computation: 78848 KB

Next pair of indices: (347, 825)
Atomic transition system #347: 2 states, 6 arcs 
Atomic transition system #347: init h=0
Composite transition system with 347/480 vars: 5184 states, 568384 arcs 
Composite transition system with 347/480 vars: init h=4
t=304.02s (after computation of next merge)
Atomic transition system #347: current size: 2 (shrink threshold: 1)
Atomic transition system #347: applying abstraction (2 to 1 states)
Atomic transition system #347: simplification was not f-preserving!
Atomic transition system #347: computing init and goal distances using unit-cost algorithm
Atomic transition system #347: 1 states, 1 arcs 
Atomic transition system #347: init h=0
Composite transition system with 347/480 vars: current size: 5184 (shrink threshold: 1)
Composite transition system with 347/480 vars: not applying abstraction (same number of states)
t=304.094s (after shrinking)
Merging atomic transition system #347 and composite transition system with 347/480 vars
Composite transition system with 348/480 vars: computing init and goal distances using unit-cost algorithm
Composite transition system with 348/480 vars: 5184 states, 568384 arcs 
Composite transition system with 348/480 vars: init h=4
Difference of init h values: 0
t=304.117s (after merging)
Composite transition system with 348/480 vars: not applying abstraction (same number of states)
Current peak memory increase of merge-and-shrink computation: 78848 KB

Next pair of indices: (348, 826)
Atomic transition system #348: 2 states, 6 arcs 
Atomic transition system #348: init h=0
Composite transition system with 348/480 vars: 5184 states, 568384 arcs 
Composite transition system with 348/480 vars: init h=4
t=304.294s (after computation of next merge)
Atomic transition system #348: current size: 2 (shrink threshold: 1)
Atomic transition system #348: applying abstraction (2 to 1 states)
Atomic transition system #348: simplification was not f-preserving!
Atomic transition system #348: computing init and goal distances using unit-cost algorithm
Atomic transition system #348: 1 states, 1 arcs 
Atomic transition system #348: init h=0
Composite transition system with 348/480 vars: current size: 5184 (shrink threshold: 1)
Composite transition system with 348/480 vars: not applying abstraction (same number of states)
t=304.367s (after shrinking)
Merging atomic transition system #348 and composite transition system with 348/480 vars
Composite transition system with 349/480 vars: computing init and goal distances using unit-cost algorithm
Composite transition system with 349/480 vars: 5184 states, 568384 arcs 
Composite transition system with 349/480 vars: init h=4
Difference of init h values: 0
t=304.39s (after merging)
Composite transition system with 349/480 vars: not applying abstraction (same number of states)
Current peak memory increase of merge-and-shrink computation: 78848 KB

Next pair of indices: (349, 827)
Atomic transition system #349: 2 states, 6 arcs 
Atomic transition system #349: init h=0
Composite transition system with 349/480 vars: 5184 states, 568384 arcs 
Composite transition system with 349/480 vars: init h=4
t=304.572s (after computation of next merge)
Atomic transition system #349: current size: 2 (shrink threshold: 1)
Atomic transition system #349: applying abstraction (2 to 1 states)
Atomic transition system #349: simplification was not f-preserving!
Atomic transition system #349: computing init and goal distances using unit-cost algorithm
Atomic transition system #349: 1 states, 1 arcs 
Atomic transition system #349: init h=0
Composite transition system with 349/480 vars: current size: 5184 (shrink threshold: 1)
Composite transition system with 349/480 vars: not applying abstraction (same number of states)
t=304.648s (after shrinking)
Merging atomic transition system #349 and composite transition system with 349/480 vars
Composite transition system with 350/480 vars: computing init and goal distances using unit-cost algorithm
Composite transition system with 350/480 vars: 5184 states, 568384 arcs 
Composite transition system with 350/480 vars: init h=4
Difference of init h values: 0
t=304.671s (after merging)
Composite transition system with 350/480 vars: not applying abstraction (same number of states)
Current peak memory increase of merge-and-shrink computation: 78848 KB

Next pair of indices: (350, 828)
Atomic transition system #350: 2 states, 6 arcs 
Atomic transition system #350: init h=0
Composite transition system with 350/480 vars: 5184 states, 568384 arcs 
Composite transition system with 350/480 vars: init h=4
t=304.859s (after computation of next merge)
Atomic transition system #350: current size: 2 (shrink threshold: 1)
Atomic transition system #350: applying abstraction (2 to 1 states)
Atomic transition system #350: simplification was not f-preserving!
Atomic transition system #350: computing init and goal distances using unit-cost algorithm
Atomic transition system #350: 1 states, 1 arcs 
Atomic transition system #350: init h=0
Composite transition system with 350/480 vars: current size: 5184 (shrink threshold: 1)
Composite transition system with 350/480 vars: not applying abstraction (same number of states)
t=304.937s (after shrinking)
Merging atomic transition system #350 and composite transition system with 350/480 vars
Composite transition system with 351/480 vars: computing init and goal distances using unit-cost algorithm
Composite transition system with 351/480 vars: 5184 states, 568384 arcs 
Composite transition system with 351/480 vars: init h=4
Difference of init h values: 0
t=304.959s (after merging)
Composite transition system with 351/480 vars: not applying abstraction (same number of states)
Current peak memory increase of merge-and-shrink computation: 78848 KB

Next pair of indices: (351, 829)
Atomic transition system #351: 2 states, 6 arcs 
Atomic transition system #351: init h=0
Composite transition system with 351/480 vars: 5184 states, 568384 arcs 
Composite transition system with 351/480 vars: init h=4
t=305.14s (after computation of next merge)
Atomic transition system #351: current size: 2 (shrink threshold: 1)
Atomic transition system #351: applying abstraction (2 to 1 states)
Atomic transition system #351: simplification was not f-preserving!
Atomic transition system #351: computing init and goal distances using unit-cost algorithm
Atomic transition system #351: 1 states, 1 arcs 
Atomic transition system #351: init h=0
Composite transition system with 351/480 vars: current size: 5184 (shrink threshold: 1)
Composite transition system with 351/480 vars: not applying abstraction (same number of states)
t=305.222s (after shrinking)
Merging atomic transition system #351 and composite transition system with 351/480 vars
Composite transition system with 352/480 vars: computing init and goal distances using unit-cost algorithm
Composite transition system with 352/480 vars: 5184 states, 568384 arcs 
Composite transition system with 352/480 vars: init h=4
Difference of init h values: 0
t=305.244s (after merging)
Composite transition system with 352/480 vars: not applying abstraction (same number of states)
Current peak memory increase of merge-and-shrink computation: 78848 KB

Next pair of indices: (352, 830)
Atomic transition system #352: 2 states, 6 arcs 
Atomic transition system #352: init h=0
Composite transition system with 352/480 vars: 5184 states, 568384 arcs 
Composite transition system with 352/480 vars: init h=4
t=305.423s (after computation of next merge)
Atomic transition system #352: current size: 2 (shrink threshold: 1)
Atomic transition system #352: applying abstraction (2 to 1 states)
Atomic transition system #352: simplification was not f-preserving!
Atomic transition system #352: computing init and goal distances using unit-cost algorithm
Atomic transition system #352: 1 states, 1 arcs 
Atomic transition system #352: init h=0
Composite transition system with 352/480 vars: current size: 5184 (shrink threshold: 1)
Composite transition system with 352/480 vars: not applying abstraction (same number of states)
t=305.499s (after shrinking)
Merging atomic transition system #352 and composite transition system with 352/480 vars
Composite transition system with 353/480 vars: computing init and goal distances using unit-cost algorithm
Composite transition system with 353/480 vars: 5184 states, 568384 arcs 
Composite transition system with 353/480 vars: init h=4
Difference of init h values: 0
t=305.522s (after merging)
Composite transition system with 353/480 vars: not applying abstraction (same number of states)
Current peak memory increase of merge-and-shrink computation: 78848 KB

Next pair of indices: (353, 831)
Atomic transition system #353: 2 states, 6 arcs 
Atomic transition system #353: init h=0
Composite transition system with 353/480 vars: 5184 states, 568384 arcs 
Composite transition system with 353/480 vars: init h=4
t=305.708s (after computation of next merge)
Atomic transition system #353: current size: 2 (shrink threshold: 1)
Atomic transition system #353: applying abstraction (2 to 1 states)
Atomic transition system #353: simplification was not f-preserving!
Atomic transition system #353: computing init and goal distances using unit-cost algorithm
Atomic transition system #353: 1 states, 1 arcs 
Atomic transition system #353: init h=0
Composite transition system with 353/480 vars: current size: 5184 (shrink threshold: 1)
Composite transition system with 353/480 vars: not applying abstraction (same number of states)
t=305.79s (after shrinking)
Merging atomic transition system #353 and composite transition system with 353/480 vars
Composite transition system with 354/480 vars: computing init and goal distances using unit-cost algorithm
Composite transition system with 354/480 vars: 5184 states, 568384 arcs 
Composite transition system with 354/480 vars: init h=4
Difference of init h values: 0
t=305.813s (after merging)
Composite transition system with 354/480 vars: not applying abstraction (same number of states)
Current peak memory increase of merge-and-shrink computation: 78848 KB

Next pair of indices: (354, 832)
Atomic transition system #354: 2 states, 6 arcs 
Atomic transition system #354: init h=0
Composite transition system with 354/480 vars: 5184 states, 568384 arcs 
Composite transition system with 354/480 vars: init h=4
t=305.996s (after computation of next merge)
Atomic transition system #354: current size: 2 (shrink threshold: 1)
Atomic transition system #354: applying abstraction (2 to 1 states)
Atomic transition system #354: simplification was not f-preserving!
Atomic transition system #354: computing init and goal distances using unit-cost algorithm
Atomic transition system #354: 1 states, 1 arcs 
Atomic transition system #354: init h=0
Composite transition system with 354/480 vars: current size: 5184 (shrink threshold: 1)
Composite transition system with 354/480 vars: not applying abstraction (same number of states)
t=306.081s (after shrinking)
Merging atomic transition system #354 and composite transition system with 354/480 vars
Composite transition system with 355/480 vars: computing init and goal distances using unit-cost algorithm
Composite transition system with 355/480 vars: 5184 states, 568384 arcs 
Composite transition system with 355/480 vars: init h=4
Difference of init h values: 0
t=306.103s (after merging)
Composite transition system with 355/480 vars: not applying abstraction (same number of states)
Current peak memory increase of merge-and-shrink computation: 78848 KB

Next pair of indices: (355, 833)
Atomic transition system #355: 2 states, 6 arcs 
Atomic transition system #355: init h=0
Composite transition system with 355/480 vars: 5184 states, 568384 arcs 
Composite transition system with 355/480 vars: init h=4
t=306.292s (after computation of next merge)
Atomic transition system #355: current size: 2 (shrink threshold: 1)
Atomic transition system #355: applying abstraction (2 to 1 states)
Atomic transition system #355: simplification was not f-preserving!
Atomic transition system #355: computing init and goal distances using unit-cost algorithm
Atomic transition system #355: 1 states, 1 arcs 
Atomic transition system #355: init h=0
Composite transition system with 355/480 vars: current size: 5184 (shrink threshold: 1)
Composite transition system with 355/480 vars: not applying abstraction (same number of states)
t=306.372s (after shrinking)
Merging atomic transition system #355 and composite transition system with 355/480 vars
Composite transition system with 356/480 vars: computing init and goal distances using unit-cost algorithm
Composite transition system with 356/480 vars: 5184 states, 568384 arcs 
Composite transition system with 356/480 vars: init h=4
Difference of init h values: 0
t=306.394s (after merging)
Composite transition system with 356/480 vars: not applying abstraction (same number of states)
Current peak memory increase of merge-and-shrink computation: 78848 KB

Next pair of indices: (356, 834)
Atomic transition system #356: 2 states, 6 arcs 
Atomic transition system #356: init h=0
Composite transition system with 356/480 vars: 5184 states, 568384 arcs 
Composite transition system with 356/480 vars: init h=4
t=306.568s (after computation of next merge)
Atomic transition system #356: current size: 2 (shrink threshold: 1)
Atomic transition system #356: applying abstraction (2 to 1 states)
Atomic transition system #356: simplification was not f-preserving!
Atomic transition system #356: computing init and goal distances using unit-cost algorithm
Atomic transition system #356: 1 states, 1 arcs 
Atomic transition system #356: init h=0
Composite transition system with 356/480 vars: current size: 5184 (shrink threshold: 1)
Composite transition system with 356/480 vars: not applying abstraction (same number of states)
t=306.642s (after shrinking)
Merging atomic transition system #356 and composite transition system with 356/480 vars
Composite transition system with 357/480 vars: computing init and goal distances using unit-cost algorithm
Composite transition system with 357/480 vars: 5184 states, 568384 arcs 
Composite transition system with 357/480 vars: init h=4
Difference of init h values: 0
t=306.664s (after merging)
Composite transition system with 357/480 vars: not applying abstraction (same number of states)
Current peak memory increase of merge-and-shrink computation: 78848 KB

Next pair of indices: (357, 835)
Atomic transition system #357: 2 states, 6 arcs 
Atomic transition system #357: init h=0
Composite transition system with 357/480 vars: 5184 states, 568384 arcs 
Composite transition system with 357/480 vars: init h=4
t=306.832s (after computation of next merge)
Atomic transition system #357: current size: 2 (shrink threshold: 1)
Atomic transition system #357: applying abstraction (2 to 1 states)
Atomic transition system #357: simplification was not f-preserving!
Atomic transition system #357: computing init and goal distances using unit-cost algorithm
Atomic transition system #357: 1 states, 1 arcs 
Atomic transition system #357: init h=0
Composite transition system with 357/480 vars: current size: 5184 (shrink threshold: 1)
Composite transition system with 357/480 vars: not applying abstraction (same number of states)
t=306.913s (after shrinking)
Merging atomic transition system #357 and composite transition system with 357/480 vars
Composite transition system with 358/480 vars: computing init and goal distances using unit-cost algorithm
Composite transition system with 358/480 vars: 5184 states, 568384 arcs 
Composite transition system with 358/480 vars: init h=4
Difference of init h values: 0
t=306.937s (after merging)
Composite transition system with 358/480 vars: not applying abstraction (same number of states)
Current peak memory increase of merge-and-shrink computation: 78848 KB

Next pair of indices: (358, 836)
Atomic transition system #358: 2 states, 6 arcs 
Atomic transition system #358: init h=0
Composite transition system with 358/480 vars: 5184 states, 568384 arcs 
Composite transition system with 358/480 vars: init h=4
t=307.112s (after computation of next merge)
Atomic transition system #358: current size: 2 (shrink threshold: 1)
Atomic transition system #358: applying abstraction (2 to 1 states)
Atomic transition system #358: simplification was not f-preserving!
Atomic transition system #358: computing init and goal distances using unit-cost algorithm
Atomic transition system #358: 1 states, 1 arcs 
Atomic transition system #358: init h=0
Composite transition system with 358/480 vars: current size: 5184 (shrink threshold: 1)
Composite transition system with 358/480 vars: not applying abstraction (same number of states)
t=307.19s (after shrinking)
Merging atomic transition system #358 and composite transition system with 358/480 vars
Composite transition system with 359/480 vars: computing init and goal distances using unit-cost algorithm
Composite transition system with 359/480 vars: 5184 states, 568384 arcs 
Composite transition system with 359/480 vars: init h=4
Difference of init h values: 0
t=307.213s (after merging)
Composite transition system with 359/480 vars: not applying abstraction (same number of states)
Current peak memory increase of merge-and-shrink computation: 78848 KB

Next pair of indices: (359, 837)
Atomic transition system #359: 2 states, 6 arcs 
Atomic transition system #359: init h=1
Composite transition system with 359/480 vars: 5184 states, 568384 arcs 
Composite transition system with 359/480 vars: init h=4
t=307.397s (after computation of next merge)
Atomic transition system #359: current size: 2 (shrink threshold: 1)
Atomic transition system #359: not applying abstraction (same number of states)
Composite transition system with 359/480 vars: current size: 5184 (shrink threshold: 1)
Composite transition system with 359/480 vars: not applying abstraction (same number of states)
Merging atomic transition system #359 and composite transition system with 359/480 vars
Composite transition system with 360/480 vars: computing init and goal distances using unit-cost algorithm
Composite transition system with 360/480 vars: 10368 states, 1729792 arcs 
Composite transition system with 360/480 vars: init h=4
Difference of init h values: 0
t=307.652s (after merging)
Composite transition system with 360/480 vars: not applying abstraction (same number of states)
Current peak memory increase of merge-and-shrink computation: 78848 KB

Next pair of indices: (360, 838)
Atomic transition system #360: 2 states, 6 arcs 
Atomic transition system #360: init h=0
Composite transition system with 360/480 vars: 10368 states, 1729792 arcs 
Composite transition system with 360/480 vars: init h=4
t=307.806s (after computation of next merge)
Atomic transition system #360: current size: 2 (shrink threshold: 1)
Atomic transition system #360: applying abstraction (2 to 1 states)
Atomic transition system #360: simplification was not f-preserving!
Atomic transition system #360: computing init and goal distances using unit-cost algorithm
Atomic transition system #360: 1 states, 1 arcs 
Atomic transition system #360: init h=0
Composite transition system with 360/480 vars: current size: 10368 (shrink threshold: 1)
Composite transition system with 360/480 vars: applying abstraction (10368 to 5984 states)
Composite transition system with 360/480 vars: simplification was not f-preserving!
Composite transition system with 360/480 vars: computing init and goal distances using unit-cost algorithm
Composite transition system with 360/480 vars: 5984 states, 719648 arcs 
Composite transition system with 360/480 vars: init h=4
t=308.19s (after shrinking)
Merging atomic transition system #360 and composite transition system with 360/480 vars
Composite transition system with 361/480 vars: computing init and goal distances using unit-cost algorithm
Composite transition system with 361/480 vars: 5984 states, 719648 arcs 
Composite transition system with 361/480 vars: init h=4
Difference of init h values: 0
t=308.221s (after merging)
Composite transition system with 361/480 vars: not applying abstraction (same number of states)
Current peak memory increase of merge-and-shrink computation: 78848 KB

Next pair of indices: (361, 839)
Atomic transition system #361: 2 states, 6 arcs 
Atomic transition system #361: init h=0
Composite transition system with 361/480 vars: 5984 states, 719648 arcs 
Composite transition system with 361/480 vars: init h=4
t=308.38s (after computation of next merge)
Atomic transition system #361: current size: 2 (shrink threshold: 1)
Atomic transition system #361: applying abstraction (2 to 1 states)
Atomic transition system #361: simplification was not f-preserving!
Atomic transition system #361: computing init and goal distances using unit-cost algorithm
Atomic transition system #361: 1 states, 1 arcs 
Atomic transition system #361: init h=0
Composite transition system with 361/480 vars: current size: 5984 (shrink threshold: 1)
Composite transition system with 361/480 vars: not applying abstraction (same number of states)
t=308.476s (after shrinking)
Merging atomic transition system #361 and composite transition system with 361/480 vars
Composite transition system with 362/480 vars: computing init and goal distances using unit-cost algorithm
Composite transition system with 362/480 vars: 5984 states, 719648 arcs 
Composite transition system with 362/480 vars: init h=4
Difference of init h values: 0
t=308.506s (after merging)
Composite transition system with 362/480 vars: not applying abstraction (same number of states)
Current peak memory increase of merge-and-shrink computation: 78848 KB

Next pair of indices: (362, 840)
Atomic transition system #362: 2 states, 6 arcs 
Atomic transition system #362: init h=0
Composite transition system with 362/480 vars: 5984 states, 719648 arcs 
Composite transition system with 362/480 vars: init h=4
t=308.655s (after computation of next merge)
Atomic transition system #362: current size: 2 (shrink threshold: 1)
Atomic transition system #362: applying abstraction (2 to 1 states)
Atomic transition system #362: simplification was not f-preserving!
Atomic transition system #362: computing init and goal distances using unit-cost algorithm
Atomic transition system #362: 1 states, 1 arcs 
Atomic transition system #362: init h=0
Composite transition system with 362/480 vars: current size: 5984 (shrink threshold: 1)
Composite transition system with 362/480 vars: not applying abstraction (same number of states)
t=308.782s (after shrinking)
Merging atomic transition system #362 and composite transition system with 362/480 vars
Composite transition system with 363/480 vars: computing init and goal distances using unit-cost algorithm
Composite transition system with 363/480 vars: 5984 states, 719648 arcs 
Composite transition system with 363/480 vars: init h=4
Difference of init h values: 0
t=308.815s (after merging)
Composite transition system with 363/480 vars: not applying abstraction (same number of states)
Current peak memory increase of merge-and-shrink computation: 78848 KB

Next pair of indices: (363, 841)
Atomic transition system #363: 2 states, 6 arcs 
Atomic transition system #363: init h=0
Composite transition system with 363/480 vars: 5984 states, 719648 arcs 
Composite transition system with 363/480 vars: init h=4
t=308.974s (after computation of next merge)
Atomic transition system #363: current size: 2 (shrink threshold: 1)
Atomic transition system #363: applying abstraction (2 to 1 states)
Atomic transition system #363: simplification was not f-preserving!
Atomic transition system #363: computing init and goal distances using unit-cost algorithm
Atomic transition system #363: 1 states, 1 arcs 
Atomic transition system #363: init h=0
Composite transition system with 363/480 vars: current size: 5984 (shrink threshold: 1)
Composite transition system with 363/480 vars: not applying abstraction (same number of states)
t=309.081s (after shrinking)
Merging atomic transition system #363 and composite transition system with 363/480 vars
Composite transition system with 364/480 vars: computing init and goal distances using unit-cost algorithm
Composite transition system with 364/480 vars: 5984 states, 719648 arcs 
Composite transition system with 364/480 vars: init h=4
Difference of init h values: 0
t=309.112s (after merging)
Composite transition system with 364/480 vars: not applying abstraction (same number of states)
Current peak memory increase of merge-and-shrink computation: 78848 KB

Next pair of indices: (364, 842)
Atomic transition system #364: 2 states, 6 arcs 
Atomic transition system #364: init h=0
Composite transition system with 364/480 vars: 5984 states, 719648 arcs 
Composite transition system with 364/480 vars: init h=4
t=309.262s (after computation of next merge)
Atomic transition system #364: current size: 2 (shrink threshold: 1)
Atomic transition system #364: applying abstraction (2 to 1 states)
Atomic transition system #364: simplification was not f-preserving!
Atomic transition system #364: computing init and goal distances using unit-cost algorithm
Atomic transition system #364: 1 states, 1 arcs 
Atomic transition system #364: init h=0
Composite transition system with 364/480 vars: current size: 5984 (shrink threshold: 1)
Composite transition system with 364/480 vars: not applying abstraction (same number of states)
t=309.356s (after shrinking)
Merging atomic transition system #364 and composite transition system with 364/480 vars
Composite transition system with 365/480 vars: computing init and goal distances using unit-cost algorithm
Composite transition system with 365/480 vars: 5984 states, 719648 arcs 
Composite transition system with 365/480 vars: init h=4
Difference of init h values: 0
t=309.385s (after merging)
Composite transition system with 365/480 vars: not applying abstraction (same number of states)
Current peak memory increase of merge-and-shrink computation: 78848 KB

Next pair of indices: (365, 843)
Atomic transition system #365: 2 states, 6 arcs 
Atomic transition system #365: init h=0
Composite transition system with 365/480 vars: 5984 states, 719648 arcs 
Composite transition system with 365/480 vars: init h=4
t=309.526s (after computation of next merge)
Atomic transition system #365: current size: 2 (shrink threshold: 1)
Atomic transition system #365: applying abstraction (2 to 1 states)
Atomic transition system #365: simplification was not f-preserving!
Atomic transition system #365: computing init and goal distances using unit-cost algorithm
Atomic transition system #365: 1 states, 1 arcs 
Atomic transition system #365: init h=0
Composite transition system with 365/480 vars: current size: 5984 (shrink threshold: 1)
Composite transition system with 365/480 vars: not applying abstraction (same number of states)
t=309.623s (after shrinking)
Merging atomic transition system #365 and composite transition system with 365/480 vars
Composite transition system with 366/480 vars: computing init and goal distances using unit-cost algorithm
Composite transition system with 366/480 vars: 5984 states, 719648 arcs 
Composite transition system with 366/480 vars: init h=4
Difference of init h values: 0
t=309.656s (after merging)
Composite transition system with 366/480 vars: not applying abstraction (same number of states)
Current peak memory increase of merge-and-shrink computation: 78848 KB

Next pair of indices: (366, 844)
Atomic transition system #366: 2 states, 6 arcs 
Atomic transition system #366: init h=0
Composite transition system with 366/480 vars: 5984 states, 719648 arcs 
Composite transition system with 366/480 vars: init h=4
t=309.799s (after computation of next merge)
Atomic transition system #366: current size: 2 (shrink threshold: 1)
Atomic transition system #366: applying abstraction (2 to 1 states)
Atomic transition system #366: simplification was not f-preserving!
Atomic transition system #366: computing init and goal distances using unit-cost algorithm
Atomic transition system #366: 1 states, 1 arcs 
Atomic transition system #366: init h=0
Composite transition system with 366/480 vars: current size: 5984 (shrink threshold: 1)
Composite transition system with 366/480 vars: not applying abstraction (same number of states)
t=309.901s (after shrinking)
Merging atomic transition system #366 and composite transition system with 366/480 vars
Composite transition system with 367/480 vars: computing init and goal distances using unit-cost algorithm
Composite transition system with 367/480 vars: 5984 states, 719648 arcs 
Composite transition system with 367/480 vars: init h=4
Difference of init h values: 0
t=309.934s (after merging)
Composite transition system with 367/480 vars: not applying abstraction (same number of states)
Current peak memory increase of merge-and-shrink computation: 78848 KB

Next pair of indices: (367, 845)
Atomic transition system #367: 2 states, 6 arcs 
Atomic transition system #367: init h=0
Composite transition system with 367/480 vars: 5984 states, 719648 arcs 
Composite transition system with 367/480 vars: init h=4
t=310.069s (after computation of next merge)
Atomic transition system #367: current size: 2 (shrink threshold: 1)
Atomic transition system #367: applying abstraction (2 to 1 states)
Atomic transition system #367: simplification was not f-preserving!
Atomic transition system #367: computing init and goal distances using unit-cost algorithm
Atomic transition system #367: 1 states, 1 arcs 
Atomic transition system #367: init h=0
Composite transition system with 367/480 vars: current size: 5984 (shrink threshold: 1)
Composite transition system with 367/480 vars: not applying abstraction (same number of states)
t=310.163s (after shrinking)
Merging atomic transition system #367 and composite transition system with 367/480 vars
Composite transition system with 368/480 vars: computing init and goal distances using unit-cost algorithm
Composite transition system with 368/480 vars: 5984 states, 719648 arcs 
Composite transition system with 368/480 vars: init h=4
Difference of init h values: 0
t=310.192s (after merging)
Composite transition system with 368/480 vars: not applying abstraction (same number of states)
Current peak memory increase of merge-and-shrink computation: 78848 KB

Next pair of indices: (368, 846)
Atomic transition system #368: 2 states, 6 arcs 
Atomic transition system #368: init h=0
Composite transition system with 368/480 vars: 5984 states, 719648 arcs 
Composite transition system with 368/480 vars: init h=4
t=310.327s (after computation of next merge)
Atomic transition system #368: current size: 2 (shrink threshold: 1)
Atomic transition system #368: applying abstraction (2 to 1 states)
Atomic transition system #368: simplification was not f-preserving!
Atomic transition system #368: computing init and goal distances using unit-cost algorithm
Atomic transition system #368: 1 states, 1 arcs 
Atomic transition system #368: init h=0
Composite transition system with 368/480 vars: current size: 5984 (shrink threshold: 1)
Composite transition system with 368/480 vars: not applying abstraction (same number of states)
t=310.423s (after shrinking)
Merging atomic transition system #368 and composite transition system with 368/480 vars
Composite transition system with 369/480 vars: computing init and goal distances using unit-cost algorithm
Composite transition system with 369/480 vars: 5984 states, 719648 arcs 
Composite transition system with 369/480 vars: init h=4
Difference of init h values: 0
t=310.452s (after merging)
Composite transition system with 369/480 vars: not applying abstraction (same number of states)
Current peak memory increase of merge-and-shrink computation: 78848 KB

Next pair of indices: (369, 847)
Atomic transition system #369: 2 states, 6 arcs 
Atomic transition system #369: init h=0
Composite transition system with 369/480 vars: 5984 states, 719648 arcs 
Composite transition system with 369/480 vars: init h=4
t=310.592s (after computation of next merge)
Atomic transition system #369: current size: 2 (shrink threshold: 1)
Atomic transition system #369: applying abstraction (2 to 1 states)
Atomic transition system #369: simplification was not f-preserving!
Atomic transition system #369: computing init and goal distances using unit-cost algorithm
Atomic transition system #369: 1 states, 1 arcs 
Atomic transition system #369: init h=0
Composite transition system with 369/480 vars: current size: 5984 (shrink threshold: 1)
Composite transition system with 369/480 vars: not applying abstraction (same number of states)
t=310.686s (after shrinking)
Merging atomic transition system #369 and composite transition system with 369/480 vars
Composite transition system with 370/480 vars: computing init and goal distances using unit-cost algorithm
Composite transition system with 370/480 vars: 5984 states, 719648 arcs 
Composite transition system with 370/480 vars: init h=4
Difference of init h values: 0
t=310.716s (after merging)
Composite transition system with 370/480 vars: not applying abstraction (same number of states)
Current peak memory increase of merge-and-shrink computation: 78848 KB

Next pair of indices: (370, 848)
Atomic transition system #370: 2 states, 6 arcs 
Atomic transition system #370: init h=0
Composite transition system with 370/480 vars: 5984 states, 719648 arcs 
Composite transition system with 370/480 vars: init h=4
t=310.853s (after computation of next merge)
Atomic transition system #370: current size: 2 (shrink threshold: 1)
Atomic transition system #370: applying abstraction (2 to 1 states)
Atomic transition system #370: simplification was not f-preserving!
Atomic transition system #370: computing init and goal distances using unit-cost algorithm
Atomic transition system #370: 1 states, 1 arcs 
Atomic transition system #370: init h=0
Composite transition system with 370/480 vars: current size: 5984 (shrink threshold: 1)
Composite transition system with 370/480 vars: not applying abstraction (same number of states)
t=310.946s (after shrinking)
Merging atomic transition system #370 and composite transition system with 370/480 vars
Composite transition system with 371/480 vars: computing init and goal distances using unit-cost algorithm
Composite transition system with 371/480 vars: 5984 states, 719648 arcs 
Composite transition system with 371/480 vars: init h=4
Difference of init h values: 0
t=310.977s (after merging)
Composite transition system with 371/480 vars: not applying abstraction (same number of states)
Current peak memory increase of merge-and-shrink computation: 78848 KB

Next pair of indices: (371, 849)
Atomic transition system #371: 2 states, 6 arcs 
Atomic transition system #371: init h=0
Composite transition system with 371/480 vars: 5984 states, 719648 arcs 
Composite transition system with 371/480 vars: init h=4
t=311.109s (after computation of next merge)
Atomic transition system #371: current size: 2 (shrink threshold: 1)
Atomic transition system #371: applying abstraction (2 to 1 states)
Atomic transition system #371: simplification was not f-preserving!
Atomic transition system #371: computing init and goal distances using unit-cost algorithm
Atomic transition system #371: 1 states, 1 arcs 
Atomic transition system #371: init h=0
Composite transition system with 371/480 vars: current size: 5984 (shrink threshold: 1)
Composite transition system with 371/480 vars: not applying abstraction (same number of states)
t=311.201s (after shrinking)
Merging atomic transition system #371 and composite transition system with 371/480 vars
Composite transition system with 372/480 vars: computing init and goal distances using unit-cost algorithm
Composite transition system with 372/480 vars: 5984 states, 719648 arcs 
Composite transition system with 372/480 vars: init h=4
Difference of init h values: 0
t=311.23s (after merging)
Composite transition system with 372/480 vars: not applying abstraction (same number of states)
Current peak memory increase of merge-and-shrink computation: 78848 KB

Next pair of indices: (372, 850)
Atomic transition system #372: 2 states, 6 arcs 
Atomic transition system #372: init h=0
Composite transition system with 372/480 vars: 5984 states, 719648 arcs 
Composite transition system with 372/480 vars: init h=4
t=311.366s (after computation of next merge)
Atomic transition system #372: current size: 2 (shrink threshold: 1)
Atomic transition system #372: applying abstraction (2 to 1 states)
Atomic transition system #372: simplification was not f-preserving!
Atomic transition system #372: computing init and goal distances using unit-cost algorithm
Atomic transition system #372: 1 states, 1 arcs 
Atomic transition system #372: init h=0
Composite transition system with 372/480 vars: current size: 5984 (shrink threshold: 1)
Composite transition system with 372/480 vars: not applying abstraction (same number of states)
t=311.463s (after shrinking)
Merging atomic transition system #372 and composite transition system with 372/480 vars
Composite transition system with 373/480 vars: computing init and goal distances using unit-cost algorithm
Composite transition system with 373/480 vars: 5984 states, 719648 arcs 
Composite transition system with 373/480 vars: init h=4
Difference of init h values: 0
t=311.497s (after merging)
Composite transition system with 373/480 vars: not applying abstraction (same number of states)
Current peak memory increase of merge-and-shrink computation: 78848 KB

Next pair of indices: (373, 851)
Atomic transition system #373: 2 states, 6 arcs 
Atomic transition system #373: init h=0
Composite transition system with 373/480 vars: 5984 states, 719648 arcs 
Composite transition system with 373/480 vars: init h=4
t=311.628s (after computation of next merge)
Atomic transition system #373: current size: 2 (shrink threshold: 1)
Atomic transition system #373: applying abstraction (2 to 1 states)
Atomic transition system #373: simplification was not f-preserving!
Atomic transition system #373: computing init and goal distances using unit-cost algorithm
Atomic transition system #373: 1 states, 1 arcs 
Atomic transition system #373: init h=0
Composite transition system with 373/480 vars: current size: 5984 (shrink threshold: 1)
Composite transition system with 373/480 vars: not applying abstraction (same number of states)
t=311.728s (after shrinking)
Merging atomic transition system #373 and composite transition system with 373/480 vars
Composite transition system with 374/480 vars: computing init and goal distances using unit-cost algorithm
Composite transition system with 374/480 vars: 5984 states, 719648 arcs 
Composite transition system with 374/480 vars: init h=4
Difference of init h values: 0
t=311.758s (after merging)
Composite transition system with 374/480 vars: not applying abstraction (same number of states)
Current peak memory increase of merge-and-shrink computation: 78848 KB

Next pair of indices: (374, 852)
Atomic transition system #374: 2 states, 6 arcs 
Atomic transition system #374: init h=0
Composite transition system with 374/480 vars: 5984 states, 719648 arcs 
Composite transition system with 374/480 vars: init h=4
t=311.891s (after computation of next merge)
Atomic transition system #374: current size: 2 (shrink threshold: 1)
Atomic transition system #374: applying abstraction (2 to 1 states)
Atomic transition system #374: simplification was not f-preserving!
Atomic transition system #374: computing init and goal distances using unit-cost algorithm
Atomic transition system #374: 1 states, 1 arcs 
Atomic transition system #374: init h=0
Composite transition system with 374/480 vars: current size: 5984 (shrink threshold: 1)
Composite transition system with 374/480 vars: not applying abstraction (same number of states)
t=311.984s (after shrinking)
Merging atomic transition system #374 and composite transition system with 374/480 vars
Composite transition system with 375/480 vars: computing init and goal distances using unit-cost algorithm
Composite transition system with 375/480 vars: 5984 states, 719648 arcs 
Composite transition system with 375/480 vars: init h=4
Difference of init h values: 0
t=312.014s (after merging)
Composite transition system with 375/480 vars: not applying abstraction (same number of states)
Current peak memory increase of merge-and-shrink computation: 78848 KB

Next pair of indices: (375, 853)
Atomic transition system #375: 2 states, 6 arcs 
Atomic transition system #375: init h=0
Composite transition system with 375/480 vars: 5984 states, 719648 arcs 
Composite transition system with 375/480 vars: init h=4
t=312.145s (after computation of next merge)
Atomic transition system #375: current size: 2 (shrink threshold: 1)
Atomic transition system #375: applying abstraction (2 to 1 states)
Atomic transition system #375: simplification was not f-preserving!
Atomic transition system #375: computing init and goal distances using unit-cost algorithm
Atomic transition system #375: 1 states, 1 arcs 
Atomic transition system #375: init h=0
Composite transition system with 375/480 vars: current size: 5984 (shrink threshold: 1)
Composite transition system with 375/480 vars: not applying abstraction (same number of states)
t=312.244s (after shrinking)
Merging atomic transition system #375 and composite transition system with 375/480 vars
Composite transition system with 376/480 vars: computing init and goal distances using unit-cost algorithm
Composite transition system with 376/480 vars: 5984 states, 719648 arcs 
Composite transition system with 376/480 vars: init h=4
Difference of init h values: 0
t=312.274s (after merging)
Composite transition system with 376/480 vars: not applying abstraction (same number of states)
Current peak memory increase of merge-and-shrink computation: 78848 KB

Next pair of indices: (376, 854)
Atomic transition system #376: 2 states, 6 arcs 
Atomic transition system #376: init h=0
Composite transition system with 376/480 vars: 5984 states, 719648 arcs 
Composite transition system with 376/480 vars: init h=4
t=312.396s (after computation of next merge)
Atomic transition system #376: current size: 2 (shrink threshold: 1)
Atomic transition system #376: applying abstraction (2 to 1 states)
Atomic transition system #376: simplification was not f-preserving!
Atomic transition system #376: computing init and goal distances using unit-cost algorithm
Atomic transition system #376: 1 states, 1 arcs 
Atomic transition system #376: init h=0
Composite transition system with 376/480 vars: current size: 5984 (shrink threshold: 1)
Composite transition system with 376/480 vars: not applying abstraction (same number of states)
t=312.495s (after shrinking)
Merging atomic transition system #376 and composite transition system with 376/480 vars
Composite transition system with 377/480 vars: computing init and goal distances using unit-cost algorithm
Composite transition system with 377/480 vars: 5984 states, 719648 arcs 
Composite transition system with 377/480 vars: init h=4
Difference of init h values: 0
t=312.528s (after merging)
Composite transition system with 377/480 vars: not applying abstraction (same number of states)
Current peak memory increase of merge-and-shrink computation: 78848 KB

Next pair of indices: (377, 855)
Atomic transition system #377: 2 states, 6 arcs 
Atomic transition system #377: init h=0
Composite transition system with 377/480 vars: 5984 states, 719648 arcs 
Composite transition system with 377/480 vars: init h=4
t=312.65s (after computation of next merge)
Atomic transition system #377: current size: 2 (shrink threshold: 1)
Atomic transition system #377: applying abstraction (2 to 1 states)
Atomic transition system #377: simplification was not f-preserving!
Atomic transition system #377: computing init and goal distances using unit-cost algorithm
Atomic transition system #377: 1 states, 1 arcs 
Atomic transition system #377: init h=0
Composite transition system with 377/480 vars: current size: 5984 (shrink threshold: 1)
Composite transition system with 377/480 vars: not applying abstraction (same number of states)
t=312.742s (after shrinking)
Merging atomic transition system #377 and composite transition system with 377/480 vars
Composite transition system with 378/480 vars: computing init and goal distances using unit-cost algorithm
Composite transition system with 378/480 vars: 5984 states, 719648 arcs 
Composite transition system with 378/480 vars: init h=4
Difference of init h values: 0
t=312.774s (after merging)
Composite transition system with 378/480 vars: not applying abstraction (same number of states)
Current peak memory increase of merge-and-shrink computation: 78848 KB

Next pair of indices: (378, 856)
Atomic transition system #378: 2 states, 6 arcs 
Atomic transition system #378: init h=0
Composite transition system with 378/480 vars: 5984 states, 719648 arcs 
Composite transition system with 378/480 vars: init h=4
t=312.899s (after computation of next merge)
Atomic transition system #378: current size: 2 (shrink threshold: 1)
Atomic transition system #378: applying abstraction (2 to 1 states)
Atomic transition system #378: simplification was not f-preserving!
Atomic transition system #378: computing init and goal distances using unit-cost algorithm
Atomic transition system #378: 1 states, 1 arcs 
Atomic transition system #378: init h=0
Composite transition system with 378/480 vars: current size: 5984 (shrink threshold: 1)
Composite transition system with 378/480 vars: not applying abstraction (same number of states)
t=312.997s (after shrinking)
Merging atomic transition system #378 and composite transition system with 378/480 vars
Composite transition system with 379/480 vars: computing init and goal distances using unit-cost algorithm
Composite transition system with 379/480 vars: 5984 states, 719648 arcs 
Composite transition system with 379/480 vars: init h=4
Difference of init h values: 0
t=313.027s (after merging)
Composite transition system with 379/480 vars: not applying abstraction (same number of states)
Current peak memory increase of merge-and-shrink computation: 78848 KB

Next pair of indices: (379, 857)
Atomic transition system #379: 2 states, 6 arcs 
Atomic transition system #379: init h=0
Composite transition system with 379/480 vars: 5984 states, 719648 arcs 
Composite transition system with 379/480 vars: init h=4
t=313.147s (after computation of next merge)
Atomic transition system #379: current size: 2 (shrink threshold: 1)
Atomic transition system #379: applying abstraction (2 to 1 states)
Atomic transition system #379: simplification was not f-preserving!
Atomic transition system #379: computing init and goal distances using unit-cost algorithm
Atomic transition system #379: 1 states, 1 arcs 
Atomic transition system #379: init h=0
Composite transition system with 379/480 vars: current size: 5984 (shrink threshold: 1)
Composite transition system with 379/480 vars: not applying abstraction (same number of states)
t=313.247s (after shrinking)
Merging atomic transition system #379 and composite transition system with 379/480 vars
Composite transition system with 380/480 vars: computing init and goal distances using unit-cost algorithm
Composite transition system with 380/480 vars: 5984 states, 719648 arcs 
Composite transition system with 380/480 vars: init h=4
Difference of init h values: 0
t=313.275s (after merging)
Composite transition system with 380/480 vars: not applying abstraction (same number of states)
Current peak memory increase of merge-and-shrink computation: 78848 KB

Next pair of indices: (380, 858)
Atomic transition system #380: 2 states, 6 arcs 
Atomic transition system #380: init h=0
Composite transition system with 380/480 vars: 5984 states, 719648 arcs 
Composite transition system with 380/480 vars: init h=4
t=313.389s (after computation of next merge)
Atomic transition system #380: current size: 2 (shrink threshold: 1)
Atomic transition system #380: applying abstraction (2 to 1 states)
Atomic transition system #380: simplification was not f-preserving!
Atomic transition system #380: computing init and goal distances using unit-cost algorithm
Atomic transition system #380: 1 states, 1 arcs 
Atomic transition system #380: init h=0
Composite transition system with 380/480 vars: current size: 5984 (shrink threshold: 1)
Composite transition system with 380/480 vars: not applying abstraction (same number of states)
t=313.478s (after shrinking)
Merging atomic transition system #380 and composite transition system with 380/480 vars
Composite transition system with 381/480 vars: computing init and goal distances using unit-cost algorithm
Composite transition system with 381/480 vars: 5984 states, 719648 arcs 
Composite transition system with 381/480 vars: init h=4
Difference of init h values: 0
t=313.506s (after merging)
Composite transition system with 381/480 vars: not applying abstraction (same number of states)
Current peak memory increase of merge-and-shrink computation: 78848 KB

Next pair of indices: (381, 859)
Atomic transition system #381: 2 states, 6 arcs 
Atomic transition system #381: init h=0
Composite transition system with 381/480 vars: 5984 states, 719648 arcs 
Composite transition system with 381/480 vars: init h=4
t=313.615s (after computation of next merge)
Atomic transition system #381: current size: 2 (shrink threshold: 1)
Atomic transition system #381: applying abstraction (2 to 1 states)
Atomic transition system #381: simplification was not f-preserving!
Atomic transition system #381: computing init and goal distances using unit-cost algorithm
Atomic transition system #381: 1 states, 1 arcs 
Atomic transition system #381: init h=0
Composite transition system with 381/480 vars: current size: 5984 (shrink threshold: 1)
Composite transition system with 381/480 vars: not applying abstraction (same number of states)
t=313.706s (after shrinking)
Merging atomic transition system #381 and composite transition system with 381/480 vars
Composite transition system with 382/480 vars: computing init and goal distances using unit-cost algorithm
Composite transition system with 382/480 vars: 5984 states, 719648 arcs 
Composite transition system with 382/480 vars: init h=4
Difference of init h values: 0
t=313.734s (after merging)
Composite transition system with 382/480 vars: not applying abstraction (same number of states)
Current peak memory increase of merge-and-shrink computation: 78848 KB

Next pair of indices: (382, 860)
Atomic transition system #382: 2 states, 6 arcs 
Atomic transition system #382: init h=0
Composite transition system with 382/480 vars: 5984 states, 719648 arcs 
Composite transition system with 382/480 vars: init h=4
t=313.847s (after computation of next merge)
Atomic transition system #382: current size: 2 (shrink threshold: 1)
Atomic transition system #382: applying abstraction (2 to 1 states)
Atomic transition system #382: simplification was not f-preserving!
Atomic transition system #382: computing init and goal distances using unit-cost algorithm
Atomic transition system #382: 1 states, 1 arcs 
Atomic transition system #382: init h=0
Composite transition system with 382/480 vars: current size: 5984 (shrink threshold: 1)
Composite transition system with 382/480 vars: not applying abstraction (same number of states)
t=313.937s (after shrinking)
Merging atomic transition system #382 and composite transition system with 382/480 vars
Composite transition system with 383/480 vars: computing init and goal distances using unit-cost algorithm
Composite transition system with 383/480 vars: 5984 states, 719648 arcs 
Composite transition system with 383/480 vars: init h=4
Difference of init h values: 0
t=313.965s (after merging)
Composite transition system with 383/480 vars: not applying abstraction (same number of states)
Current peak memory increase of merge-and-shrink computation: 78848 KB

Next pair of indices: (383, 861)
Atomic transition system #383: 2 states, 6 arcs 
Atomic transition system #383: init h=1
Composite transition system with 383/480 vars: 5984 states, 719648 arcs 
Composite transition system with 383/480 vars: init h=4
t=314.083s (after computation of next merge)
Atomic transition system #383: current size: 2 (shrink threshold: 1)
Atomic transition system #383: not applying abstraction (same number of states)
Composite transition system with 383/480 vars: current size: 5984 (shrink threshold: 1)
Composite transition system with 383/480 vars: not applying abstraction (same number of states)
Merging atomic transition system #383 and composite transition system with 383/480 vars
Composite transition system with 384/480 vars: computing init and goal distances using unit-cost algorithm
Composite transition system with 384/480 vars: 11968 states, 2174848 arcs 
Composite transition system with 384/480 vars: init h=4
Difference of init h values: 0
t=314.374s (after merging)
Composite transition system with 384/480 vars: not applying abstraction (same number of states)
Current peak memory increase of merge-and-shrink computation: 78848 KB

Next pair of indices: (384, 862)
Atomic transition system #384: 2 states, 6 arcs 
Atomic transition system #384: init h=0
Composite transition system with 384/480 vars: 11968 states, 2174848 arcs 
Composite transition system with 384/480 vars: init h=4
t=314.467s (after computation of next merge)
Atomic transition system #384: current size: 2 (shrink threshold: 1)
Atomic transition system #384: applying abstraction (2 to 1 states)
Atomic transition system #384: simplification was not f-preserving!
Atomic transition system #384: computing init and goal distances using unit-cost algorithm
Atomic transition system #384: 1 states, 1 arcs 
Atomic transition system #384: init h=0
Composite transition system with 384/480 vars: current size: 11968 (shrink threshold: 1)
Composite transition system with 384/480 vars: applying abstraction (11968 to 6928 states)
Composite transition system with 384/480 vars: simplification was not f-preserving!
Composite transition system with 384/480 vars: computing init and goal distances using unit-cost algorithm
Composite transition system with 384/480 vars: 6928 states, 915888 arcs 
Composite transition system with 384/480 vars: init h=4
t=314.894s (after shrinking)
Merging atomic transition system #384 and composite transition system with 384/480 vars
Composite transition system with 385/480 vars: computing init and goal distances using unit-cost algorithm
Composite transition system with 385/480 vars: 6928 states, 915888 arcs 
Composite transition system with 385/480 vars: init h=4
Difference of init h values: 0
t=314.93s (after merging)
Composite transition system with 385/480 vars: not applying abstraction (same number of states)
Current peak memory increase of merge-and-shrink computation: 78848 KB

Next pair of indices: (385, 863)
Atomic transition system #385: 2 states, 6 arcs 
Atomic transition system #385: init h=0
Composite transition system with 385/480 vars: 6928 states, 915888 arcs 
Composite transition system with 385/480 vars: init h=4
t=315.022s (after computation of next merge)
Atomic transition system #385: current size: 2 (shrink threshold: 1)
Atomic transition system #385: applying abstraction (2 to 1 states)
Atomic transition system #385: simplification was not f-preserving!
Atomic transition system #385: computing init and goal distances using unit-cost algorithm
Atomic transition system #385: 1 states, 1 arcs 
Atomic transition system #385: init h=0
Composite transition system with 385/480 vars: current size: 6928 (shrink threshold: 1)
Composite transition system with 385/480 vars: not applying abstraction (same number of states)
t=315.138s (after shrinking)
Merging atomic transition system #385 and composite transition system with 385/480 vars
Composite transition system with 386/480 vars: computing init and goal distances using unit-cost algorithm
Composite transition system with 386/480 vars: 6928 states, 915888 arcs 
Composite transition system with 386/480 vars: init h=4
Difference of init h values: 0
t=315.174s (after merging)
Composite transition system with 386/480 vars: not applying abstraction (same number of states)
Current peak memory increase of merge-and-shrink computation: 78848 KB

Next pair of indices: (386, 864)
Atomic transition system #386: 2 states, 6 arcs 
Atomic transition system #386: init h=0
Composite transition system with 386/480 vars: 6928 states, 915888 arcs 
Composite transition system with 386/480 vars: init h=4
t=315.266s (after computation of next merge)
Atomic transition system #386: current size: 2 (shrink threshold: 1)
Atomic transition system #386: applying abstraction (2 to 1 states)
Atomic transition system #386: simplification was not f-preserving!
Atomic transition system #386: computing init and goal distances using unit-cost algorithm
Atomic transition system #386: 1 states, 1 arcs 
Atomic transition system #386: init h=0
Composite transition system with 386/480 vars: current size: 6928 (shrink threshold: 1)
Composite transition system with 386/480 vars: not applying abstraction (same number of states)
t=315.39s (after shrinking)
Merging atomic transition system #386 and composite transition system with 386/480 vars
Composite transition system with 387/480 vars: computing init and goal distances using unit-cost algorithm
Composite transition system with 387/480 vars: 6928 states, 915888 arcs 
Composite transition system with 387/480 vars: init h=4
Difference of init h values: 0
t=315.43s (after merging)
Composite transition system with 387/480 vars: not applying abstraction (same number of states)
Current peak memory increase of merge-and-shrink computation: 78848 KB

Next pair of indices: (387, 865)
Atomic transition system #387: 2 states, 6 arcs 
Atomic transition system #387: init h=0
Composite transition system with 387/480 vars: 6928 states, 915888 arcs 
Composite transition system with 387/480 vars: init h=4
t=315.522s (after computation of next merge)
Atomic transition system #387: current size: 2 (shrink threshold: 1)
Atomic transition system #387: applying abstraction (2 to 1 states)
Atomic transition system #387: simplification was not f-preserving!
Atomic transition system #387: computing init and goal distances using unit-cost algorithm
Atomic transition system #387: 1 states, 1 arcs 
Atomic transition system #387: init h=0
Composite transition system with 387/480 vars: current size: 6928 (shrink threshold: 1)
Composite transition system with 387/480 vars: not applying abstraction (same number of states)
t=315.646s (after shrinking)
Merging atomic transition system #387 and composite transition system with 387/480 vars
Composite transition system with 388/480 vars: computing init and goal distances using unit-cost algorithm
Composite transition system with 388/480 vars: 6928 states, 915888 arcs 
Composite transition system with 388/480 vars: init h=4
Difference of init h values: 0
t=315.686s (after merging)
Composite transition system with 388/480 vars: not applying abstraction (same number of states)
Current peak memory increase of merge-and-shrink computation: 78848 KB

Next pair of indices: (388, 866)
Atomic transition system #388: 2 states, 6 arcs 
Atomic transition system #388: init h=0
Composite transition system with 388/480 vars: 6928 states, 915888 arcs 
Composite transition system with 388/480 vars: init h=4
t=315.778s (after computation of next merge)
Atomic transition system #388: current size: 2 (shrink threshold: 1)
Atomic transition system #388: applying abstraction (2 to 1 states)
Atomic transition system #388: simplification was not f-preserving!
Atomic transition system #388: computing init and goal distances using unit-cost algorithm
Atomic transition system #388: 1 states, 1 arcs 
Atomic transition system #388: init h=0
Composite transition system with 388/480 vars: current size: 6928 (shrink threshold: 1)
Composite transition system with 388/480 vars: not applying abstraction (same number of states)
t=315.902s (after shrinking)
Merging atomic transition system #388 and composite transition system with 388/480 vars
Composite transition system with 389/480 vars: computing init and goal distances using unit-cost algorithm
Composite transition system with 389/480 vars: 6928 states, 915888 arcs 
Composite transition system with 389/480 vars: init h=4
Difference of init h values: 0
t=315.946s (after merging)
Composite transition system with 389/480 vars: not applying abstraction (same number of states)
Current peak memory increase of merge-and-shrink computation: 78848 KB

Next pair of indices: (389, 867)
Atomic transition system #389: 2 states, 6 arcs 
Atomic transition system #389: init h=0
Composite transition system with 389/480 vars: 6928 states, 915888 arcs 
Composite transition system with 389/480 vars: init h=4
t=316.03s (after computation of next merge)
Atomic transition system #389: current size: 2 (shrink threshold: 1)
Atomic transition system #389: applying abstraction (2 to 1 states)
Atomic transition system #389: simplification was not f-preserving!
Atomic transition system #389: computing init and goal distances using unit-cost algorithm
Atomic transition system #389: 1 states, 1 arcs 
Atomic transition system #389: init h=0
Composite transition system with 389/480 vars: current size: 6928 (shrink threshold: 1)
Composite transition system with 389/480 vars: not applying abstraction (same number of states)
t=316.158s (after shrinking)
Merging atomic transition system #389 and composite transition system with 389/480 vars
Composite transition system with 390/480 vars: computing init and goal distances using unit-cost algorithm
Composite transition system with 390/480 vars: 6928 states, 915888 arcs 
Composite transition system with 390/480 vars: init h=4
Difference of init h values: 0
t=316.198s (after merging)
Composite transition system with 390/480 vars: not applying abstraction (same number of states)
Current peak memory increase of merge-and-shrink computation: 78848 KB

Next pair of indices: (390, 868)
Atomic transition system #390: 2 states, 6 arcs 
Atomic transition system #390: init h=0
Composite transition system with 390/480 vars: 6928 states, 915888 arcs 
Composite transition system with 390/480 vars: init h=4
t=316.29s (after computation of next merge)
Atomic transition system #390: current size: 2 (shrink threshold: 1)
Atomic transition system #390: applying abstraction (2 to 1 states)
Atomic transition system #390: simplification was not f-preserving!
Atomic transition system #390: computing init and goal distances using unit-cost algorithm
Atomic transition system #390: 1 states, 1 arcs 
Atomic transition system #390: init h=0
Composite transition system with 390/480 vars: current size: 6928 (shrink threshold: 1)
Composite transition system with 390/480 vars: not applying abstraction (same number of states)
t=316.415s (after shrinking)
Merging atomic transition system #390 and composite transition system with 390/480 vars
Composite transition system with 391/480 vars: computing init and goal distances using unit-cost algorithm
Composite transition system with 391/480 vars: 6928 states, 915888 arcs 
Composite transition system with 391/480 vars: init h=4
Difference of init h values: 0
t=316.454s (after merging)
Composite transition system with 391/480 vars: not applying abstraction (same number of states)
Current peak memory increase of merge-and-shrink computation: 78848 KB

Next pair of indices: (391, 869)
Atomic transition system #391: 2 states, 6 arcs 
Atomic transition system #391: init h=0
Composite transition system with 391/480 vars: 6928 states, 915888 arcs 
Composite transition system with 391/480 vars: init h=4
t=316.538s (after computation of next merge)
Atomic transition system #391: current size: 2 (shrink threshold: 1)
Atomic transition system #391: applying abstraction (2 to 1 states)
Atomic transition system #391: simplification was not f-preserving!
Atomic transition system #391: computing init and goal distances using unit-cost algorithm
Atomic transition system #391: 1 states, 1 arcs 
Atomic transition system #391: init h=0
Composite transition system with 391/480 vars: current size: 6928 (shrink threshold: 1)
Composite transition system with 391/480 vars: not applying abstraction (same number of states)
t=316.658s (after shrinking)
Merging atomic transition system #391 and composite transition system with 391/480 vars
Composite transition system with 392/480 vars: computing init and goal distances using unit-cost algorithm
Composite transition system with 392/480 vars: 6928 states, 915888 arcs 
Composite transition system with 392/480 vars: init h=4
Difference of init h values: 0
t=316.693s (after merging)
Composite transition system with 392/480 vars: not applying abstraction (same number of states)
Current peak memory increase of merge-and-shrink computation: 78848 KB

Next pair of indices: (392, 870)
Atomic transition system #392: 2 states, 6 arcs 
Atomic transition system #392: init h=0
Composite transition system with 392/480 vars: 6928 states, 915888 arcs 
Composite transition system with 392/480 vars: init h=4
t=316.789s (after computation of next merge)
Atomic transition system #392: current size: 2 (shrink threshold: 1)
Atomic transition system #392: applying abstraction (2 to 1 states)
Atomic transition system #392: simplification was not f-preserving!
Atomic transition system #392: computing init and goal distances using unit-cost algorithm
Atomic transition system #392: 1 states, 1 arcs 
Atomic transition system #392: init h=0
Composite transition system with 392/480 vars: current size: 6928 (shrink threshold: 1)
Composite transition system with 392/480 vars: not applying abstraction (same number of states)
t=316.913s (after shrinking)
Merging atomic transition system #392 and composite transition system with 392/480 vars
Composite transition system with 393/480 vars: computing init and goal distances using unit-cost algorithm
Composite transition system with 393/480 vars: 6928 states, 915888 arcs 
Composite transition system with 393/480 vars: init h=4
Difference of init h values: 0
t=316.953s (after merging)
Composite transition system with 393/480 vars: not applying abstraction (same number of states)
Current peak memory increase of merge-and-shrink computation: 78848 KB

Next pair of indices: (393, 871)
Atomic transition system #393: 2 states, 6 arcs 
Atomic transition system #393: init h=0
Composite transition system with 393/480 vars: 6928 states, 915888 arcs 
Composite transition system with 393/480 vars: init h=4
t=317.037s (after computation of next merge)
Atomic transition system #393: current size: 2 (shrink threshold: 1)
Atomic transition system #393: applying abstraction (2 to 1 states)
Atomic transition system #393: simplification was not f-preserving!
Atomic transition system #393: computing init and goal distances using unit-cost algorithm
Atomic transition system #393: 1 states, 1 arcs 
Atomic transition system #393: init h=0
Composite transition system with 393/480 vars: current size: 6928 (shrink threshold: 1)
Composite transition system with 393/480 vars: not applying abstraction (same number of states)
t=317.157s (after shrinking)
Merging atomic transition system #393 and composite transition system with 393/480 vars
Composite transition system with 394/480 vars: computing init and goal distances using unit-cost algorithm
Composite transition system with 394/480 vars: 6928 states, 915888 arcs 
Composite transition system with 394/480 vars: init h=4
Difference of init h values: 0
t=317.197s (after merging)
Composite transition system with 394/480 vars: not applying abstraction (same number of states)
Current peak memory increase of merge-and-shrink computation: 78848 KB

Next pair of indices: (394, 872)
Atomic transition system #394: 2 states, 6 arcs 
Atomic transition system #394: init h=0
Composite transition system with 394/480 vars: 6928 states, 915888 arcs 
Composite transition system with 394/480 vars: init h=4
t=317.281s (after computation of next merge)
Atomic transition system #394: current size: 2 (shrink threshold: 1)
Atomic transition system #394: applying abstraction (2 to 1 states)
Atomic transition system #394: simplification was not f-preserving!
Atomic transition system #394: computing init and goal distances using unit-cost algorithm
Atomic transition system #394: 1 states, 1 arcs 
Atomic transition system #394: init h=0
Composite transition system with 394/480 vars: current size: 6928 (shrink threshold: 1)
Composite transition system with 394/480 vars: not applying abstraction (same number of states)
t=317.401s (after shrinking)
Merging atomic transition system #394 and composite transition system with 394/480 vars
Composite transition system with 395/480 vars: computing init and goal distances using unit-cost algorithm
Composite transition system with 395/480 vars: 6928 states, 915888 arcs 
Composite transition system with 395/480 vars: init h=4
Difference of init h values: 0
t=317.445s (after merging)
Composite transition system with 395/480 vars: not applying abstraction (same number of states)
Current peak memory increase of merge-and-shrink computation: 78848 KB

Next pair of indices: (395, 873)
Atomic transition system #395: 2 states, 6 arcs 
Atomic transition system #395: init h=0
Composite transition system with 395/480 vars: 6928 states, 915888 arcs 
Composite transition system with 395/480 vars: init h=4
t=317.537s (after computation of next merge)
Atomic transition system #395: current size: 2 (shrink threshold: 1)
Atomic transition system #395: applying abstraction (2 to 1 states)
Atomic transition system #395: simplification was not f-preserving!
Atomic transition system #395: computing init and goal distances using unit-cost algorithm
Atomic transition system #395: 1 states, 1 arcs 
Atomic transition system #395: init h=0
Composite transition system with 395/480 vars: current size: 6928 (shrink threshold: 1)
Composite transition system with 395/480 vars: not applying abstraction (same number of states)
t=317.669s (after shrinking)
Merging atomic transition system #395 and composite transition system with 395/480 vars
Composite transition system with 396/480 vars: computing init and goal distances using unit-cost algorithm
Composite transition system with 396/480 vars: 6928 states, 915888 arcs 
Composite transition system with 396/480 vars: init h=4
Difference of init h values: 0
t=317.709s (after merging)
Composite transition system with 396/480 vars: not applying abstraction (same number of states)
Current peak memory increase of merge-and-shrink computation: 78848 KB

Next pair of indices: (396, 874)
Atomic transition system #396: 2 states, 6 arcs 
Atomic transition system #396: init h=0
Composite transition system with 396/480 vars: 6928 states, 915888 arcs 
Composite transition system with 396/480 vars: init h=4
t=317.797s (after computation of next merge)
Atomic transition system #396: current size: 2 (shrink threshold: 1)
Atomic transition system #396: applying abstraction (2 to 1 states)
Atomic transition system #396: simplification was not f-preserving!
Atomic transition system #396: computing init and goal distances using unit-cost algorithm
Atomic transition system #396: 1 states, 1 arcs 
Atomic transition system #396: init h=0
Composite transition system with 396/480 vars: current size: 6928 (shrink threshold: 1)
Composite transition system with 396/480 vars: not applying abstraction (same number of states)
t=317.929s (after shrinking)
Merging atomic transition system #396 and composite transition system with 396/480 vars
Composite transition system with 397/480 vars: computing init and goal distances using unit-cost algorithm
Composite transition system with 397/480 vars: 6928 states, 915888 arcs 
Composite transition system with 397/480 vars: init h=4
Difference of init h values: 0
t=317.965s (after merging)
Composite transition system with 397/480 vars: not applying abstraction (same number of states)
Current peak memory increase of merge-and-shrink computation: 78848 KB

Next pair of indices: (397, 875)
Atomic transition system #397: 2 states, 6 arcs 
Atomic transition system #397: init h=0
Composite transition system with 397/480 vars: 6928 states, 915888 arcs 
Composite transition system with 397/480 vars: init h=4
t=318.049s (after computation of next merge)
Atomic transition system #397: current size: 2 (shrink threshold: 1)
Atomic transition system #397: applying abstraction (2 to 1 states)
Atomic transition system #397: simplification was not f-preserving!
Atomic transition system #397: computing init and goal distances using unit-cost algorithm
Atomic transition system #397: 1 states, 1 arcs 
Atomic transition system #397: init h=0
Composite transition system with 397/480 vars: current size: 6928 (shrink threshold: 1)
Composite transition system with 397/480 vars: not applying abstraction (same number of states)
t=318.179s (after shrinking)
Merging atomic transition system #397 and composite transition system with 397/480 vars
Composite transition system with 398/480 vars: computing init and goal distances using unit-cost algorithm
Composite transition system with 398/480 vars: 6928 states, 915888 arcs 
Composite transition system with 398/480 vars: init h=4
Difference of init h values: 0
t=318.221s (after merging)
Composite transition system with 398/480 vars: not applying abstraction (same number of states)
Current peak memory increase of merge-and-shrink computation: 78848 KB

Next pair of indices: (398, 876)
Atomic transition system #398: 2 states, 6 arcs 
Atomic transition system #398: init h=0
Composite transition system with 398/480 vars: 6928 states, 915888 arcs 
Composite transition system with 398/480 vars: init h=4
t=318.301s (after computation of next merge)
Atomic transition system #398: current size: 2 (shrink threshold: 1)
Atomic transition system #398: applying abstraction (2 to 1 states)
Atomic transition system #398: simplification was not f-preserving!
Atomic transition system #398: computing init and goal distances using unit-cost algorithm
Atomic transition system #398: 1 states, 1 arcs 
Atomic transition system #398: init h=0
Composite transition system with 398/480 vars: current size: 6928 (shrink threshold: 1)
Composite transition system with 398/480 vars: not applying abstraction (same number of states)
t=318.421s (after shrinking)
Merging atomic transition system #398 and composite transition system with 398/480 vars
Composite transition system with 399/480 vars: computing init and goal distances using unit-cost algorithm
Composite transition system with 399/480 vars: 6928 states, 915888 arcs 
Composite transition system with 399/480 vars: init h=4
Difference of init h values: 0
t=318.457s (after merging)
Composite transition system with 399/480 vars: not applying abstraction (same number of states)
Current peak memory increase of merge-and-shrink computation: 78848 KB

Next pair of indices: (399, 877)
Atomic transition system #399: 2 states, 6 arcs 
Atomic transition system #399: init h=0
Composite transition system with 399/480 vars: 6928 states, 915888 arcs 
Composite transition system with 399/480 vars: init h=4
t=318.545s (after computation of next merge)
Atomic transition system #399: current size: 2 (shrink threshold: 1)
Atomic transition system #399: applying abstraction (2 to 1 states)
Atomic transition system #399: simplification was not f-preserving!
Atomic transition system #399: computing init and goal distances using unit-cost algorithm
Atomic transition system #399: 1 states, 1 arcs 
Atomic transition system #399: init h=0
Composite transition system with 399/480 vars: current size: 6928 (shrink threshold: 1)
Composite transition system with 399/480 vars: not applying abstraction (same number of states)
t=318.669s (after shrinking)
Merging atomic transition system #399 and composite transition system with 399/480 vars
Composite transition system with 400/480 vars: computing init and goal distances using unit-cost algorithm
Composite transition system with 400/480 vars: 6928 states, 915888 arcs 
Composite transition system with 400/480 vars: init h=4
Difference of init h values: 0
t=318.713s (after merging)
Composite transition system with 400/480 vars: not applying abstraction (same number of states)
Current peak memory increase of merge-and-shrink computation: 78848 KB

Next pair of indices: (400, 878)
Atomic transition system #400: 2 states, 6 arcs 
Atomic transition system #400: init h=0
Composite transition system with 400/480 vars: 6928 states, 915888 arcs 
Composite transition system with 400/480 vars: init h=4
t=318.801s (after computation of next merge)
Atomic transition system #400: current size: 2 (shrink threshold: 1)
Atomic transition system #400: applying abstraction (2 to 1 states)
Atomic transition system #400: simplification was not f-preserving!
Atomic transition system #400: computing init and goal distances using unit-cost algorithm
Atomic transition system #400: 1 states, 1 arcs 
Atomic transition system #400: init h=0
Composite transition system with 400/480 vars: current size: 6928 (shrink threshold: 1)
Composite transition system with 400/480 vars: not applying abstraction (same number of states)
t=318.933s (after shrinking)
Merging atomic transition system #400 and composite transition system with 400/480 vars
Composite transition system with 401/480 vars: computing init and goal distances using unit-cost algorithm
Composite transition system with 401/480 vars: 6928 states, 915888 arcs 
Composite transition system with 401/480 vars: init h=4
Difference of init h values: 0
t=318.969s (after merging)
Composite transition system with 401/480 vars: not applying abstraction (same number of states)
Current peak memory increase of merge-and-shrink computation: 78848 KB

Next pair of indices: (401, 879)
Atomic transition system #401: 2 states, 6 arcs 
Atomic transition system #401: init h=0
Composite transition system with 401/480 vars: 6928 states, 915888 arcs 
Composite transition system with 401/480 vars: init h=4
t=319.045s (after computation of next merge)
Atomic transition system #401: current size: 2 (shrink threshold: 1)
Atomic transition system #401: applying abstraction (2 to 1 states)
Atomic transition system #401: simplification was not f-preserving!
Atomic transition system #401: computing init and goal distances using unit-cost algorithm
Atomic transition system #401: 1 states, 1 arcs 
Atomic transition system #401: init h=0
Composite transition system with 401/480 vars: current size: 6928 (shrink threshold: 1)
Composite transition system with 401/480 vars: not applying abstraction (same number of states)
t=319.169s (after shrinking)
Merging atomic transition system #401 and composite transition system with 401/480 vars
Composite transition system with 402/480 vars: computing init and goal distances using unit-cost algorithm
Composite transition system with 402/480 vars: 6928 states, 915888 arcs 
Composite transition system with 402/480 vars: init h=4
Difference of init h values: 0
t=319.209s (after merging)
Composite transition system with 402/480 vars: not applying abstraction (same number of states)
Current peak memory increase of merge-and-shrink computation: 78848 KB

Next pair of indices: (402, 880)
Atomic transition system #402: 2 states, 6 arcs 
Atomic transition system #402: init h=0
Composite transition system with 402/480 vars: 6928 states, 915888 arcs 
Composite transition system with 402/480 vars: init h=4
t=319.288s (after computation of next merge)
Atomic transition system #402: current size: 2 (shrink threshold: 1)
Atomic transition system #402: applying abstraction (2 to 1 states)
Atomic transition system #402: simplification was not f-preserving!
Atomic transition system #402: computing init and goal distances using unit-cost algorithm
Atomic transition system #402: 1 states, 1 arcs 
Atomic transition system #402: init h=0
Composite transition system with 402/480 vars: current size: 6928 (shrink threshold: 1)
Composite transition system with 402/480 vars: not applying abstraction (same number of states)
t=319.408s (after shrinking)
Merging atomic transition system #402 and composite transition system with 402/480 vars
Composite transition system with 403/480 vars: computing init and goal distances using unit-cost algorithm
Composite transition system with 403/480 vars: 6928 states, 915888 arcs 
Composite transition system with 403/480 vars: init h=4
Difference of init h values: 0
t=319.452s (after merging)
Composite transition system with 403/480 vars: not applying abstraction (same number of states)
Current peak memory increase of merge-and-shrink computation: 78848 KB

Next pair of indices: (403, 881)
Atomic transition system #403: 2 states, 6 arcs 
Atomic transition system #403: init h=0
Composite transition system with 403/480 vars: 6928 states, 915888 arcs 
Composite transition system with 403/480 vars: init h=4
t=319.532s (after computation of next merge)
Atomic transition system #403: current size: 2 (shrink threshold: 1)
Atomic transition system #403: applying abstraction (2 to 1 states)
Atomic transition system #403: simplification was not f-preserving!
Atomic transition system #403: computing init and goal distances using unit-cost algorithm
Atomic transition system #403: 1 states, 1 arcs 
Atomic transition system #403: init h=0
Composite transition system with 403/480 vars: current size: 6928 (shrink threshold: 1)
Composite transition system with 403/480 vars: not applying abstraction (same number of states)
t=319.655s (after shrinking)
Merging atomic transition system #403 and composite transition system with 403/480 vars
Composite transition system with 404/480 vars: computing init and goal distances using unit-cost algorithm
Composite transition system with 404/480 vars: 6928 states, 915888 arcs 
Composite transition system with 404/480 vars: init h=4
Difference of init h values: 0
t=319.695s (after merging)
Composite transition system with 404/480 vars: not applying abstraction (same number of states)
Current peak memory increase of merge-and-shrink computation: 78848 KB

Next pair of indices: (404, 882)
Atomic transition system #404: 2 states, 6 arcs 
Atomic transition system #404: init h=0
Composite transition system with 404/480 vars: 6928 states, 915888 arcs 
Composite transition system with 404/480 vars: init h=4
t=319.769s (after computation of next merge)
Atomic transition system #404: current size: 2 (shrink threshold: 1)
Atomic transition system #404: applying abstraction (2 to 1 states)
Atomic transition system #404: simplification was not f-preserving!
Atomic transition system #404: computing init and goal distances using unit-cost algorithm
Atomic transition system #404: 1 states, 1 arcs 
Atomic transition system #404: init h=0
Composite transition system with 404/480 vars: current size: 6928 (shrink threshold: 1)
Composite transition system with 404/480 vars: not applying abstraction (same number of states)
t=319.898s (after shrinking)
Merging atomic transition system #404 and composite transition system with 404/480 vars
Composite transition system with 405/480 vars: computing init and goal distances using unit-cost algorithm
Composite transition system with 405/480 vars: 6928 states, 915888 arcs 
Composite transition system with 405/480 vars: init h=4
Difference of init h values: 0
t=319.94s (after merging)
Composite transition system with 405/480 vars: not applying abstraction (same number of states)
Current peak memory increase of merge-and-shrink computation: 78848 KB

Next pair of indices: (405, 883)
Atomic transition system #405: 2 states, 6 arcs 
Atomic transition system #405: init h=0
Composite transition system with 405/480 vars: 6928 states, 915888 arcs 
Composite transition system with 405/480 vars: init h=4
t=320.018s (after computation of next merge)
Atomic transition system #405: current size: 2 (shrink threshold: 1)
Atomic transition system #405: applying abstraction (2 to 1 states)
Atomic transition system #405: simplification was not f-preserving!
Atomic transition system #405: computing init and goal distances using unit-cost algorithm
Atomic transition system #405: 1 states, 1 arcs 
Atomic transition system #405: init h=0
Composite transition system with 405/480 vars: current size: 6928 (shrink threshold: 1)
Composite transition system with 405/480 vars: not applying abstraction (same number of states)
t=320.151s (after shrinking)
Merging atomic transition system #405 and composite transition system with 405/480 vars
Composite transition system with 406/480 vars: computing init and goal distances using unit-cost algorithm
Composite transition system with 406/480 vars: 6928 states, 915888 arcs 
Composite transition system with 406/480 vars: init h=4
Difference of init h values: 0
t=320.19s (after merging)
Composite transition system with 406/480 vars: not applying abstraction (same number of states)
Current peak memory increase of merge-and-shrink computation: 78848 KB

Next pair of indices: (406, 884)
Atomic transition system #406: 2 states, 6 arcs 
Atomic transition system #406: init h=0
Composite transition system with 406/480 vars: 6928 states, 915888 arcs 
Composite transition system with 406/480 vars: init h=4
t=320.267s (after computation of next merge)
Atomic transition system #406: current size: 2 (shrink threshold: 1)
Atomic transition system #406: applying abstraction (2 to 1 states)
Atomic transition system #406: simplification was not f-preserving!
Atomic transition system #406: computing init and goal distances using unit-cost algorithm
Atomic transition system #406: 1 states, 1 arcs 
Atomic transition system #406: init h=0
Composite transition system with 406/480 vars: current size: 6928 (shrink threshold: 1)
Composite transition system with 406/480 vars: not applying abstraction (same number of states)
t=320.384s (after shrinking)
Merging atomic transition system #406 and composite transition system with 406/480 vars
Composite transition system with 407/480 vars: computing init and goal distances using unit-cost algorithm
Composite transition system with 407/480 vars: 6928 states, 915888 arcs 
Composite transition system with 407/480 vars: init h=4
Difference of init h values: 0
t=320.428s (after merging)
Composite transition system with 407/480 vars: not applying abstraction (same number of states)
Current peak memory increase of merge-and-shrink computation: 78848 KB

Next pair of indices: (407, 885)
Atomic transition system #407: 2 states, 6 arcs 
Atomic transition system #407: init h=1
Composite transition system with 407/480 vars: 6928 states, 915888 arcs 
Composite transition system with 407/480 vars: init h=4
t=320.506s (after computation of next merge)
Atomic transition system #407: current size: 2 (shrink threshold: 1)
Atomic transition system #407: not applying abstraction (same number of states)
Composite transition system with 407/480 vars: current size: 6928 (shrink threshold: 1)
Composite transition system with 407/480 vars: not applying abstraction (same number of states)
Merging atomic transition system #407 and composite transition system with 407/480 vars
Composite transition system with 408/480 vars: computing init and goal distances using unit-cost algorithm
Composite transition system with 408/480 vars: 13856 states, 2656224 arcs 
Composite transition system with 408/480 vars: init h=4
Difference of init h values: 0
t=320.892s (after merging)
Composite transition system with 408/480 vars: not applying abstraction (same number of states)
Current peak memory increase of merge-and-shrink computation: 78848 KB

Next pair of indices: (408, 886)
Atomic transition system #408: 2 states, 6 arcs 
Atomic transition system #408: init h=0
Composite transition system with 408/480 vars: 13856 states, 2656224 arcs 
Composite transition system with 408/480 vars: init h=4
t=320.951s (after computation of next merge)
Atomic transition system #408: current size: 2 (shrink threshold: 1)
Atomic transition system #408: applying abstraction (2 to 1 states)
Atomic transition system #408: simplification was not f-preserving!
Atomic transition system #408: computing init and goal distances using unit-cost algorithm
Atomic transition system #408: 1 states, 1 arcs 
Atomic transition system #408: init h=0
Composite transition system with 408/480 vars: current size: 13856 (shrink threshold: 1)
Composite transition system with 408/480 vars: applying abstraction (13856 to 7912 states)
Composite transition system with 408/480 vars: simplification was not f-preserving!
Composite transition system with 408/480 vars: computing init and goal distances using unit-cost algorithm
Composite transition system with 408/480 vars: 7912 states, 1126072 arcs 
Composite transition system with 408/480 vars: init h=4
t=321.441s (after shrinking)
Merging atomic transition system #408 and composite transition system with 408/480 vars
Composite transition system with 409/480 vars: computing init and goal distances using unit-cost algorithm
Composite transition system with 409/480 vars: 7912 states, 1126072 arcs 
Composite transition system with 409/480 vars: init h=4
Difference of init h values: 0
t=321.492s (after merging)
Composite transition system with 409/480 vars: not applying abstraction (same number of states)
Current peak memory increase of merge-and-shrink computation: 78848 KB

Next pair of indices: (409, 887)
Atomic transition system #409: 2 states, 6 arcs 
Atomic transition system #409: init h=0
Composite transition system with 409/480 vars: 7912 states, 1126072 arcs 
Composite transition system with 409/480 vars: init h=4
t=321.547s (after computation of next merge)
Atomic transition system #409: current size: 2 (shrink threshold: 1)
Atomic transition system #409: applying abstraction (2 to 1 states)
Atomic transition system #409: simplification was not f-preserving!
Atomic transition system #409: computing init and goal distances using unit-cost algorithm
Atomic transition system #409: 1 states, 1 arcs 
Atomic transition system #409: init h=0
Composite transition system with 409/480 vars: current size: 7912 (shrink threshold: 1)
Composite transition system with 409/480 vars: not applying abstraction (same number of states)
t=321.692s (after shrinking)
Merging atomic transition system #409 and composite transition system with 409/480 vars
Composite transition system with 410/480 vars: computing init and goal distances using unit-cost algorithm
Composite transition system with 410/480 vars: 7912 states, 1126072 arcs 
Composite transition system with 410/480 vars: init h=4
Difference of init h values: 0
t=321.743s (after merging)
Composite transition system with 410/480 vars: not applying abstraction (same number of states)
Current peak memory increase of merge-and-shrink computation: 78848 KB

Next pair of indices: (410, 888)
Atomic transition system #410: 2 states, 6 arcs 
Atomic transition system #410: init h=0
Composite transition system with 410/480 vars: 7912 states, 1126072 arcs 
Composite transition system with 410/480 vars: init h=4
t=321.801s (after computation of next merge)
Atomic transition system #410: current size: 2 (shrink threshold: 1)
Atomic transition system #410: applying abstraction (2 to 1 states)
Atomic transition system #410: simplification was not f-preserving!
Atomic transition system #410: computing init and goal distances using unit-cost algorithm
Atomic transition system #410: 1 states, 1 arcs 
Atomic transition system #410: init h=0
Composite transition system with 410/480 vars: current size: 7912 (shrink threshold: 1)
Composite transition system with 410/480 vars: not applying abstraction (same number of states)
t=321.959s (after shrinking)
Merging atomic transition system #410 and composite transition system with 410/480 vars
Composite transition system with 411/480 vars: computing init and goal distances using unit-cost algorithm
Composite transition system with 411/480 vars: 7912 states, 1126072 arcs 
Composite transition system with 411/480 vars: init h=4
Difference of init h values: 0
t=322.008s (after merging)
Composite transition system with 411/480 vars: not applying abstraction (same number of states)
Current peak memory increase of merge-and-shrink computation: 78848 KB

Next pair of indices: (411, 889)
Atomic transition system #411: 2 states, 6 arcs 
Atomic transition system #411: init h=0
Composite transition system with 411/480 vars: 7912 states, 1126072 arcs 
Composite transition system with 411/480 vars: init h=4
t=322.059s (after computation of next merge)
Atomic transition system #411: current size: 2 (shrink threshold: 1)
Atomic transition system #411: applying abstraction (2 to 1 states)
Atomic transition system #411: simplification was not f-preserving!
Atomic transition system #411: computing init and goal distances using unit-cost algorithm
Atomic transition system #411: 1 states, 1 arcs 
Atomic transition system #411: init h=0
Composite transition system with 411/480 vars: current size: 7912 (shrink threshold: 1)
Composite transition system with 411/480 vars: not applying abstraction (same number of states)
t=322.214s (after shrinking)
Merging atomic transition system #411 and composite transition system with 411/480 vars
Composite transition system with 412/480 vars: computing init and goal distances using unit-cost algorithm
Composite transition system with 412/480 vars: 7912 states, 1126072 arcs 
Composite transition system with 412/480 vars: init h=4
Difference of init h values: 0
t=322.266s (after merging)
Composite transition system with 412/480 vars: not applying abstraction (same number of states)
Current peak memory increase of merge-and-shrink computation: 78848 KB

Next pair of indices: (412, 890)
Atomic transition system #412: 2 states, 6 arcs 
Atomic transition system #412: init h=0
Composite transition system with 412/480 vars: 7912 states, 1126072 arcs 
Composite transition system with 412/480 vars: init h=4
t=322.32s (after computation of next merge)
Atomic transition system #412: current size: 2 (shrink threshold: 1)
Atomic transition system #412: applying abstraction (2 to 1 states)
Atomic transition system #412: simplification was not f-preserving!
Atomic transition system #412: computing init and goal distances using unit-cost algorithm
Atomic transition system #412: 1 states, 1 arcs 
Atomic transition system #412: init h=0
Composite transition system with 412/480 vars: current size: 7912 (shrink threshold: 1)
Composite transition system with 412/480 vars: not applying abstraction (same number of states)
t=322.464s (after shrinking)
Merging atomic transition system #412 and composite transition system with 412/480 vars
Composite transition system with 413/480 vars: computing init and goal distances using unit-cost algorithm
Composite transition system with 413/480 vars: 7912 states, 1126072 arcs 
Composite transition system with 413/480 vars: init h=4
Difference of init h values: 0
t=322.519s (after merging)
Composite transition system with 413/480 vars: not applying abstraction (same number of states)
Current peak memory increase of merge-and-shrink computation: 78848 KB

Next pair of indices: (413, 891)
Atomic transition system #413: 2 states, 6 arcs 
Atomic transition system #413: init h=0
Composite transition system with 413/480 vars: 7912 states, 1126072 arcs 
Composite transition system with 413/480 vars: init h=4
t=322.571s (after computation of next merge)
Atomic transition system #413: current size: 2 (shrink threshold: 1)
Atomic transition system #413: applying abstraction (2 to 1 states)
Atomic transition system #413: simplification was not f-preserving!
Atomic transition system #413: computing init and goal distances using unit-cost algorithm
Atomic transition system #413: 1 states, 1 arcs 
Atomic transition system #413: init h=0
Composite transition system with 413/480 vars: current size: 7912 (shrink threshold: 1)
Composite transition system with 413/480 vars: not applying abstraction (same number of states)
t=322.722s (after shrinking)
Merging atomic transition system #413 and composite transition system with 413/480 vars
Composite transition system with 414/480 vars: computing init and goal distances using unit-cost algorithm
Composite transition system with 414/480 vars: 7912 states, 1126072 arcs 
Composite transition system with 414/480 vars: init h=4
Difference of init h values: 0
t=322.771s (after merging)
Composite transition system with 414/480 vars: not applying abstraction (same number of states)
Current peak memory increase of merge-and-shrink computation: 78848 KB

Next pair of indices: (414, 892)
Atomic transition system #414: 2 states, 6 arcs 
Atomic transition system #414: init h=0
Composite transition system with 414/480 vars: 7912 states, 1126072 arcs 
Composite transition system with 414/480 vars: init h=4
t=322.819s (after computation of next merge)
Atomic transition system #414: current size: 2 (shrink threshold: 1)
Atomic transition system #414: applying abstraction (2 to 1 states)
Atomic transition system #414: simplification was not f-preserving!
Atomic transition system #414: computing init and goal distances using unit-cost algorithm
Atomic transition system #414: 1 states, 1 arcs 
Atomic transition system #414: init h=0
Composite transition system with 414/480 vars: current size: 7912 (shrink threshold: 1)
Composite transition system with 414/480 vars: not applying abstraction (same number of states)
t=322.968s (after shrinking)
Merging atomic transition system #414 and composite transition system with 414/480 vars
Composite transition system with 415/480 vars: computing init and goal distances using unit-cost algorithm
Composite transition system with 415/480 vars: 7912 states, 1126072 arcs 
Composite transition system with 415/480 vars: init h=4
Difference of init h values: 0
t=323.021s (after merging)
Composite transition system with 415/480 vars: not applying abstraction (same number of states)
Current peak memory increase of merge-and-shrink computation: 78848 KB

Next pair of indices: (415, 893)
Atomic transition system #415: 2 states, 6 arcs 
Atomic transition system #415: init h=0
Composite transition system with 415/480 vars: 7912 states, 1126072 arcs 
Composite transition system with 415/480 vars: init h=4
t=323.073s (after computation of next merge)
Atomic transition system #415: current size: 2 (shrink threshold: 1)
Atomic transition system #415: applying abstraction (2 to 1 states)
Atomic transition system #415: simplification was not f-preserving!
Atomic transition system #415: computing init and goal distances using unit-cost algorithm
Atomic transition system #415: 1 states, 1 arcs 
Atomic transition system #415: init h=0
Composite transition system with 415/480 vars: current size: 7912 (shrink threshold: 1)
Composite transition system with 415/480 vars: not applying abstraction (same number of states)
t=323.225s (after shrinking)
Merging atomic transition system #415 and composite transition system with 415/480 vars
Composite transition system with 416/480 vars: computing init and goal distances using unit-cost algorithm
Composite transition system with 416/480 vars: 7912 states, 1126072 arcs 
Composite transition system with 416/480 vars: init h=4
Difference of init h values: 0
t=323.273s (after merging)
Composite transition system with 416/480 vars: not applying abstraction (same number of states)
Current peak memory increase of merge-and-shrink computation: 78848 KB

Next pair of indices: (416, 894)
Atomic transition system #416: 2 states, 6 arcs 
Atomic transition system #416: init h=0
Composite transition system with 416/480 vars: 7912 states, 1126072 arcs 
Composite transition system with 416/480 vars: init h=4
t=323.323s (after computation of next merge)
Atomic transition system #416: current size: 2 (shrink threshold: 1)
Atomic transition system #416: applying abstraction (2 to 1 states)
Atomic transition system #416: simplification was not f-preserving!
Atomic transition system #416: computing init and goal distances using unit-cost algorithm
Atomic transition system #416: 1 states, 1 arcs 
Atomic transition system #416: init h=0
Composite transition system with 416/480 vars: current size: 7912 (shrink threshold: 1)
Composite transition system with 416/480 vars: not applying abstraction (same number of states)
t=323.475s (after shrinking)
Merging atomic transition system #416 and composite transition system with 416/480 vars
Composite transition system with 417/480 vars: computing init and goal distances using unit-cost algorithm
Composite transition system with 417/480 vars: 7912 states, 1126072 arcs 
Composite transition system with 417/480 vars: init h=4
Difference of init h values: 0
t=323.523s (after merging)
Composite transition system with 417/480 vars: not applying abstraction (same number of states)
Current peak memory increase of merge-and-shrink computation: 78848 KB

Next pair of indices: (417, 895)
Atomic transition system #417: 2 states, 6 arcs 
Atomic transition system #417: init h=0
Composite transition system with 417/480 vars: 7912 states, 1126072 arcs 
Composite transition system with 417/480 vars: init h=4
t=323.567s (after computation of next merge)
Atomic transition system #417: current size: 2 (shrink threshold: 1)
Atomic transition system #417: applying abstraction (2 to 1 states)
Atomic transition system #417: simplification was not f-preserving!
Atomic transition system #417: computing init and goal distances using unit-cost algorithm
Atomic transition system #417: 1 states, 1 arcs 
Atomic transition system #417: init h=0
Composite transition system with 417/480 vars: current size: 7912 (shrink threshold: 1)
Composite transition system with 417/480 vars: not applying abstraction (same number of states)
t=323.713s (after shrinking)
Merging atomic transition system #417 and composite transition system with 417/480 vars
Composite transition system with 418/480 vars: computing init and goal distances using unit-cost algorithm
Composite transition system with 418/480 vars: 7912 states, 1126072 arcs 
Composite transition system with 418/480 vars: init h=4
Difference of init h values: 0
t=323.76s (after merging)
Composite transition system with 418/480 vars: not applying abstraction (same number of states)
Current peak memory increase of merge-and-shrink computation: 78848 KB

Next pair of indices: (418, 896)
Atomic transition system #418: 2 states, 6 arcs 
Atomic transition system #418: init h=0
Composite transition system with 418/480 vars: 7912 states, 1126072 arcs 
Composite transition system with 418/480 vars: init h=4
t=323.802s (after computation of next merge)
Atomic transition system #418: current size: 2 (shrink threshold: 1)
Atomic transition system #418: applying abstraction (2 to 1 states)
Atomic transition system #418: simplification was not f-preserving!
Atomic transition system #418: computing init and goal distances using unit-cost algorithm
Atomic transition system #418: 1 states, 1 arcs 
Atomic transition system #418: init h=0
Composite transition system with 418/480 vars: current size: 7912 (shrink threshold: 1)
Composite transition system with 418/480 vars: not applying abstraction (same number of states)
t=323.948s (after shrinking)
Merging atomic transition system #418 and composite transition system with 418/480 vars
Composite transition system with 419/480 vars: computing init and goal distances using unit-cost algorithm
Composite transition system with 419/480 vars: 7912 states, 1126072 arcs 
Composite transition system with 419/480 vars: init h=4
Difference of init h values: 0
t=324s (after merging)
Composite transition system with 419/480 vars: not applying abstraction (same number of states)
Current peak memory increase of merge-and-shrink computation: 78848 KB

Next pair of indices: (419, 897)
Atomic transition system #419: 2 states, 6 arcs 
Atomic transition system #419: init h=0
Composite transition system with 419/480 vars: 7912 states, 1126072 arcs 
Composite transition system with 419/480 vars: init h=4
t=324.044s (after computation of next merge)
Atomic transition system #419: current size: 2 (shrink threshold: 1)
Atomic transition system #419: applying abstraction (2 to 1 states)
Atomic transition system #419: simplification was not f-preserving!
Atomic transition system #419: computing init and goal distances using unit-cost algorithm
Atomic transition system #419: 1 states, 1 arcs 
Atomic transition system #419: init h=0
Composite transition system with 419/480 vars: current size: 7912 (shrink threshold: 1)
Composite transition system with 419/480 vars: not applying abstraction (same number of states)
t=324.194s (after shrinking)
Merging atomic transition system #419 and composite transition system with 419/480 vars
Composite transition system with 420/480 vars: computing init and goal distances using unit-cost algorithm
Composite transition system with 420/480 vars: 7912 states, 1126072 arcs 
Composite transition system with 420/480 vars: init h=4
Difference of init h values: 0
t=324.241s (after merging)
Composite transition system with 420/480 vars: not applying abstraction (same number of states)
Current peak memory increase of merge-and-shrink computation: 78848 KB

Next pair of indices: (420, 898)
Atomic transition system #420: 2 states, 6 arcs 
Atomic transition system #420: init h=0
Composite transition system with 420/480 vars: 7912 states, 1126072 arcs 
Composite transition system with 420/480 vars: init h=4
t=324.289s (after computation of next merge)
Atomic transition system #420: current size: 2 (shrink threshold: 1)
Atomic transition system #420: applying abstraction (2 to 1 states)
Atomic transition system #420: simplification was not f-preserving!
Atomic transition system #420: computing init and goal distances using unit-cost algorithm
Atomic transition system #420: 1 states, 1 arcs 
Atomic transition system #420: init h=0
Composite transition system with 420/480 vars: current size: 7912 (shrink threshold: 1)
Composite transition system with 420/480 vars: not applying abstraction (same number of states)
t=324.442s (after shrinking)
Merging atomic transition system #420 and composite transition system with 420/480 vars
Composite transition system with 421/480 vars: computing init and goal distances using unit-cost algorithm
Composite transition system with 421/480 vars: 7912 states, 1126072 arcs 
Composite transition system with 421/480 vars: init h=4
Difference of init h values: 0
t=324.492s (after merging)
Composite transition system with 421/480 vars: not applying abstraction (same number of states)
Current peak memory increase of merge-and-shrink computation: 78848 KB

Next pair of indices: (421, 899)
Atomic transition system #421: 2 states, 6 arcs 
Atomic transition system #421: init h=0
Composite transition system with 421/480 vars: 7912 states, 1126072 arcs 
Composite transition system with 421/480 vars: init h=4
t=324.535s (after computation of next merge)
Atomic transition system #421: current size: 2 (shrink threshold: 1)
Atomic transition system #421: applying abstraction (2 to 1 states)
Atomic transition system #421: simplification was not f-preserving!
Atomic transition system #421: computing init and goal distances using unit-cost algorithm
Atomic transition system #421: 1 states, 1 arcs 
Atomic transition system #421: init h=0
Composite transition system with 421/480 vars: current size: 7912 (shrink threshold: 1)
Composite transition system with 421/480 vars: not applying abstraction (same number of states)
t=324.679s (after shrinking)
Merging atomic transition system #421 and composite transition system with 421/480 vars
Composite transition system with 422/480 vars: computing init and goal distances using unit-cost algorithm
Composite transition system with 422/480 vars: 7912 states, 1126072 arcs 
Composite transition system with 422/480 vars: init h=4
Difference of init h values: 0
t=324.732s (after merging)
Composite transition system with 422/480 vars: not applying abstraction (same number of states)
Current peak memory increase of merge-and-shrink computation: 78848 KB

Next pair of indices: (422, 900)
Atomic transition system #422: 2 states, 6 arcs 
Atomic transition system #422: init h=0
Composite transition system with 422/480 vars: 7912 states, 1126072 arcs 
Composite transition system with 422/480 vars: init h=4
t=324.775s (after computation of next merge)
Atomic transition system #422: current size: 2 (shrink threshold: 1)
Atomic transition system #422: applying abstraction (2 to 1 states)
Atomic transition system #422: simplification was not f-preserving!
Atomic transition system #422: computing init and goal distances using unit-cost algorithm
Atomic transition system #422: 1 states, 1 arcs 
Atomic transition system #422: init h=0
Composite transition system with 422/480 vars: current size: 7912 (shrink threshold: 1)
Composite transition system with 422/480 vars: not applying abstraction (same number of states)
t=324.933s (after shrinking)
Merging atomic transition system #422 and composite transition system with 422/480 vars
Composite transition system with 423/480 vars: computing init and goal distances using unit-cost algorithm
Composite transition system with 423/480 vars: 7912 states, 1126072 arcs 
Composite transition system with 423/480 vars: init h=4
Difference of init h values: 0
t=324.981s (after merging)
Composite transition system with 423/480 vars: not applying abstraction (same number of states)
Current peak memory increase of merge-and-shrink computation: 78848 KB

Next pair of indices: (423, 901)
Atomic transition system #423: 2 states, 6 arcs 
Atomic transition system #423: init h=0
Composite transition system with 423/480 vars: 7912 states, 1126072 arcs 
Composite transition system with 423/480 vars: init h=4
t=325.023s (after computation of next merge)
Atomic transition system #423: current size: 2 (shrink threshold: 1)
Atomic transition system #423: applying abstraction (2 to 1 states)
Atomic transition system #423: simplification was not f-preserving!
Atomic transition system #423: computing init and goal distances using unit-cost algorithm
Atomic transition system #423: 1 states, 1 arcs 
Atomic transition system #423: init h=0
Composite transition system with 423/480 vars: current size: 7912 (shrink threshold: 1)
Composite transition system with 423/480 vars: not applying abstraction (same number of states)
t=325.172s (after shrinking)
Merging atomic transition system #423 and composite transition system with 423/480 vars
Composite transition system with 424/480 vars: computing init and goal distances using unit-cost algorithm
Composite transition system with 424/480 vars: 7912 states, 1126072 arcs 
Composite transition system with 424/480 vars: init h=4
Difference of init h values: 0
t=325.222s (after merging)
Composite transition system with 424/480 vars: not applying abstraction (same number of states)
Current peak memory increase of merge-and-shrink computation: 78848 KB

Next pair of indices: (424, 902)
Atomic transition system #424: 2 states, 6 arcs 
Atomic transition system #424: init h=0
Composite transition system with 424/480 vars: 7912 states, 1126072 arcs 
Composite transition system with 424/480 vars: init h=4
t=325.263s (after computation of next merge)
Atomic transition system #424: current size: 2 (shrink threshold: 1)
Atomic transition system #424: applying abstraction (2 to 1 states)
Atomic transition system #424: simplification was not f-preserving!
Atomic transition system #424: computing init and goal distances using unit-cost algorithm
Atomic transition system #424: 1 states, 1 arcs 
Atomic transition system #424: init h=0
Composite transition system with 424/480 vars: current size: 7912 (shrink threshold: 1)
Composite transition system with 424/480 vars: not applying abstraction (same number of states)
t=325.408s (after shrinking)
Merging atomic transition system #424 and composite transition system with 424/480 vars
Composite transition system with 425/480 vars: computing init and goal distances using unit-cost algorithm
Composite transition system with 425/480 vars: 7912 states, 1126072 arcs 
Composite transition system with 425/480 vars: init h=4
Difference of init h values: 0
t=325.461s (after merging)
Composite transition system with 425/480 vars: not applying abstraction (same number of states)
Current peak memory increase of merge-and-shrink computation: 78848 KB

Next pair of indices: (425, 903)
Atomic transition system #425: 2 states, 6 arcs 
Atomic transition system #425: init h=0
Composite transition system with 425/480 vars: 7912 states, 1126072 arcs 
Composite transition system with 425/480 vars: init h=4
t=325.505s (after computation of next merge)
Atomic transition system #425: current size: 2 (shrink threshold: 1)
Atomic transition system #425: applying abstraction (2 to 1 states)
Atomic transition system #425: simplification was not f-preserving!
Atomic transition system #425: computing init and goal distances using unit-cost algorithm
Atomic transition system #425: 1 states, 1 arcs 
Atomic transition system #425: init h=0
Composite transition system with 425/480 vars: current size: 7912 (shrink threshold: 1)
Composite transition system with 425/480 vars: not applying abstraction (same number of states)
t=325.649s (after shrinking)
Merging atomic transition system #425 and composite transition system with 425/480 vars
Composite transition system with 426/480 vars: computing init and goal distances using unit-cost algorithm
Composite transition system with 426/480 vars: 7912 states, 1126072 arcs 
Composite transition system with 426/480 vars: init h=4
Difference of init h values: 0
t=325.7s (after merging)
Composite transition system with 426/480 vars: not applying abstraction (same number of states)
Current peak memory increase of merge-and-shrink computation: 78848 KB

Next pair of indices: (426, 904)
Atomic transition system #426: 2 states, 6 arcs 
Atomic transition system #426: init h=0
Composite transition system with 426/480 vars: 7912 states, 1126072 arcs 
Composite transition system with 426/480 vars: init h=4
t=325.746s (after computation of next merge)
Atomic transition system #426: current size: 2 (shrink threshold: 1)
Atomic transition system #426: applying abstraction (2 to 1 states)
Atomic transition system #426: simplification was not f-preserving!
Atomic transition system #426: computing init and goal distances using unit-cost algorithm
Atomic transition system #426: 1 states, 1 arcs 
Atomic transition system #426: init h=0
Composite transition system with 426/480 vars: current size: 7912 (shrink threshold: 1)
Composite transition system with 426/480 vars: not applying abstraction (same number of states)
t=325.903s (after shrinking)
Merging atomic transition system #426 and composite transition system with 426/480 vars
Composite transition system with 427/480 vars: computing init and goal distances using unit-cost algorithm
Composite transition system with 427/480 vars: 7912 states, 1126072 arcs 
Composite transition system with 427/480 vars: init h=4
Difference of init h values: 0
t=325.955s (after merging)
Composite transition system with 427/480 vars: not applying abstraction (same number of states)
Current peak memory increase of merge-and-shrink computation: 78848 KB

Next pair of indices: (427, 905)
Atomic transition system #427: 2 states, 6 arcs 
Atomic transition system #427: init h=0
Composite transition system with 427/480 vars: 7912 states, 1126072 arcs 
Composite transition system with 427/480 vars: init h=4
t=325.994s (after computation of next merge)
Atomic transition system #427: current size: 2 (shrink threshold: 1)
Atomic transition system #427: applying abstraction (2 to 1 states)
Atomic transition system #427: simplification was not f-preserving!
Atomic transition system #427: computing init and goal distances using unit-cost algorithm
Atomic transition system #427: 1 states, 1 arcs 
Atomic transition system #427: init h=0
Composite transition system with 427/480 vars: current size: 7912 (shrink threshold: 1)
Composite transition system with 427/480 vars: not applying abstraction (same number of states)
t=326.149s (after shrinking)
Merging atomic transition system #427 and composite transition system with 427/480 vars
Composite transition system with 428/480 vars: computing init and goal distances using unit-cost algorithm
Composite transition system with 428/480 vars: 7912 states, 1126072 arcs 
Composite transition system with 428/480 vars: init h=4
Difference of init h values: 0
t=326.198s (after merging)
Composite transition system with 428/480 vars: not applying abstraction (same number of states)
Current peak memory increase of merge-and-shrink computation: 78848 KB

Next pair of indices: (428, 906)
Atomic transition system #428: 2 states, 6 arcs 
Atomic transition system #428: init h=0
Composite transition system with 428/480 vars: 7912 states, 1126072 arcs 
Composite transition system with 428/480 vars: init h=4
t=326.24s (after computation of next merge)
Atomic transition system #428: current size: 2 (shrink threshold: 1)
Atomic transition system #428: applying abstraction (2 to 1 states)
Atomic transition system #428: simplification was not f-preserving!
Atomic transition system #428: computing init and goal distances using unit-cost algorithm
Atomic transition system #428: 1 states, 1 arcs 
Atomic transition system #428: init h=0
Composite transition system with 428/480 vars: current size: 7912 (shrink threshold: 1)
Composite transition system with 428/480 vars: not applying abstraction (same number of states)
t=326.384s (after shrinking)
Merging atomic transition system #428 and composite transition system with 428/480 vars
Composite transition system with 429/480 vars: computing init and goal distances using unit-cost algorithm
Composite transition system with 429/480 vars: 7912 states, 1126072 arcs 
Composite transition system with 429/480 vars: init h=4
Difference of init h values: 0
t=326.433s (after merging)
Composite transition system with 429/480 vars: not applying abstraction (same number of states)
Current peak memory increase of merge-and-shrink computation: 78848 KB

Next pair of indices: (429, 907)
Atomic transition system #429: 2 states, 6 arcs 
Atomic transition system #429: init h=0
Composite transition system with 429/480 vars: 7912 states, 1126072 arcs 
Composite transition system with 429/480 vars: init h=4
t=326.476s (after computation of next merge)
Atomic transition system #429: current size: 2 (shrink threshold: 1)
Atomic transition system #429: applying abstraction (2 to 1 states)
Atomic transition system #429: simplification was not f-preserving!
Atomic transition system #429: computing init and goal distances using unit-cost algorithm
Atomic transition system #429: 1 states, 1 arcs 
Atomic transition system #429: init h=0
Composite transition system with 429/480 vars: current size: 7912 (shrink threshold: 1)
Composite transition system with 429/480 vars: not applying abstraction (same number of states)
t=326.624s (after shrinking)
Merging atomic transition system #429 and composite transition system with 429/480 vars
Composite transition system with 430/480 vars: computing init and goal distances using unit-cost algorithm
Composite transition system with 430/480 vars: 7912 states, 1126072 arcs 
Composite transition system with 430/480 vars: init h=4
Difference of init h values: 0
t=326.672s (after merging)
Composite transition system with 430/480 vars: not applying abstraction (same number of states)
Current peak memory increase of merge-and-shrink computation: 78848 KB

Next pair of indices: (430, 908)
Atomic transition system #430: 2 states, 6 arcs 
Atomic transition system #430: init h=0
Composite transition system with 430/480 vars: 7912 states, 1126072 arcs 
Composite transition system with 430/480 vars: init h=4
t=326.707s (after computation of next merge)
Atomic transition system #430: current size: 2 (shrink threshold: 1)
Atomic transition system #430: applying abstraction (2 to 1 states)
Atomic transition system #430: simplification was not f-preserving!
Atomic transition system #430: computing init and goal distances using unit-cost algorithm
Atomic transition system #430: 1 states, 1 arcs 
Atomic transition system #430: init h=0
Composite transition system with 430/480 vars: current size: 7912 (shrink threshold: 1)
Composite transition system with 430/480 vars: not applying abstraction (same number of states)
t=326.848s (after shrinking)
Merging atomic transition system #430 and composite transition system with 430/480 vars
Composite transition system with 431/480 vars: computing init and goal distances using unit-cost algorithm
Composite transition system with 431/480 vars: 7912 states, 1126072 arcs 
Composite transition system with 431/480 vars: init h=4
Difference of init h values: 0
t=326.895s (after merging)
Composite transition system with 431/480 vars: not applying abstraction (same number of states)
Current peak memory increase of merge-and-shrink computation: 78848 KB

Next pair of indices: (431, 909)
Atomic transition system #431: 2 states, 6 arcs 
Atomic transition system #431: init h=1
Composite transition system with 431/480 vars: 7912 states, 1126072 arcs 
Composite transition system with 431/480 vars: init h=4
t=326.93s (after computation of next merge)
Atomic transition system #431: current size: 2 (shrink threshold: 1)
Atomic transition system #431: not applying abstraction (same number of states)
Composite transition system with 431/480 vars: current size: 7912 (shrink threshold: 1)
Composite transition system with 431/480 vars: not applying abstraction (same number of states)
Merging atomic transition system #431 and composite transition system with 431/480 vars
Composite transition system with 432/480 vars: computing init and goal distances using unit-cost algorithm
Composite transition system with 432/480 vars: 15824 states, 3234096 arcs 
Composite transition system with 432/480 vars: init h=4
Difference of init h values: 0
t=327.353s (after merging)
Composite transition system with 432/480 vars: not applying abstraction (same number of states)
Current peak memory increase of merge-and-shrink computation: 78848 KB

Next pair of indices: (432, 910)
Atomic transition system #432: 2 states, 6 arcs 
Atomic transition system #432: init h=0
Composite transition system with 432/480 vars: 15824 states, 3234096 arcs 
Composite transition system with 432/480 vars: init h=4
t=327.379s (after computation of next merge)
Atomic transition system #432: current size: 2 (shrink threshold: 1)
Atomic transition system #432: applying abstraction (2 to 1 states)
Atomic transition system #432: simplification was not f-preserving!
Atomic transition system #432: computing init and goal distances using unit-cost algorithm
Atomic transition system #432: 1 states, 1 arcs 
Atomic transition system #432: init h=0
Composite transition system with 432/480 vars: current size: 15824 (shrink threshold: 1)
Composite transition system with 432/480 vars: applying abstraction (15824 to 9036 states)
Composite transition system with 432/480 vars: simplification was not f-preserving!
Composite transition system with 432/480 vars: computing init and goal distances using unit-cost algorithm
Composite transition system with 432/480 vars: 9036 states, 1381326 arcs 
Composite transition system with 432/480 vars: init h=4
t=327.991s (after shrinking)
Merging atomic transition system #432 and composite transition system with 432/480 vars
Composite transition system with 433/480 vars: computing init and goal distances using unit-cost algorithm
Composite transition system with 433/480 vars: 9036 states, 1381326 arcs 
Composite transition system with 433/480 vars: init h=4
Difference of init h values: 0
t=328.045s (after merging)
Composite transition system with 433/480 vars: not applying abstraction (same number of states)
Current peak memory increase of merge-and-shrink computation: 78848 KB

Next pair of indices: (433, 911)
Atomic transition system #433: 2 states, 6 arcs 
Atomic transition system #433: init h=0
Composite transition system with 433/480 vars: 9036 states, 1381326 arcs 
Composite transition system with 433/480 vars: init h=4
t=328.068s (after computation of next merge)
Atomic transition system #433: current size: 2 (shrink threshold: 1)
Atomic transition system #433: applying abstraction (2 to 1 states)
Atomic transition system #433: simplification was not f-preserving!
Atomic transition system #433: computing init and goal distances using unit-cost algorithm
Atomic transition system #433: 1 states, 1 arcs 
Atomic transition system #433: init h=0
Composite transition system with 433/480 vars: current size: 9036 (shrink threshold: 1)
Composite transition system with 433/480 vars: not applying abstraction (same number of states)
t=328.236s (after shrinking)
Merging atomic transition system #433 and composite transition system with 433/480 vars
Composite transition system with 434/480 vars: computing init and goal distances using unit-cost algorithm
Composite transition system with 434/480 vars: 9036 states, 1381326 arcs 
Composite transition system with 434/480 vars: init h=4
Difference of init h values: 0
t=328.292s (after merging)
Composite transition system with 434/480 vars: not applying abstraction (same number of states)
Current peak memory increase of merge-and-shrink computation: 78848 KB

Next pair of indices: (434, 912)
Atomic transition system #434: 2 states, 6 arcs 
Atomic transition system #434: init h=0
Composite transition system with 434/480 vars: 9036 states, 1381326 arcs 
Composite transition system with 434/480 vars: init h=4
t=328.317s (after computation of next merge)
Atomic transition system #434: current size: 2 (shrink threshold: 1)
Atomic transition system #434: applying abstraction (2 to 1 states)
Atomic transition system #434: simplification was not f-preserving!
Atomic transition system #434: computing init and goal distances using unit-cost algorithm
Atomic transition system #434: 1 states, 1 arcs 
Atomic transition system #434: init h=0
Composite transition system with 434/480 vars: current size: 9036 (shrink threshold: 1)
Composite transition system with 434/480 vars: not applying abstraction (same number of states)
t=328.501s (after shrinking)
Merging atomic transition system #434 and composite transition system with 434/480 vars
Composite transition system with 435/480 vars: computing init and goal distances using unit-cost algorithm
Composite transition system with 435/480 vars: 9036 states, 1381326 arcs 
Composite transition system with 435/480 vars: init h=4
Difference of init h values: 0
t=328.559s (after merging)
Composite transition system with 435/480 vars: not applying abstraction (same number of states)
Current peak memory increase of merge-and-shrink computation: 78848 KB

Next pair of indices: (435, 913)
Atomic transition system #435: 2 states, 6 arcs 
Atomic transition system #435: init h=0
Composite transition system with 435/480 vars: 9036 states, 1381326 arcs 
Composite transition system with 435/480 vars: init h=4
t=328.585s (after computation of next merge)
Atomic transition system #435: current size: 2 (shrink threshold: 1)
Atomic transition system #435: applying abstraction (2 to 1 states)
Atomic transition system #435: simplification was not f-preserving!
Atomic transition system #435: computing init and goal distances using unit-cost algorithm
Atomic transition system #435: 1 states, 1 arcs 
Atomic transition system #435: init h=0
Composite transition system with 435/480 vars: current size: 9036 (shrink threshold: 1)
Composite transition system with 435/480 vars: not applying abstraction (same number of states)
t=328.774s (after shrinking)
Merging atomic transition system #435 and composite transition system with 435/480 vars
Composite transition system with 436/480 vars: computing init and goal distances using unit-cost algorithm
Composite transition system with 436/480 vars: 9036 states, 1381326 arcs 
Composite transition system with 436/480 vars: init h=4
Difference of init h values: 0
t=328.831s (after merging)
Composite transition system with 436/480 vars: not applying abstraction (same number of states)
Current peak memory increase of merge-and-shrink computation: 78848 KB

Next pair of indices: (436, 914)
Atomic transition system #436: 2 states, 6 arcs 
Atomic transition system #436: init h=0
Composite transition system with 436/480 vars: 9036 states, 1381326 arcs 
Composite transition system with 436/480 vars: init h=4
t=328.856s (after computation of next merge)
Atomic transition system #436: current size: 2 (shrink threshold: 1)
Atomic transition system #436: applying abstraction (2 to 1 states)
Atomic transition system #436: simplification was not f-preserving!
Atomic transition system #436: computing init and goal distances using unit-cost algorithm
Atomic transition system #436: 1 states, 1 arcs 
Atomic transition system #436: init h=0
Composite transition system with 436/480 vars: current size: 9036 (shrink threshold: 1)
Composite transition system with 436/480 vars: not applying abstraction (same number of states)
t=329.021s (after shrinking)
Merging atomic transition system #436 and composite transition system with 436/480 vars
Composite transition system with 437/480 vars: computing init and goal distances using unit-cost algorithm
Composite transition system with 437/480 vars: 9036 states, 1381326 arcs 
Composite transition system with 437/480 vars: init h=4
Difference of init h values: 0
t=329.077s (after merging)
Composite transition system with 437/480 vars: not applying abstraction (same number of states)
Current peak memory increase of merge-and-shrink computation: 78848 KB

Next pair of indices: (437, 915)
Atomic transition system #437: 2 states, 6 arcs 
Atomic transition system #437: init h=0
Composite transition system with 437/480 vars: 9036 states, 1381326 arcs 
Composite transition system with 437/480 vars: init h=4
t=329.098s (after computation of next merge)
Atomic transition system #437: current size: 2 (shrink threshold: 1)
Atomic transition system #437: applying abstraction (2 to 1 states)
Atomic transition system #437: simplification was not f-preserving!
Atomic transition system #437: computing init and goal distances using unit-cost algorithm
Atomic transition system #437: 1 states, 1 arcs 
Atomic transition system #437: init h=0
Composite transition system with 437/480 vars: current size: 9036 (shrink threshold: 1)
Composite transition system with 437/480 vars: not applying abstraction (same number of states)
t=329.272s (after shrinking)
Merging atomic transition system #437 and composite transition system with 437/480 vars
Composite transition system with 438/480 vars: computing init and goal distances using unit-cost algorithm
Composite transition system with 438/480 vars: 9036 states, 1381326 arcs 
Composite transition system with 438/480 vars: init h=4
Difference of init h values: 0
t=329.332s (after merging)
Composite transition system with 438/480 vars: not applying abstraction (same number of states)
Current peak memory increase of merge-and-shrink computation: 78848 KB

Next pair of indices: (438, 916)
Atomic transition system #438: 2 states, 6 arcs 
Atomic transition system #438: init h=0
Composite transition system with 438/480 vars: 9036 states, 1381326 arcs 
Composite transition system with 438/480 vars: init h=4
t=329.354s (after computation of next merge)
Atomic transition system #438: current size: 2 (shrink threshold: 1)
Atomic transition system #438: applying abstraction (2 to 1 states)
Atomic transition system #438: simplification was not f-preserving!
Atomic transition system #438: computing init and goal distances using unit-cost algorithm
Atomic transition system #438: 1 states, 1 arcs 
Atomic transition system #438: init h=0
Composite transition system with 438/480 vars: current size: 9036 (shrink threshold: 1)
Composite transition system with 438/480 vars: not applying abstraction (same number of states)
t=329.54s (after shrinking)
Merging atomic transition system #438 and composite transition system with 438/480 vars
Composite transition system with 439/480 vars: computing init and goal distances using unit-cost algorithm
Composite transition system with 439/480 vars: 9036 states, 1381326 arcs 
Composite transition system with 439/480 vars: init h=4
Difference of init h values: 0
t=329.597s (after merging)
Composite transition system with 439/480 vars: not applying abstraction (same number of states)
Current peak memory increase of merge-and-shrink computation: 78848 KB

Next pair of indices: (439, 917)
Atomic transition system #439: 2 states, 6 arcs 
Atomic transition system #439: init h=0
Composite transition system with 439/480 vars: 9036 states, 1381326 arcs 
Composite transition system with 439/480 vars: init h=4
t=329.623s (after computation of next merge)
Atomic transition system #439: current size: 2 (shrink threshold: 1)
Atomic transition system #439: applying abstraction (2 to 1 states)
Atomic transition system #439: simplification was not f-preserving!
Atomic transition system #439: computing init and goal distances using unit-cost algorithm
Atomic transition system #439: 1 states, 1 arcs 
Atomic transition system #439: init h=0
Composite transition system with 439/480 vars: current size: 9036 (shrink threshold: 1)
Composite transition system with 439/480 vars: not applying abstraction (same number of states)
t=329.796s (after shrinking)
Merging atomic transition system #439 and composite transition system with 439/480 vars
Composite transition system with 440/480 vars: computing init and goal distances using unit-cost algorithm
Composite transition system with 440/480 vars: 9036 states, 1381326 arcs 
Composite transition system with 440/480 vars: init h=4
Difference of init h values: 0
t=329.854s (after merging)
Composite transition system with 440/480 vars: not applying abstraction (same number of states)
Current peak memory increase of merge-and-shrink computation: 78848 KB

Next pair of indices: (440, 918)
Atomic transition system #440: 2 states, 6 arcs 
Atomic transition system #440: init h=0
Composite transition system with 440/480 vars: 9036 states, 1381326 arcs 
Composite transition system with 440/480 vars: init h=4
t=329.875s (after computation of next merge)
Atomic transition system #440: current size: 2 (shrink threshold: 1)
Atomic transition system #440: applying abstraction (2 to 1 states)
Atomic transition system #440: simplification was not f-preserving!
Atomic transition system #440: computing init and goal distances using unit-cost algorithm
Atomic transition system #440: 1 states, 1 arcs 
Atomic transition system #440: init h=0
Composite transition system with 440/480 vars: current size: 9036 (shrink threshold: 1)
Composite transition system with 440/480 vars: not applying abstraction (same number of states)
t=330.048s (after shrinking)
Merging atomic transition system #440 and composite transition system with 440/480 vars
Composite transition system with 441/480 vars: computing init and goal distances using unit-cost algorithm
Composite transition system with 441/480 vars: 9036 states, 1381326 arcs 
Composite transition system with 441/480 vars: init h=4
Difference of init h values: 0
t=330.104s (after merging)
Composite transition system with 441/480 vars: not applying abstraction (same number of states)
Current peak memory increase of merge-and-shrink computation: 78848 KB

Next pair of indices: (441, 919)
Atomic transition system #441: 2 states, 6 arcs 
Atomic transition system #441: init h=0
Composite transition system with 441/480 vars: 9036 states, 1381326 arcs 
Composite transition system with 441/480 vars: init h=4
t=330.123s (after computation of next merge)
Atomic transition system #441: current size: 2 (shrink threshold: 1)
Atomic transition system #441: applying abstraction (2 to 1 states)
Atomic transition system #441: simplification was not f-preserving!
Atomic transition system #441: computing init and goal distances using unit-cost algorithm
Atomic transition system #441: 1 states, 1 arcs 
Atomic transition system #441: init h=0
Composite transition system with 441/480 vars: current size: 9036 (shrink threshold: 1)
Composite transition system with 441/480 vars: not applying abstraction (same number of states)
t=330.291s (after shrinking)
Merging atomic transition system #441 and composite transition system with 441/480 vars
Composite transition system with 442/480 vars: computing init and goal distances using unit-cost algorithm
Composite transition system with 442/480 vars: 9036 states, 1381326 arcs 
Composite transition system with 442/480 vars: init h=4
Difference of init h values: 0
t=330.348s (after merging)
Composite transition system with 442/480 vars: not applying abstraction (same number of states)
Current peak memory increase of merge-and-shrink computation: 78848 KB

Next pair of indices: (442, 920)
Atomic transition system #442: 2 states, 6 arcs 
Atomic transition system #442: init h=0
Composite transition system with 442/480 vars: 9036 states, 1381326 arcs 
Composite transition system with 442/480 vars: init h=4
t=330.373s (after computation of next merge)
Atomic transition system #442: current size: 2 (shrink threshold: 1)
Atomic transition system #442: applying abstraction (2 to 1 states)
Atomic transition system #442: simplification was not f-preserving!
Atomic transition system #442: computing init and goal distances using unit-cost algorithm
Atomic transition system #442: 1 states, 1 arcs 
Atomic transition system #442: init h=0
Composite transition system with 442/480 vars: current size: 9036 (shrink threshold: 1)
Composite transition system with 442/480 vars: not applying abstraction (same number of states)
t=330.545s (after shrinking)
Merging atomic transition system #442 and composite transition system with 442/480 vars
Composite transition system with 443/480 vars: computing init and goal distances using unit-cost algorithm
Composite transition system with 443/480 vars: 9036 states, 1381326 arcs 
Composite transition system with 443/480 vars: init h=4
Difference of init h values: 0
t=330.602s (after merging)
Composite transition system with 443/480 vars: not applying abstraction (same number of states)
Current peak memory increase of merge-and-shrink computation: 78848 KB

Next pair of indices: (443, 921)
Atomic transition system #443: 2 states, 6 arcs 
Atomic transition system #443: init h=0
Composite transition system with 443/480 vars: 9036 states, 1381326 arcs 
Composite transition system with 443/480 vars: init h=4
t=330.622s (after computation of next merge)
Atomic transition system #443: current size: 2 (shrink threshold: 1)
Atomic transition system #443: applying abstraction (2 to 1 states)
Atomic transition system #443: simplification was not f-preserving!
Atomic transition system #443: computing init and goal distances using unit-cost algorithm
Atomic transition system #443: 1 states, 1 arcs 
Atomic transition system #443: init h=0
Composite transition system with 443/480 vars: current size: 9036 (shrink threshold: 1)
Composite transition system with 443/480 vars: not applying abstraction (same number of states)
t=330.806s (after shrinking)
Merging atomic transition system #443 and composite transition system with 443/480 vars
Composite transition system with 444/480 vars: computing init and goal distances using unit-cost algorithm
Composite transition system with 444/480 vars: 9036 states, 1381326 arcs 
Composite transition system with 444/480 vars: init h=4
Difference of init h values: 0
t=330.871s (after merging)
Composite transition system with 444/480 vars: not applying abstraction (same number of states)
Current peak memory increase of merge-and-shrink computation: 78848 KB

Next pair of indices: (444, 922)
Atomic transition system #444: 2 states, 6 arcs 
Atomic transition system #444: init h=0
Composite transition system with 444/480 vars: 9036 states, 1381326 arcs 
Composite transition system with 444/480 vars: init h=4
t=330.892s (after computation of next merge)
Atomic transition system #444: current size: 2 (shrink threshold: 1)
Atomic transition system #444: applying abstraction (2 to 1 states)
Atomic transition system #444: simplification was not f-preserving!
Atomic transition system #444: computing init and goal distances using unit-cost algorithm
Atomic transition system #444: 1 states, 1 arcs 
Atomic transition system #444: init h=0
Composite transition system with 444/480 vars: current size: 9036 (shrink threshold: 1)
Composite transition system with 444/480 vars: not applying abstraction (same number of states)
t=331.093s (after shrinking)
Merging atomic transition system #444 and composite transition system with 444/480 vars
Composite transition system with 445/480 vars: computing init and goal distances using unit-cost algorithm
Composite transition system with 445/480 vars: 9036 states, 1381326 arcs 
Composite transition system with 445/480 vars: init h=4
Difference of init h values: 0
t=331.152s (after merging)
Composite transition system with 445/480 vars: not applying abstraction (same number of states)
Current peak memory increase of merge-and-shrink computation: 78848 KB

Next pair of indices: (445, 923)
Atomic transition system #445: 2 states, 6 arcs 
Atomic transition system #445: init h=0
Composite transition system with 445/480 vars: 9036 states, 1381326 arcs 
Composite transition system with 445/480 vars: init h=4
t=331.17s (after computation of next merge)
Atomic transition system #445: current size: 2 (shrink threshold: 1)
Atomic transition system #445: applying abstraction (2 to 1 states)
Atomic transition system #445: simplification was not f-preserving!
Atomic transition system #445: computing init and goal distances using unit-cost algorithm
Atomic transition system #445: 1 states, 1 arcs 
Atomic transition system #445: init h=0
Composite transition system with 445/480 vars: current size: 9036 (shrink threshold: 1)
Composite transition system with 445/480 vars: not applying abstraction (same number of states)
t=331.343s (after shrinking)
Merging atomic transition system #445 and composite transition system with 445/480 vars
Composite transition system with 446/480 vars: computing init and goal distances using unit-cost algorithm
Composite transition system with 446/480 vars: 9036 states, 1381326 arcs 
Composite transition system with 446/480 vars: init h=4
Difference of init h values: 0
t=331.405s (after merging)
Composite transition system with 446/480 vars: not applying abstraction (same number of states)
Current peak memory increase of merge-and-shrink computation: 78848 KB

Next pair of indices: (446, 924)
Atomic transition system #446: 2 states, 6 arcs 
Atomic transition system #446: init h=0
Composite transition system with 446/480 vars: 9036 states, 1381326 arcs 
Composite transition system with 446/480 vars: init h=4
t=331.423s (after computation of next merge)
Atomic transition system #446: current size: 2 (shrink threshold: 1)
Atomic transition system #446: applying abstraction (2 to 1 states)
Atomic transition system #446: simplification was not f-preserving!
Atomic transition system #446: computing init and goal distances using unit-cost algorithm
Atomic transition system #446: 1 states, 1 arcs 
Atomic transition system #446: init h=0
Composite transition system with 446/480 vars: current size: 9036 (shrink threshold: 1)
Composite transition system with 446/480 vars: not applying abstraction (same number of states)
t=331.622s (after shrinking)
Merging atomic transition system #446 and composite transition system with 446/480 vars
Composite transition system with 447/480 vars: computing init and goal distances using unit-cost algorithm
Composite transition system with 447/480 vars: 9036 states, 1381326 arcs 
Composite transition system with 447/480 vars: init h=4
Difference of init h values: 0
t=331.693s (after merging)
Composite transition system with 447/480 vars: not applying abstraction (same number of states)
Current peak memory increase of merge-and-shrink computation: 78848 KB

Next pair of indices: (447, 925)
Atomic transition system #447: 2 states, 6 arcs 
Atomic transition system #447: init h=0
Composite transition system with 447/480 vars: 9036 states, 1381326 arcs 
Composite transition system with 447/480 vars: init h=4
t=331.713s (after computation of next merge)
Atomic transition system #447: current size: 2 (shrink threshold: 1)
Atomic transition system #447: applying abstraction (2 to 1 states)
Atomic transition system #447: simplification was not f-preserving!
Atomic transition system #447: computing init and goal distances using unit-cost algorithm
Atomic transition system #447: 1 states, 1 arcs 
Atomic transition system #447: init h=0
Composite transition system with 447/480 vars: current size: 9036 (shrink threshold: 1)
Composite transition system with 447/480 vars: not applying abstraction (same number of states)
t=331.903s (after shrinking)
Merging atomic transition system #447 and composite transition system with 447/480 vars
Composite transition system with 448/480 vars: computing init and goal distances using unit-cost algorithm
Composite transition system with 448/480 vars: 9036 states, 1381326 arcs 
Composite transition system with 448/480 vars: init h=4
Difference of init h values: 0
t=331.967s (after merging)
Composite transition system with 448/480 vars: not applying abstraction (same number of states)
Current peak memory increase of merge-and-shrink computation: 78848 KB

Next pair of indices: (448, 926)
Atomic transition system #448: 2 states, 6 arcs 
Atomic transition system #448: init h=0
Composite transition system with 448/480 vars: 9036 states, 1381326 arcs 
Composite transition system with 448/480 vars: init h=4
t=331.984s (after computation of next merge)
Atomic transition system #448: current size: 2 (shrink threshold: 1)
Atomic transition system #448: applying abstraction (2 to 1 states)
Atomic transition system #448: simplification was not f-preserving!
Atomic transition system #448: computing init and goal distances using unit-cost algorithm
Atomic transition system #448: 1 states, 1 arcs 
Atomic transition system #448: init h=0
Composite transition system with 448/480 vars: current size: 9036 (shrink threshold: 1)
Composite transition system with 448/480 vars: not applying abstraction (same number of states)
t=332.175s (after shrinking)
Merging atomic transition system #448 and composite transition system with 448/480 vars
Composite transition system with 449/480 vars: computing init and goal distances using unit-cost algorithm
Composite transition system with 449/480 vars: 9036 states, 1381326 arcs 
Composite transition system with 449/480 vars: init h=4
Difference of init h values: 0
t=332.234s (after merging)
Composite transition system with 449/480 vars: not applying abstraction (same number of states)
Current peak memory increase of merge-and-shrink computation: 78848 KB

Next pair of indices: (449, 927)
Atomic transition system #449: 2 states, 6 arcs 
Atomic transition system #449: init h=0
Composite transition system with 449/480 vars: 9036 states, 1381326 arcs 
Composite transition system with 449/480 vars: init h=4
t=332.25s (after computation of next merge)
Atomic transition system #449: current size: 2 (shrink threshold: 1)
Atomic transition system #449: applying abstraction (2 to 1 states)
Atomic transition system #449: simplification was not f-preserving!
Atomic transition system #449: computing init and goal distances using unit-cost algorithm
Atomic transition system #449: 1 states, 1 arcs 
Atomic transition system #449: init h=0
Composite transition system with 449/480 vars: current size: 9036 (shrink threshold: 1)
Composite transition system with 449/480 vars: not applying abstraction (same number of states)
t=332.426s (after shrinking)
Merging atomic transition system #449 and composite transition system with 449/480 vars
Composite transition system with 450/480 vars: computing init and goal distances using unit-cost algorithm
Composite transition system with 450/480 vars: 9036 states, 1381326 arcs 
Composite transition system with 450/480 vars: init h=4
Difference of init h values: 0
t=332.487s (after merging)
Composite transition system with 450/480 vars: not applying abstraction (same number of states)
Current peak memory increase of merge-and-shrink computation: 78848 KB

Next pair of indices: (450, 928)
Atomic transition system #450: 2 states, 6 arcs 
Atomic transition system #450: init h=0
Composite transition system with 450/480 vars: 9036 states, 1381326 arcs 
Composite transition system with 450/480 vars: init h=4
t=332.508s (after computation of next merge)
Atomic transition system #450: current size: 2 (shrink threshold: 1)
Atomic transition system #450: applying abstraction (2 to 1 states)
Atomic transition system #450: simplification was not f-preserving!
Atomic transition system #450: computing init and goal distances using unit-cost algorithm
Atomic transition system #450: 1 states, 1 arcs 
Atomic transition system #450: init h=0
Composite transition system with 450/480 vars: current size: 9036 (shrink threshold: 1)
Composite transition system with 450/480 vars: not applying abstraction (same number of states)
t=332.677s (after shrinking)
Merging atomic transition system #450 and composite transition system with 450/480 vars
Composite transition system with 451/480 vars: computing init and goal distances using unit-cost algorithm
Composite transition system with 451/480 vars: 9036 states, 1381326 arcs 
Composite transition system with 451/480 vars: init h=4
Difference of init h values: 0
t=332.737s (after merging)
Composite transition system with 451/480 vars: not applying abstraction (same number of states)
Current peak memory increase of merge-and-shrink computation: 78848 KB

Next pair of indices: (451, 929)
Atomic transition system #451: 2 states, 6 arcs 
Atomic transition system #451: init h=0
Composite transition system with 451/480 vars: 9036 states, 1381326 arcs 
Composite transition system with 451/480 vars: init h=4
t=332.755s (after computation of next merge)
Atomic transition system #451: current size: 2 (shrink threshold: 1)
Atomic transition system #451: applying abstraction (2 to 1 states)
Atomic transition system #451: simplification was not f-preserving!
Atomic transition system #451: computing init and goal distances using unit-cost algorithm
Atomic transition system #451: 1 states, 1 arcs 
Atomic transition system #451: init h=0
Composite transition system with 451/480 vars: current size: 9036 (shrink threshold: 1)
Composite transition system with 451/480 vars: not applying abstraction (same number of states)
t=332.941s (after shrinking)
Merging atomic transition system #451 and composite transition system with 451/480 vars
Composite transition system with 452/480 vars: computing init and goal distances using unit-cost algorithm
Composite transition system with 452/480 vars: 9036 states, 1381326 arcs 
Composite transition system with 452/480 vars: init h=4
Difference of init h values: 0
t=333s (after merging)
Composite transition system with 452/480 vars: not applying abstraction (same number of states)
Current peak memory increase of merge-and-shrink computation: 78848 KB

Next pair of indices: (452, 930)
Atomic transition system #452: 2 states, 6 arcs 
Atomic transition system #452: init h=0
Composite transition system with 452/480 vars: 9036 states, 1381326 arcs 
Composite transition system with 452/480 vars: init h=4
t=333.015s (after computation of next merge)
Atomic transition system #452: current size: 2 (shrink threshold: 1)
Atomic transition system #452: applying abstraction (2 to 1 states)
Atomic transition system #452: simplification was not f-preserving!
Atomic transition system #452: computing init and goal distances using unit-cost algorithm
Atomic transition system #452: 1 states, 1 arcs 
Atomic transition system #452: init h=0
Composite transition system with 452/480 vars: current size: 9036 (shrink threshold: 1)
Composite transition system with 452/480 vars: not applying abstraction (same number of states)
t=333.19s (after shrinking)
Merging atomic transition system #452 and composite transition system with 452/480 vars
Composite transition system with 453/480 vars: computing init and goal distances using unit-cost algorithm
Composite transition system with 453/480 vars: 9036 states, 1381326 arcs 
Composite transition system with 453/480 vars: init h=4
Difference of init h values: 0
t=333.245s (after merging)
Composite transition system with 453/480 vars: not applying abstraction (same number of states)
Current peak memory increase of merge-and-shrink computation: 78848 KB

Next pair of indices: (453, 931)
Atomic transition system #453: 2 states, 6 arcs 
Atomic transition system #453: init h=0
Composite transition system with 453/480 vars: 9036 states, 1381326 arcs 
Composite transition system with 453/480 vars: init h=4
t=333.259s (after computation of next merge)
Atomic transition system #453: current size: 2 (shrink threshold: 1)
Atomic transition system #453: applying abstraction (2 to 1 states)
Atomic transition system #453: simplification was not f-preserving!
Atomic transition system #453: computing init and goal distances using unit-cost algorithm
Atomic transition system #453: 1 states, 1 arcs 
Atomic transition system #453: init h=0
Composite transition system with 453/480 vars: current size: 9036 (shrink threshold: 1)
Composite transition system with 453/480 vars: not applying abstraction (same number of states)
t=333.439s (after shrinking)
Merging atomic transition system #453 and composite transition system with 453/480 vars
Composite transition system with 454/480 vars: computing init and goal distances using unit-cost algorithm
Composite transition system with 454/480 vars: 9036 states, 1381326 arcs 
Composite transition system with 454/480 vars: init h=4
Difference of init h values: 0
t=333.502s (after merging)
Composite transition system with 454/480 vars: not applying abstraction (same number of states)
Current peak memory increase of merge-and-shrink computation: 78848 KB

Next pair of indices: (454, 932)
Atomic transition system #454: 2 states, 6 arcs 
Atomic transition system #454: init h=0
Composite transition system with 454/480 vars: 9036 states, 1381326 arcs 
Composite transition system with 454/480 vars: init h=4
t=333.515s (after computation of next merge)
Atomic transition system #454: current size: 2 (shrink threshold: 1)
Atomic transition system #454: applying abstraction (2 to 1 states)
Atomic transition system #454: simplification was not f-preserving!
Atomic transition system #454: computing init and goal distances using unit-cost algorithm
Atomic transition system #454: 1 states, 1 arcs 
Atomic transition system #454: init h=0
Composite transition system with 454/480 vars: current size: 9036 (shrink threshold: 1)
Composite transition system with 454/480 vars: not applying abstraction (same number of states)
t=333.701s (after shrinking)
Merging atomic transition system #454 and composite transition system with 454/480 vars
Composite transition system with 455/480 vars: computing init and goal distances using unit-cost algorithm
Composite transition system with 455/480 vars: 9036 states, 1381326 arcs 
Composite transition system with 455/480 vars: init h=4
Difference of init h values: 0
t=333.759s (after merging)
Composite transition system with 455/480 vars: not applying abstraction (same number of states)
Current peak memory increase of merge-and-shrink computation: 78848 KB

Next pair of indices: (455, 933)
Atomic transition system #455: 2 states, 6 arcs 
Atomic transition system #455: init h=1
Composite transition system with 455/480 vars: 9036 states, 1381326 arcs 
Composite transition system with 455/480 vars: init h=4
t=333.773s (after computation of next merge)
Atomic transition system #455: current size: 2 (shrink threshold: 1)
Atomic transition system #455: not applying abstraction (same number of states)
Composite transition system with 455/480 vars: current size: 9036 (shrink threshold: 1)
Composite transition system with 455/480 vars: not applying abstraction (same number of states)
Merging atomic transition system #455 and composite transition system with 455/480 vars
Composite transition system with 456/480 vars: computing init and goal distances using unit-cost algorithm
Composite transition system with 456/480 vars: 18072 states, 4065148 arcs 
Composite transition system with 456/480 vars: init h=4
Difference of init h values: 0
t=334.325s (after merging)
Composite transition system with 456/480 vars: not applying abstraction (same number of states)
Current peak memory increase of merge-and-shrink computation: 78848 KB

Next pair of indices: (456, 934)
Atomic transition system #456: 2 states, 6 arcs 
Atomic transition system #456: init h=0
Composite transition system with 456/480 vars: 18072 states, 4065148 arcs 
Composite transition system with 456/480 vars: init h=4
t=334.337s (after computation of next merge)
Atomic transition system #456: current size: 2 (shrink threshold: 1)
Atomic transition system #456: applying abstraction (2 to 1 states)
Atomic transition system #456: simplification was not f-preserving!
Atomic transition system #456: computing init and goal distances using unit-cost algorithm
Atomic transition system #456: 1 states, 1 arcs 
Atomic transition system #456: init h=0
Composite transition system with 456/480 vars: current size: 18072 (shrink threshold: 1)
Composite transition system with 456/480 vars: applying abstraction (18072 to 10665 states)
Composite transition system with 456/480 vars: simplification was not f-preserving!
Composite transition system with 456/480 vars: computing init and goal distances using unit-cost algorithm
Composite transition system with 456/480 vars: 10665 states, 1811646 arcs 
Composite transition system with 456/480 vars: init h=4
t=335.163s (after shrinking)
Merging atomic transition system #456 and composite transition system with 456/480 vars
Composite transition system with 457/480 vars: computing init and goal distances using unit-cost algorithm
Composite transition system with 457/480 vars: 10665 states, 1811646 arcs 
Composite transition system with 457/480 vars: init h=4
Difference of init h values: 0
t=335.25s (after merging)
Composite transition system with 457/480 vars: not applying abstraction (same number of states)
Current peak memory increase of merge-and-shrink computation: 88380 KB

Next pair of indices: (457, 935)
Atomic transition system #457: 2 states, 6 arcs 
Atomic transition system #457: init h=0
Composite transition system with 457/480 vars: 10665 states, 1811646 arcs 
Composite transition system with 457/480 vars: init h=4
t=335.26s (after computation of next merge)
Atomic transition system #457: current size: 2 (shrink threshold: 1)
Atomic transition system #457: applying abstraction (2 to 1 states)
Atomic transition system #457: simplification was not f-preserving!
Atomic transition system #457: computing init and goal distances using unit-cost algorithm
Atomic transition system #457: 1 states, 1 arcs 
Atomic transition system #457: init h=0
Composite transition system with 457/480 vars: current size: 10665 (shrink threshold: 1)
Composite transition system with 457/480 vars: not applying abstraction (same number of states)
t=335.608s (after shrinking)
Merging atomic transition system #457 and composite transition system with 457/480 vars
Composite transition system with 458/480 vars: computing init and goal distances using unit-cost algorithm
Composite transition system with 458/480 vars: 10665 states, 1811646 arcs 
Composite transition system with 458/480 vars: init h=4
Difference of init h values: 0
t=335.737s (after merging)
Composite transition system with 458/480 vars: not applying abstraction (same number of states)
Current peak memory increase of merge-and-shrink computation: 88380 KB

Next pair of indices: (458, 936)
Atomic transition system #458: 2 states, 6 arcs 
Atomic transition system #458: init h=0
Composite transition system with 458/480 vars: 10665 states, 1811646 arcs 
Composite transition system with 458/480 vars: init h=4
t=335.751s (after computation of next merge)
Atomic transition system #458: current size: 2 (shrink threshold: 1)
Atomic transition system #458: applying abstraction (2 to 1 states)
Atomic transition system #458: simplification was not f-preserving!
Atomic transition system #458: computing init and goal distances using unit-cost algorithm
Atomic transition system #458: 1 states, 1 arcs 
Atomic transition system #458: init h=0
Composite transition system with 458/480 vars: current size: 10665 (shrink threshold: 1)
Composite transition system with 458/480 vars: not applying abstraction (same number of states)
t=336.153s (after shrinking)
Merging atomic transition system #458 and composite transition system with 458/480 vars
Composite transition system with 459/480 vars: computing init and goal distances using unit-cost algorithm
Composite transition system with 459/480 vars: 10665 states, 1811646 arcs 
Composite transition system with 459/480 vars: init h=4
Difference of init h values: 0
t=336.274s (after merging)
Composite transition system with 459/480 vars: not applying abstraction (same number of states)
Current peak memory increase of merge-and-shrink computation: 88380 KB

Next pair of indices: (459, 937)
Atomic transition system #459: 2 states, 6 arcs 
Atomic transition system #459: init h=0
Composite transition system with 459/480 vars: 10665 states, 1811646 arcs 
Composite transition system with 459/480 vars: init h=4
t=336.286s (after computation of next merge)
Atomic transition system #459: current size: 2 (shrink threshold: 1)
Atomic transition system #459: applying abstraction (2 to 1 states)
Atomic transition system #459: simplification was not f-preserving!
Atomic transition system #459: computing init and goal distances using unit-cost algorithm
Atomic transition system #459: 1 states, 1 arcs 
Atomic transition system #459: init h=0
Composite transition system with 459/480 vars: current size: 10665 (shrink threshold: 1)
Composite transition system with 459/480 vars: not applying abstraction (same number of states)
t=336.583s (after shrinking)
Merging atomic transition system #459 and composite transition system with 459/480 vars
Composite transition system with 460/480 vars: computing init and goal distances using unit-cost algorithm
Composite transition system with 460/480 vars: 10665 states, 1811646 arcs 
Composite transition system with 460/480 vars: init h=4
Difference of init h values: 0
t=336.671s (after merging)
Composite transition system with 460/480 vars: not applying abstraction (same number of states)
Current peak memory increase of merge-and-shrink computation: 88380 KB

Next pair of indices: (460, 938)
Atomic transition system #460: 2 states, 6 arcs 
Atomic transition system #460: init h=0
Composite transition system with 460/480 vars: 10665 states, 1811646 arcs 
Composite transition system with 460/480 vars: init h=4
t=336.679s (after computation of next merge)
Atomic transition system #460: current size: 2 (shrink threshold: 1)
Atomic transition system #460: applying abstraction (2 to 1 states)
Atomic transition system #460: simplification was not f-preserving!
Atomic transition system #460: computing init and goal distances using unit-cost algorithm
Atomic transition system #460: 1 states, 1 arcs 
Atomic transition system #460: init h=0
Composite transition system with 460/480 vars: current size: 10665 (shrink threshold: 1)
Composite transition system with 460/480 vars: not applying abstraction (same number of states)
t=336.916s (after shrinking)
Merging atomic transition system #460 and composite transition system with 460/480 vars
Composite transition system with 461/480 vars: computing init and goal distances using unit-cost algorithm
Composite transition system with 461/480 vars: 10665 states, 1811646 arcs 
Composite transition system with 461/480 vars: init h=4
Difference of init h values: 0
t=336.993s (after merging)
Composite transition system with 461/480 vars: not applying abstraction (same number of states)
Current peak memory increase of merge-and-shrink computation: 88380 KB

Next pair of indices: (461, 939)
Atomic transition system #461: 2 states, 6 arcs 
Atomic transition system #461: init h=0
Composite transition system with 461/480 vars: 10665 states, 1811646 arcs 
Composite transition system with 461/480 vars: init h=4
t=337s (after computation of next merge)
Atomic transition system #461: current size: 2 (shrink threshold: 1)
Atomic transition system #461: applying abstraction (2 to 1 states)
Atomic transition system #461: simplification was not f-preserving!
Atomic transition system #461: computing init and goal distances using unit-cost algorithm
Atomic transition system #461: 1 states, 1 arcs 
Atomic transition system #461: init h=0
Composite transition system with 461/480 vars: current size: 10665 (shrink threshold: 1)
Composite transition system with 461/480 vars: not applying abstraction (same number of states)
t=337.239s (after shrinking)
Merging atomic transition system #461 and composite transition system with 461/480 vars
Composite transition system with 462/480 vars: computing init and goal distances using unit-cost algorithm
Composite transition system with 462/480 vars: 10665 states, 1811646 arcs 
Composite transition system with 462/480 vars: init h=4
Difference of init h values: 0
t=337.315s (after merging)
Composite transition system with 462/480 vars: not applying abstraction (same number of states)
Current peak memory increase of merge-and-shrink computation: 88380 KB

Next pair of indices: (462, 940)
Atomic transition system #462: 2 states, 6 arcs 
Atomic transition system #462: init h=0
Composite transition system with 462/480 vars: 10665 states, 1811646 arcs 
Composite transition system with 462/480 vars: init h=4
t=337.321s (after computation of next merge)
Atomic transition system #462: current size: 2 (shrink threshold: 1)
Atomic transition system #462: applying abstraction (2 to 1 states)
Atomic transition system #462: simplification was not f-preserving!
Atomic transition system #462: computing init and goal distances using unit-cost algorithm
Atomic transition system #462: 1 states, 1 arcs 
Atomic transition system #462: init h=0
Composite transition system with 462/480 vars: current size: 10665 (shrink threshold: 1)
Composite transition system with 462/480 vars: not applying abstraction (same number of states)
t=337.56s (after shrinking)
Merging atomic transition system #462 and composite transition system with 462/480 vars
Composite transition system with 463/480 vars: computing init and goal distances using unit-cost algorithm
Composite transition system with 463/480 vars: 10665 states, 1811646 arcs 
Composite transition system with 463/480 vars: init h=4
Difference of init h values: 0
t=337.637s (after merging)
Composite transition system with 463/480 vars: not applying abstraction (same number of states)
Current peak memory increase of merge-and-shrink computation: 88380 KB

Next pair of indices: (463, 941)
Atomic transition system #463: 2 states, 6 arcs 
Atomic transition system #463: init h=0
Composite transition system with 463/480 vars: 10665 states, 1811646 arcs 
Composite transition system with 463/480 vars: init h=4
t=337.644s (after computation of next merge)
Atomic transition system #463: current size: 2 (shrink threshold: 1)
Atomic transition system #463: applying abstraction (2 to 1 states)
Atomic transition system #463: simplification was not f-preserving!
Atomic transition system #463: computing init and goal distances using unit-cost algorithm
Atomic transition system #463: 1 states, 1 arcs 
Atomic transition system #463: init h=0
Composite transition system with 463/480 vars: current size: 10665 (shrink threshold: 1)
Composite transition system with 463/480 vars: not applying abstraction (same number of states)
t=337.858s (after shrinking)
Merging atomic transition system #463 and composite transition system with 463/480 vars
Composite transition system with 464/480 vars: computing init and goal distances using unit-cost algorithm
Composite transition system with 464/480 vars: 10665 states, 1811646 arcs 
Composite transition system with 464/480 vars: init h=4
Difference of init h values: 0
t=337.93s (after merging)
Composite transition system with 464/480 vars: not applying abstraction (same number of states)
Current peak memory increase of merge-and-shrink computation: 88380 KB

Next pair of indices: (464, 942)
Atomic transition system #464: 2 states, 6 arcs 
Atomic transition system #464: init h=0
Composite transition system with 464/480 vars: 10665 states, 1811646 arcs 
Composite transition system with 464/480 vars: init h=4
t=337.936s (after computation of next merge)
Atomic transition system #464: current size: 2 (shrink threshold: 1)
Atomic transition system #464: applying abstraction (2 to 1 states)
Atomic transition system #464: simplification was not f-preserving!
Atomic transition system #464: computing init and goal distances using unit-cost algorithm
Atomic transition system #464: 1 states, 1 arcs 
Atomic transition system #464: init h=0
Composite transition system with 464/480 vars: current size: 10665 (shrink threshold: 1)
Composite transition system with 464/480 vars: not applying abstraction (same number of states)
t=338.153s (after shrinking)
Merging atomic transition system #464 and composite transition system with 464/480 vars
Composite transition system with 465/480 vars: computing init and goal distances using unit-cost algorithm
Composite transition system with 465/480 vars: 10665 states, 1811646 arcs 
Composite transition system with 465/480 vars: init h=4
Difference of init h values: 0
t=338.231s (after merging)
Composite transition system with 465/480 vars: not applying abstraction (same number of states)
Current peak memory increase of merge-and-shrink computation: 88380 KB

Next pair of indices: (465, 943)
Atomic transition system #465: 2 states, 6 arcs 
Atomic transition system #465: init h=0
Composite transition system with 465/480 vars: 10665 states, 1811646 arcs 
Composite transition system with 465/480 vars: init h=4
t=338.238s (after computation of next merge)
Atomic transition system #465: current size: 2 (shrink threshold: 1)
Atomic transition system #465: applying abstraction (2 to 1 states)
Atomic transition system #465: simplification was not f-preserving!
Atomic transition system #465: computing init and goal distances using unit-cost algorithm
Atomic transition system #465: 1 states, 1 arcs 
Atomic transition system #465: init h=0
Composite transition system with 465/480 vars: current size: 10665 (shrink threshold: 1)
Composite transition system with 465/480 vars: not applying abstraction (same number of states)
t=338.469s (after shrinking)
Merging atomic transition system #465 and composite transition system with 465/480 vars
Composite transition system with 466/480 vars: computing init and goal distances using unit-cost algorithm
Composite transition system with 466/480 vars: 10665 states, 1811646 arcs 
Composite transition system with 466/480 vars: init h=4
Difference of init h values: 0
t=338.543s (after merging)
Composite transition system with 466/480 vars: not applying abstraction (same number of states)
Current peak memory increase of merge-and-shrink computation: 88380 KB

Next pair of indices: (466, 944)
Atomic transition system #466: 2 states, 6 arcs 
Atomic transition system #466: init h=0
Composite transition system with 466/480 vars: 10665 states, 1811646 arcs 
Composite transition system with 466/480 vars: init h=4
t=338.549s (after computation of next merge)
Atomic transition system #466: current size: 2 (shrink threshold: 1)
Atomic transition system #466: applying abstraction (2 to 1 states)
Atomic transition system #466: simplification was not f-preserving!
Atomic transition system #466: computing init and goal distances using unit-cost algorithm
Atomic transition system #466: 1 states, 1 arcs 
Atomic transition system #466: init h=0
Composite transition system with 466/480 vars: current size: 10665 (shrink threshold: 1)
Composite transition system with 466/480 vars: not applying abstraction (same number of states)
t=338.788s (after shrinking)
Merging atomic transition system #466 and composite transition system with 466/480 vars
Composite transition system with 467/480 vars: computing init and goal distances using unit-cost algorithm
Composite transition system with 467/480 vars: 10665 states, 1811646 arcs 
Composite transition system with 467/480 vars: init h=4
Difference of init h values: 0
t=338.866s (after merging)
Composite transition system with 467/480 vars: not applying abstraction (same number of states)
Current peak memory increase of merge-and-shrink computation: 88380 KB

Next pair of indices: (467, 945)
Atomic transition system #467: 2 states, 6 arcs 
Atomic transition system #467: init h=0
Composite transition system with 467/480 vars: 10665 states, 1811646 arcs 
Composite transition system with 467/480 vars: init h=4
t=338.872s (after computation of next merge)
Atomic transition system #467: current size: 2 (shrink threshold: 1)
Atomic transition system #467: applying abstraction (2 to 1 states)
Atomic transition system #467: simplification was not f-preserving!
Atomic transition system #467: computing init and goal distances using unit-cost algorithm
Atomic transition system #467: 1 states, 1 arcs 
Atomic transition system #467: init h=0
Composite transition system with 467/480 vars: current size: 10665 (shrink threshold: 1)
Composite transition system with 467/480 vars: not applying abstraction (same number of states)
t=339.103s (after shrinking)
Merging atomic transition system #467 and composite transition system with 467/480 vars
Composite transition system with 468/480 vars: computing init and goal distances using unit-cost algorithm
Composite transition system with 468/480 vars: 10665 states, 1811646 arcs 
Composite transition system with 468/480 vars: init h=4
Difference of init h values: 0
t=339.181s (after merging)
Composite transition system with 468/480 vars: not applying abstraction (same number of states)
Current peak memory increase of merge-and-shrink computation: 88380 KB

Next pair of indices: (468, 946)
Atomic transition system #468: 2 states, 6 arcs 
Atomic transition system #468: init h=0
Composite transition system with 468/480 vars: 10665 states, 1811646 arcs 
Composite transition system with 468/480 vars: init h=4
t=339.187s (after computation of next merge)
Atomic transition system #468: current size: 2 (shrink threshold: 1)
Atomic transition system #468: applying abstraction (2 to 1 states)
Atomic transition system #468: simplification was not f-preserving!
Atomic transition system #468: computing init and goal distances using unit-cost algorithm
Atomic transition system #468: 1 states, 1 arcs 
Atomic transition system #468: init h=0
Composite transition system with 468/480 vars: current size: 10665 (shrink threshold: 1)
Composite transition system with 468/480 vars: not applying abstraction (same number of states)
t=339.41s (after shrinking)
Merging atomic transition system #468 and composite transition system with 468/480 vars
Composite transition system with 469/480 vars: computing init and goal distances using unit-cost algorithm
Composite transition system with 469/480 vars: 10665 states, 1811646 arcs 
Composite transition system with 469/480 vars: init h=4
Difference of init h values: 0
t=339.485s (after merging)
Composite transition system with 469/480 vars: not applying abstraction (same number of states)
Current peak memory increase of merge-and-shrink computation: 88380 KB

Next pair of indices: (469, 947)
Atomic transition system #469: 2 states, 6 arcs 
Atomic transition system #469: init h=0
Composite transition system with 469/480 vars: 10665 states, 1811646 arcs 
Composite transition system with 469/480 vars: init h=4
t=339.49s (after computation of next merge)
Atomic transition system #469: current size: 2 (shrink threshold: 1)
Atomic transition system #469: applying abstraction (2 to 1 states)
Atomic transition system #469: simplification was not f-preserving!
Atomic transition system #469: computing init and goal distances using unit-cost algorithm
Atomic transition system #469: 1 states, 1 arcs 
Atomic transition system #469: init h=0
Composite transition system with 469/480 vars: current size: 10665 (shrink threshold: 1)
Composite transition system with 469/480 vars: not applying abstraction (same number of states)
t=339.764s (after shrinking)
Merging atomic transition system #469 and composite transition system with 469/480 vars
Composite transition system with 470/480 vars: computing init and goal distances using unit-cost algorithm
Composite transition system with 470/480 vars: 10665 states, 1811646 arcs 
Composite transition system with 470/480 vars: init h=4
Difference of init h values: 0
t=339.848s (after merging)
Composite transition system with 470/480 vars: not applying abstraction (same number of states)
Current peak memory increase of merge-and-shrink computation: 88380 KB

Next pair of indices: (470, 948)
Atomic transition system #470: 2 states, 6 arcs 
Atomic transition system #470: init h=0
Composite transition system with 470/480 vars: 10665 states, 1811646 arcs 
Composite transition system with 470/480 vars: init h=4
t=339.853s (after computation of next merge)
Atomic transition system #470: current size: 2 (shrink threshold: 1)
Atomic transition system #470: applying abstraction (2 to 1 states)
Atomic transition system #470: simplification was not f-preserving!
Atomic transition system #470: computing init and goal distances using unit-cost algorithm
Atomic transition system #470: 1 states, 1 arcs 
Atomic transition system #470: init h=0
Composite transition system with 470/480 vars: current size: 10665 (shrink threshold: 1)
Composite transition system with 470/480 vars: not applying abstraction (same number of states)
t=340.104s (after shrinking)
Merging atomic transition system #470 and composite transition system with 470/480 vars
Composite transition system with 471/480 vars: computing init and goal distances using unit-cost algorithm
Composite transition system with 471/480 vars: 10665 states, 1811646 arcs 
Composite transition system with 471/480 vars: init h=4
Difference of init h values: 0
t=340.182s (after merging)
Composite transition system with 471/480 vars: not applying abstraction (same number of states)
Current peak memory increase of merge-and-shrink computation: 88380 KB

Next pair of indices: (471, 949)
Atomic transition system #471: 2 states, 6 arcs 
Atomic transition system #471: init h=0
Composite transition system with 471/480 vars: 10665 states, 1811646 arcs 
Composite transition system with 471/480 vars: init h=4
t=340.188s (after computation of next merge)
Atomic transition system #471: current size: 2 (shrink threshold: 1)
Atomic transition system #471: applying abstraction (2 to 1 states)
Atomic transition system #471: simplification was not f-preserving!
Atomic transition system #471: computing init and goal distances using unit-cost algorithm
Atomic transition system #471: 1 states, 1 arcs 
Atomic transition system #471: init h=0
Composite transition system with 471/480 vars: current size: 10665 (shrink threshold: 1)
Composite transition system with 471/480 vars: not applying abstraction (same number of states)
t=340.416s (after shrinking)
Merging atomic transition system #471 and composite transition system with 471/480 vars
Composite transition system with 472/480 vars: computing init and goal distances using unit-cost algorithm
Composite transition system with 472/480 vars: 10665 states, 1811646 arcs 
Composite transition system with 472/480 vars: init h=4
Difference of init h values: 0
t=340.495s (after merging)
Composite transition system with 472/480 vars: not applying abstraction (same number of states)
Current peak memory increase of merge-and-shrink computation: 88380 KB

Next pair of indices: (472, 950)
Atomic transition system #472: 2 states, 6 arcs 
Atomic transition system #472: init h=0
Composite transition system with 472/480 vars: 10665 states, 1811646 arcs 
Composite transition system with 472/480 vars: init h=4
t=340.5s (after computation of next merge)
Atomic transition system #472: current size: 2 (shrink threshold: 1)
Atomic transition system #472: applying abstraction (2 to 1 states)
Atomic transition system #472: simplification was not f-preserving!
Atomic transition system #472: computing init and goal distances using unit-cost algorithm
Atomic transition system #472: 1 states, 1 arcs 
Atomic transition system #472: init h=0
Composite transition system with 472/480 vars: current size: 10665 (shrink threshold: 1)
Composite transition system with 472/480 vars: not applying abstraction (same number of states)
t=340.737s (after shrinking)
Merging atomic transition system #472 and composite transition system with 472/480 vars
Composite transition system with 473/480 vars: computing init and goal distances using unit-cost algorithm
Composite transition system with 473/480 vars: 10665 states, 1811646 arcs 
Composite transition system with 473/480 vars: init h=4
Difference of init h values: 0
t=340.815s (after merging)
Composite transition system with 473/480 vars: not applying abstraction (same number of states)
Current peak memory increase of merge-and-shrink computation: 88380 KB

Next pair of indices: (473, 951)
Atomic transition system #473: 2 states, 6 arcs 
Atomic transition system #473: init h=0
Composite transition system with 473/480 vars: 10665 states, 1811646 arcs 
Composite transition system with 473/480 vars: init h=4
t=340.819s (after computation of next merge)
Atomic transition system #473: current size: 2 (shrink threshold: 1)
Atomic transition system #473: applying abstraction (2 to 1 states)
Atomic transition system #473: simplification was not f-preserving!
Atomic transition system #473: computing init and goal distances using unit-cost algorithm
Atomic transition system #473: 1 states, 1 arcs 
Atomic transition system #473: init h=0
Composite transition system with 473/480 vars: current size: 10665 (shrink threshold: 1)
Composite transition system with 473/480 vars: not applying abstraction (same number of states)
t=341.05s (after shrinking)
Merging atomic transition system #473 and composite transition system with 473/480 vars
Composite transition system with 474/480 vars: computing init and goal distances using unit-cost algorithm
Composite transition system with 474/480 vars: 10665 states, 1811646 arcs 
Composite transition system with 474/480 vars: init h=4
Difference of init h values: 0
t=341.121s (after merging)
Composite transition system with 474/480 vars: not applying abstraction (same number of states)
Current peak memory increase of merge-and-shrink computation: 88380 KB

Next pair of indices: (474, 952)
Atomic transition system #474: 2 states, 6 arcs 
Atomic transition system #474: init h=0
Composite transition system with 474/480 vars: 10665 states, 1811646 arcs 
Composite transition system with 474/480 vars: init h=4
t=341.125s (after computation of next merge)
Atomic transition system #474: current size: 2 (shrink threshold: 1)
Atomic transition system #474: applying abstraction (2 to 1 states)
Atomic transition system #474: simplification was not f-preserving!
Atomic transition system #474: computing init and goal distances using unit-cost algorithm
Atomic transition system #474: 1 states, 1 arcs 
Atomic transition system #474: init h=0
Composite transition system with 474/480 vars: current size: 10665 (shrink threshold: 1)
Composite transition system with 474/480 vars: not applying abstraction (same number of states)
t=341.342s (after shrinking)
Merging atomic transition system #474 and composite transition system with 474/480 vars
Composite transition system with 475/480 vars: computing init and goal distances using unit-cost algorithm
Composite transition system with 475/480 vars: 10665 states, 1811646 arcs 
Composite transition system with 475/480 vars: init h=4
Difference of init h values: 0
t=341.419s (after merging)
Composite transition system with 475/480 vars: not applying abstraction (same number of states)
Current peak memory increase of merge-and-shrink computation: 88380 KB

Next pair of indices: (475, 953)
Atomic transition system #475: 2 states, 6 arcs 
Atomic transition system #475: init h=0
Composite transition system with 475/480 vars: 10665 states, 1811646 arcs 
Composite transition system with 475/480 vars: init h=4
t=341.424s (after computation of next merge)
Atomic transition system #475: current size: 2 (shrink threshold: 1)
Atomic transition system #475: applying abstraction (2 to 1 states)
Atomic transition system #475: simplification was not f-preserving!
Atomic transition system #475: computing init and goal distances using unit-cost algorithm
Atomic transition system #475: 1 states, 1 arcs 
Atomic transition system #475: init h=0
Composite transition system with 475/480 vars: current size: 10665 (shrink threshold: 1)
Composite transition system with 475/480 vars: not applying abstraction (same number of states)
t=341.664s (after shrinking)
Merging atomic transition system #475 and composite transition system with 475/480 vars
Composite transition system with 476/480 vars: computing init and goal distances using unit-cost algorithm
Composite transition system with 476/480 vars: 10665 states, 1811646 arcs 
Composite transition system with 476/480 vars: init h=4
Difference of init h values: 0
t=341.739s (after merging)
Composite transition system with 476/480 vars: not applying abstraction (same number of states)
Current peak memory increase of merge-and-shrink computation: 88380 KB

Next pair of indices: (476, 954)
Atomic transition system #476: 2 states, 6 arcs 
Atomic transition system #476: init h=0
Composite transition system with 476/480 vars: 10665 states, 1811646 arcs 
Composite transition system with 476/480 vars: init h=4
t=341.743s (after computation of next merge)
Atomic transition system #476: current size: 2 (shrink threshold: 1)
Atomic transition system #476: applying abstraction (2 to 1 states)
Atomic transition system #476: simplification was not f-preserving!
Atomic transition system #476: computing init and goal distances using unit-cost algorithm
Atomic transition system #476: 1 states, 1 arcs 
Atomic transition system #476: init h=0
Composite transition system with 476/480 vars: current size: 10665 (shrink threshold: 1)
Composite transition system with 476/480 vars: not applying abstraction (same number of states)
t=341.976s (after shrinking)
Merging atomic transition system #476 and composite transition system with 476/480 vars
Composite transition system with 477/480 vars: computing init and goal distances using unit-cost algorithm
Composite transition system with 477/480 vars: 10665 states, 1811646 arcs 
Composite transition system with 477/480 vars: init h=4
Difference of init h values: 0
t=342.053s (after merging)
Composite transition system with 477/480 vars: not applying abstraction (same number of states)
Current peak memory increase of merge-and-shrink computation: 88380 KB

Next pair of indices: (477, 955)
Atomic transition system #477: 2 states, 6 arcs 
Atomic transition system #477: init h=0
Composite transition system with 477/480 vars: 10665 states, 1811646 arcs 
Composite transition system with 477/480 vars: init h=4
t=342.057s (after computation of next merge)
Atomic transition system #477: current size: 2 (shrink threshold: 1)
Atomic transition system #477: applying abstraction (2 to 1 states)
Atomic transition system #477: simplification was not f-preserving!
Atomic transition system #477: computing init and goal distances using unit-cost algorithm
Atomic transition system #477: 1 states, 1 arcs 
Atomic transition system #477: init h=0
Composite transition system with 477/480 vars: current size: 10665 (shrink threshold: 1)
Composite transition system with 477/480 vars: not applying abstraction (same number of states)
t=342.293s (after shrinking)
Merging atomic transition system #477 and composite transition system with 477/480 vars
Composite transition system with 478/480 vars: computing init and goal distances using unit-cost algorithm
Composite transition system with 478/480 vars: 10665 states, 1811646 arcs 
Composite transition system with 478/480 vars: init h=4
Difference of init h values: 0
t=342.368s (after merging)
Composite transition system with 478/480 vars: not applying abstraction (same number of states)
Current peak memory increase of merge-and-shrink computation: 88380 KB

Next pair of indices: (478, 956)
Atomic transition system #478: 2 states, 6 arcs 
Atomic transition system #478: init h=0
Composite transition system with 478/480 vars: 10665 states, 1811646 arcs 
Composite transition system with 478/480 vars: init h=4
t=342.371s (after computation of next merge)
Label reduction: 6 labels, 4 after reduction
t=342.503s (after label reduction)
Atomic transition system #478: current size: 2 (shrink threshold: 1)
Atomic transition system #478: applying abstraction (2 to 1 states)
Atomic transition system #478: simplification was not f-preserving!
Atomic transition system #478: computing init and goal distances using unit-cost algorithm
Atomic transition system #478: 1 states, 1 arcs 
Atomic transition system #478: init h=0
Composite transition system with 478/480 vars: current size: 10665 (shrink threshold: 1)
Composite transition system with 478/480 vars: applying abstraction (10665 to 5514 states)
Composite transition system with 478/480 vars: simplification was not f-preserving!
Composite transition system with 478/480 vars: computing init and goal distances using unit-cost algorithm
Composite transition system with 478/480 vars: 5514 states, 868734 arcs 
Composite transition system with 478/480 vars: init h=4
t=342.837s (after shrinking)
Merging atomic transition system #478 and composite transition system with 478/480 vars
Composite transition system with 479/480 vars: computing init and goal distances using unit-cost algorithm
Composite transition system with 479/480 vars: 5514 states, 868734 arcs 
Composite transition system with 479/480 vars: init h=4
Difference of init h values: 0
t=342.875s (after merging)
Composite transition system with 479/480 vars: not applying abstraction (same number of states)
Current peak memory increase of merge-and-shrink computation: 88380 KB

Next pair of indices: (479, 957)
Atomic transition system #479: 2 states, 6 arcs 
Atomic transition system #479: init h=0
Composite transition system with 479/480 vars: 5514 states, 868734 arcs 
Composite transition system with 479/480 vars: init h=4
t=342.876s (after computation of next merge)
Label reduction: 4 labels, 2 after reduction
t=342.978s (after label reduction)
Atomic transition system #479: current size: 2 (shrink threshold: 1)
Atomic transition system #479: not applying abstraction (same number of states)
Composite transition system with 479/480 vars: current size: 5514 (shrink threshold: 1)
Composite transition system with 479/480 vars: applying abstraction (5514 to 1970 states)
Composite transition system with 479/480 vars: simplification was not f-preserving!
Composite transition system with 479/480 vars: computing init and goal distances using unit-cost algorithm
Composite transition system with 479/480 vars: 1970 states, 266932 arcs 
Composite transition system with 479/480 vars: init h=4
t=343.191s (after shrinking)
Merging atomic transition system #479 and composite transition system with 479/480 vars
Composite transition system with 480/480 vars: computing init and goal distances using unit-cost algorithm
Composite transition system with 480/480 vars: 3940 states, 776620 arcs 
Composite transition system with 480/480 vars: init h=4
Difference of init h values: 0
t=343.255s (after merging)
Composite transition system with 480/480 vars: not applying abstraction (same number of states)
Current peak memory increase of merge-and-shrink computation: 88380 KB

Iterations with merge tiebreaking: 478
Total tiebreaking merge candidates: 1262064
Final transition system size: 3940
Maximum intermediate abstraction size: 18072
Maximum intermediate number of transitions: 4065148
Init h value improvements: [0, 0, 0, 0, 0, 0, 0, 0, 0, 0, 0, 0, 0, 0, 0, 0, 0, 0, 0, 0, 0, 0, 0, 0, 0, 0, 0, 0, 0, 0, 0, 0, 0, 0, 0, 0, 0, 0, 0, 0, 0, 0, 0, 0, 0, 0, 0, 0, 0, 0, 0, 0, 0, 0, 0, 0, 0, 0, 0, 0, 0, 0, 0, 0, 0, 0, 0, 0, 0, 0, 0, 0, 0, 0, 0, 0, 0, 0, 0, 0, 0, 0, 0, 0, 0, 0, 0, 0, 0, 0, 0, 0, 0, 0, 1, 0, 0, 0, 0, 0, 0, 0, 0, 0, 0, 0, 0, 0, 0, 0, 0, 0, 0, 0, 0, 0, 0, 0, 0, 0, 0, 0, 0, 0, 0, 0, 0, 0, 0, 0, 0, 0, 0, 0, 0, 0, 0, 0, 0, 0, 0, 0, 0, 0, 0, 0, 0, 0, 0, 0, 0, 0, 0, 0, 0, 0, 0, 0, 0, 0, 0, 0, 0, 0, 0, 0, 0, 0, 0, 0, 0, 0, 0, 0, 0, 0, 0, 0, 0, 0, 0, 0, 0, 0, 0, 0, 0, 0, 0, 0, 1, 0, 0, 0, 0, 0, 0, 0, 0, 0, 0, 0, 0, 0, 0, 0, 0, 0, 0, 0, 0, 0, 0, 0, 0, 0, 0, 0, 0, 0, 0, 0, 0, 0, 0, 0, 0, 0, 0, 0, 0, 0, 0, 0, 0, 0, 0, 0, 0, 0, 0, 0, 0, 0, 0, 0, 0, 0, 0, 0, 0, 0, 0, 0, 0, 0, 0, 0, 0, 0, 0, 0, 1, 0, 0, 0, 0, 0, 0, 0, 0, 0, 0, 0, 0, 0, 0, 0, 0, 0, 0, 0, 0, 0, 0, 0, 0, 0, 0, 0, 0, 0, 0, 0, 0, 0, 0, 0, 0, 0, 0, 0, 0, 0, 0, 0, 0, 0, 0, 0, 0, 0, 0, 0, 0, 0, 0, 0, 0, 0, 0, 0, 0, 0, 0, 0, 0, 0, 0, 0, 0, 0, 0, 0, 0, 0, 0, 0, 0, 0, 0, 0, 0, 0, 0, 0, 0, 0, 0, 0, 0, 0, 0, 0, 0, 0, 0, 0, 0, 0, 0, 0, 0, 0, 0, 0, 0, 0, 0, 0, 0, 0, 0, 0, 0, 0, 0, 0, 0, 0, 0, 0, 0, 0, 0, 0, 0, 0, 0, 0, 0, 0, 0, 0, 0, 0, 0, 0, 0, 0, 0, 0, 0, 0, 0, 0, 0, 0, 0, 0, 0, 0, 0, 0, 0, 0, 0, 0, 0, 0, 0, 0, 0, 0, 0, 0, 0, 0, 0, 0, 0, 0, 0, 0, 0, 0, 0, 0, 0, 0, 0, 0, 0, 0, 0, 0, 0, 0, 0, 0, 0, 0, 0, 0, 0, 0, 0, 0, 0, 0, 0, 0, 0, 0, 0, 0, 0, 0, 0, 0, 0, 0, 0, 0, 0, 0, 0, 0, 0]
Course of label reduction: [12, 6, 6, 6, 6, 6, 6, 6, 6, 6, 6, 6, 6, 6, 6, 6, 6, 6, 6, 6, 6, 6, 6, 6, 6, 6, 6, 6, 6, 6, 6, 6, 6, 6, 6, 6, 6, 6, 6, 6, 6, 6, 6, 6, 6, 6, 6, 6, 6, 6, 6, 6, 6, 6, 6, 6, 6, 6, 6, 6, 6, 6, 6, 6, 6, 6, 6, 6, 6, 6, 6, 6, 6, 6, 6, 6, 6, 6, 6, 6, 6, 6, 6, 6, 6, 6, 6, 6, 6, 6, 6, 6, 6, 6, 6, 6, 6, 6, 6, 6, 6, 6, 6, 6, 6, 6, 6, 6, 6, 6, 6, 6, 6, 6, 6, 6, 6, 6, 6, 6, 6, 6, 6, 6, 6, 6, 6, 6, 6, 6, 6, 6, 6, 6, 6, 6, 6, 6, 6, 6, 6, 6, 6, 6, 6, 6, 6, 6, 6, 6, 6, 6, 6, 6, 6, 6, 6, 6, 6, 6, 6, 6, 6, 6, 6, 6, 6, 6, 6, 6, 6, 6, 6, 6, 6, 6, 6, 6, 6, 6, 6, 6, 6, 6, 6, 6, 6, 6, 6, 6, 6, 6, 6, 6, 6, 6, 6, 6, 6, 6, 6, 6, 6, 6, 6, 6, 6, 6, 6, 6, 6, 6, 6, 6, 6, 6, 6, 6, 6, 6, 6, 6, 6, 6, 6, 6, 6, 6, 6, 6, 6, 6, 6, 6, 6, 6, 6, 6, 6, 6, 6, 6, 6, 6, 6, 6, 6, 6, 6, 6, 6, 6, 6, 6, 6, 6, 6, 6, 6, 6, 6, 6, 6, 6, 6, 6, 6, 6, 6, 6, 6, 6, 6, 6, 6, 6, 6, 6, 6, 6, 6, 6, 6, 6, 6, 6, 6, 6, 6, 6, 6, 6, 6, 6, 6, 6, 6, 6, 6, 6, 6, 6, 6, 6, 6, 6, 6, 6, 6, 6, 6, 6, 6, 6, 6, 6, 6, 6, 6, 6, 6, 6, 6, 6, 6, 6, 6, 6, 6, 6, 6, 6, 6, 6, 6, 6, 6, 6, 6, 6, 6, 6, 6, 6, 6, 6, 6, 6, 6, 6, 6, 6, 6, 6, 6, 6, 6, 6, 6, 6, 6, 6, 6, 6, 6, 6, 6, 6, 6, 6, 6, 6, 6, 6, 6, 6, 6, 6, 6, 6, 6, 6, 6, 6, 6, 6, 6, 6, 6, 6, 6, 6, 6, 6, 6, 6, 6, 6, 6, 6, 6, 6, 6, 6, 6, 6, 6, 6, 6, 6, 6, 6, 6, 6, 6, 6, 6, 6, 6, 6, 6, 6, 6, 6, 6, 6, 6, 6, 6, 6, 6, 6, 6, 6, 6, 6, 6, 6, 6, 6, 6, 6, 6, 6, 6, 6, 6, 6, 6, 6, 6, 6, 6, 6, 6, 6, 6, 6, 6, 6, 6, 6, 6, 6, 6, 6, 6, 6, 6, 6, 6, 6, 6, 6, 6, 6, 6, 6, 4, 2]
Course of miss qualified states shrinking: [0, 0, 0, 0, 0, 0, 0, 0, 0, 0, 0, 0, 0, 0, 0, 0, 0, 0, 0, 0, 0, 0, 0, 0, 0, 0, 0, 0, 0, 0, 0, 0, 0, 0, 0, 0, 0, 0, 0, 0, 0, 0, 0, 0, 0, 0, 0, 0, 0, 0, 0, 0, 0, 0, 0, 0, 0, 0, 0, 0, 0, 0, 0, 0, 0, 0, 0, 0, 0, 0, 0, 0, 0, 0, 0, 0, 0, 0, 0, 0, 0, 0, 0, 0, 0, 0, 0, 0, 0, 0, 0, 0, 0, 0, 0, 0, 0, 0, 0, 0, 0, 0, 0, 0, 0, 0, 0, 0, 0, 0, 0, 0, 0, 0, 0, 0, 0, 0, 0, 0, 0, 0, 0, 0, 0, 0, 0, 0, 0, 0, 0, 0, 0, 0, 0, 0, 0, 0, 0, 0, 0, 0, 0, 0, 0, 0, 0, 0, 0, 0, 0, 0, 0, 0, 0, 0, 0, 0, 0, 0, 0, 0, 0, 0, 0, 0, 0, 0, 0, 0, 0, 0, 0, 0, 0, 0, 0, 0, 0, 0, 0, 0, 0, 0, 0, 0, 0, 0, 0, 0, 0, 0, 0, 0, 0, 0, 0, 0, 0, 0, 0, 0, 0, 0, 0, 0, 0, 0, 0, 0, 0, 0, 0, 0, 0, 0, 0, 0, 0, 0, 0, 0, 0, 0, 0, 0, 0, 0, 0, 0, 0, 0, 0, 0, 0, 0, 0, 0, 0, 0, 0, 0, 0, 0, 0, 0, 0, 0, 0, 0, 0, 0, 0, 0, 0, 0, 0, 0, 0, 0, 0, 0, 0, 0, 0, 0, 0, 0, 0, 0, 0, 0, 0, 0, 0, 0, 0, 0, 0, 0, 0, 0, 0, 0, 0, 0, 0, 0, 0, 0, 0, 0, 0, 0, 0, 0, 0, 0, 0, 0, 0, 0, 0, 0, 0, 0, 0, 0, 0, 0, 0, 0, 0, 0, 0, 0, 0, 0, 0, 0, 0, 0, 0, 0, 0, 0, 0, 0, 0, 0, 0, 0, 0, 0, 0, 0, 0, 0, 0, 0, 0, 0, 0, 0, 0, 0, 0, 0, 0, 0, 0, 0, 0, 0, 0, 0, 0, 0, 0, 0, 0, 0, 0, 0, 0, 0, 0, 0, 0, 0, 0, 0, 0, 0, 0, 0, 0, 0, 0, 0, 0, 0, 0, 0, 0, 0, 0, 0, 0, 0, 0, 0, 0, 0, 0, 0, 0, 0, 0, 0, 0, 0, 0, 0, 0, 0, 0, 0, 0, 0, 0, 0, 0, 0, 0, 0, 0, 0, 0, 0, 0, 0, 0, 0, 0, 0, 0, 0, 0, 0, 0, 0, 0, 0, 0, 0, 0, 0, 0, 0, 0, 0, 0, 0, 0, 0, 0, 0, 0, 0, 0, 0, 0, 0, 0, 0, 0, 0, 0, 0, 0, 0, 0, 0, 0, 0, 0, 0, 0, 0, 0, 0, 0, 0, 0, 0, 0, 0, 0, 0, 0, 0, 0, 0, 0, 0, 0, 0, 0, 0, 0, 0, 0, 0, 0, 0, 0, 0, 0, 0, 0, 0, 0, 0, 0, 0, 0, 0, 0, 0, 0, 0, 0, 0, 0, 0, 0, 0, 0, 0, 0, 0, 0, 0, 0, 0, 0, 0, 0, 0, 0, 0, 0, 0, 0, 0, 0, 0, 0, 0, 0, 0, 0, 0, 0, 0, 0, 0, 0, 0, 0, 0, 0, 0, 0, 0, 0, 0, 0, 0, 0, 0, 0, 0, 0, 0, 0, 0, 0, 0, 0, 0, 0, 0, 0, 0, 0, 0, 0, 0, 0, 0, 0, 0, 0, 0, 0, 0, 0, 0, 0, 0, 0, 0, 0, 0, 0, 0, 0, 0, 0, 0, 0, 0, 0, 0, 0, 0, 0, 0, 0, 0, 0, 0, 0, 0, 0, 0, 0, 0, 0, 0, 0, 0, 0, 0, 0, 0, 0, 0, 0, 0, 0, 0, 0, 0, 0, 0, 0, 0, 0, 0, 0, 0, 0, 0, 0, 0, 0, 0, 0, 0, 0, 0, 0, 0, 0, 0, 0, 0, 0, 0, 0, 0, 0, 0, 0, 0, 0, 0, 0, 0, 0, 0, 0, 0, 0, 0, 0, 0, 0, 0, 0, 0, 0, 0, 0, 0, 0, 0, 0, 0, 0, 0, 0, 0, 0, 0, 0, 0, 0, 0, 0, 0, 0, 0, 0, 0, 0, 0, 0, 0, 0, 0, 0, 0, 0, 0, 0, 0, 0, 0, 0, 0, 0, 0, 0, 0, 0, 0, 0, 0, 0, 0, 0, 0, 0, 0, 0, 0, 0, 0, 0, 0, 0, 0, 0, 0, 0, 0, 0, 0, 0, 0, 0, 0, 0, 0, 0, 0, 0, 0, 0, 0, 0, 0, 0, 0, 0, 0, 0, 0, 0, 0, 0, 0, 0, 0, 0, 0, 0, 0, 0, 0, 0, 0, 0, 0, 0, 0, 0, 0, 0, 0, 0, 0, 0, 0, 0, 0, 0, 0, 0, 0, 0, 0, 0, 0, 0, 0, 0, 0, 0, 0, 0, 0, 0, 0, 0, 0, 0, 0, 0, 0, 0, 0, 0, 0, 0, 0, 0, 0, 0, 0, 0, 0, 0, 0, 0, 0, 0, 0, 0, 0, 0, 0, 0, 0, 0, 0, 0, 0, 0, 0, 0, 0, 0, 0, 0, 0, 0, 0, 0, 0, 0, 0, 0, 0, 0, 0, 0, 0, 0, 0, 0, 0, 0, 0, 0, 0, 0, 0, 0, 0, 0, 0, 0, 0, 0, 0, 0, 0, 0, 0, 0, 0, 0, 0, 0, 0, 0, 0, 0, 0, 0, 0, 0, 0, 0, 0, 0, 0, 0, 0, 0, 0, 0, 0, 0, 0, 0, 0, 0, 0, 0, 0, 0, 0, 0, 0, 0, 0, 0, 0, 0, 0, 0, 0, 0, 0, 0, 0, 0, 0, 0, 0, 0, 0, 0, 0, 0, 0, 0, 0, 0, 0, 0, 0]
Average imperfect shrinking: 0
Merge order: [(0, 47), (1, 480), (2, 481), (5, 482), (6, 483), (7, 484), (8, 485), (9, 486), (10, 487), (11, 488), (13, 489), (14, 490), (15, 491), (23, 492), (4, 493), (16, 494), (17, 495), (20, 496), (21, 497), (22, 498), (24, 499), (25, 500), (26, 501), (28, 502), (29, 503), (30, 504), (31, 505), (32, 506), (33, 507), (34, 508), (35, 509), (37, 510), (38, 511), (39, 512), (40, 513), (41, 514), (44, 515), (45, 516), (46, 517), (48, 518), (49, 519), (50, 520), (52, 521), (53, 522), (54, 523), (55, 524), (56, 525), (57, 526), (58, 527), (59, 528), (60, 529), (62, 530), (63, 531), (64, 532), (65, 533), (67, 534), (68, 535), (70, 536), (71, 537), (3, 538), (12, 539), (18, 540), (19, 541), (27, 542), (36, 543), (42, 544), (43, 545), (51, 546), (61, 547), (66, 548), (69, 549), (72, 550), (73, 551), (74, 552), (75, 553), (76, 554), (77, 555), (78, 556), (79, 557), (80, 558), (81, 559), (82, 560), (83, 561), (84, 562), (85, 563), (86, 564), (87, 565), (88, 566), (89, 567), (90, 568), (91, 569), (92, 570), (93, 571), (94, 572), (95, 573), (96, 574), (97, 575), (98, 576), (99, 577), (100, 578), (101, 579), (102, 580), (103, 581), (104, 582), (105, 583), (106, 584), (107, 585), (108, 586), (109, 587), (110, 588), (111, 589), (112, 590), (113, 591), (114, 592), (115, 593), (116, 594), (117, 595), (118, 596), (119, 597), (120, 598), (121, 599), (122, 600), (123, 601), (124, 602), (125, 603), (126, 604), (127, 605), (128, 606), (129, 607), (130, 608), (131, 609), (132, 610), (133, 611), (134, 612), (135, 613), (136, 614), (137, 615), (138, 616), (139, 617), (140, 618), (141, 619), (142, 620), (143, 621), (144, 622), (145, 623), (146, 624), (147, 625), (148, 626), (149, 627), (150, 628), (151, 629), (152, 630), (153, 631), (154, 632), (155, 633), (156, 634), (157, 635), (158, 636), (159, 637), (160, 638), (161, 639), (162, 640), (163, 641), (164, 642), (165, 643), (166, 644), (167, 645), (168, 646), (169, 647), (170, 648), (171, 649), (172, 650), (173, 651), (174, 652), (175, 653), (176, 654), (177, 655), (178, 656), (179, 657), (180, 658), (181, 659), (182, 660), (183, 661), (184, 662), (185, 663), (186, 664), (187, 665), (188, 666), (189, 667), (190, 668), (191, 669), (192, 670), (193, 671), (194, 672), (195, 673), (196, 674), (197, 675), (198, 676), (199, 677), (200, 678), (201, 679), (202, 680), (203, 681), (204, 682), (205, 683), (206, 684), (207, 685), (208, 686), (209, 687), (210, 688), (211, 689), (212, 690), (213, 691), (214, 692), (215, 693), (216, 694), (217, 695), (218, 696), (219, 697), (220, 698), (221, 699), (222, 700), (223, 701), (224, 702), (225, 703), (226, 704), (227, 705), (228, 706), (229, 707), (230, 708), (231, 709), (232, 710), (233, 711), (234, 712), (235, 713), (236, 714), (237, 715), (238, 716), (239, 717), (240, 718), (241, 719), (242, 720), (243, 721), (244, 722), (245, 723), (246, 724), (247, 725), (248, 726), (249, 727), (250, 728), (251, 729), (252, 730), (253, 731), (254, 732), (255, 733), (256, 734), (257, 735), (258, 736), (259, 737), (260, 738), (261, 739), (262, 740), (263, 741), (264, 742), (265, 743), (266, 744), (267, 745), (268, 746), (269, 747), (270, 748), (271, 749), (272, 750), (273, 751), (274, 752), (275, 753), (276, 754), (277, 755), (278, 756), (279, 757), (280, 758), (281, 759), (282, 760), (283, 761), (284, 762), (285, 763), (286, 764), (287, 765), (288, 766), (289, 767), (290, 768), (291, 769), (292, 770), (293, 771), (294, 772), (295, 773), (296, 774), (297, 775), (298, 776), (299, 777), (300, 778), (301, 779), (302, 780), (303, 781), (304, 782), (305, 783), (306, 784), (307, 785), (308, 786), (309, 787), (310, 788), (311, 789), (312, 790), (313, 791), (314, 792), (315, 793), (316, 794), (317, 795), (318, 796), (319, 797), (320, 798), (321, 799), (322, 800), (323, 801), (324, 802), (325, 803), (326, 804), (327, 805), (328, 806), (329, 807), (330, 808), (331, 809), (332, 810), (333, 811), (334, 812), (335, 813), (336, 814), (337, 815), (338, 816), (339, 817), (340, 818), (341, 819), (342, 820), (343, 821), (344, 822), (345, 823), (346, 824), (347, 825), (348, 826), (349, 827), (350, 828), (351, 829), (352, 830), (353, 831), (354, 832), (355, 833), (356, 834), (357, 835), (358, 836), (359, 837), (360, 838), (361, 839), (362, 840), (363, 841), (364, 842), (365, 843), (366, 844), (367, 845), (368, 846), (369, 847), (370, 848), (371, 849), (372, 850), (373, 851), (374, 852), (375, 853), (376, 854), (377, 855), (378, 856), (379, 857), (380, 858), (381, 859), (382, 860), (383, 861), (384, 862), (385, 863), (386, 864), (387, 865), (388, 866), (389, 867), (390, 868), (391, 869), (392, 870), (393, 871), (394, 872), (395, 873), (396, 874), (397, 875), (398, 876), (399, 877), (400, 878), (401, 879), (402, 880), (403, 881), (404, 882), (405, 883), (406, 884), (407, 885), (408, 886), (409, 887), (410, 888), (411, 889), (412, 890), (413, 891), (414, 892), (415, 893), (416, 894), (417, 895), (418, 896), (419, 897), (420, 898), (421, 899), (422, 900), (423, 901), (424, 902), (425, 903), (426, 904), (427, 905), (428, 906), (429, 907), (430, 908), (431, 909), (432, 910), (433, 911), (434, 912), (435, 913), (436, 914), (437, 915), (438, 916), (439, 917), (440, 918), (441, 919), (442, 920), (443, 921), (444, 922), (445, 923), (446, 924), (447, 925), (448, 926), (449, 927), (450, 928), (451, 929), (452, 930), (453, 931), (454, 932), (455, 933), (456, 934), (457, 935), (458, 936), (459, 937), (460, 938), (461, 939), (462, 940), (463, 941), (464, 942), (465, 943), (466, 944), (467, 945), (468, 946), (469, 947), (470, 948), (471, 949), (472, 950), (473, 951), (474, 952), (475, 953), (476, 954), (477, 955), (478, 956), (479, 957)]
Linear merge order
Relative pruning per iteration: [0, 0, 0, 0, 0, 0, 0, 0, 0, 0, 0, 0, 0, 0, 0, 0, 0, 0, 0, 0, 0, 0, 0, 0, 0, 0, 0, 0, 0, 0, 0, 0, 0, 0, 0, 0, 0, 0, 0, 0, 0, 0, 0, 0, 0, 0, 0, 0, 0, 0, 0, 0, 0, 0, 0, 0, 0, 0, 0, 0, 0, 0, 0, 0, 0, 0, 0, 0, 0, 0, 0, 0, 0, 0, 0, 0, 0, 0, 0, 0, 0, 0, 0, 0, 0, 0, 0, 0, 0, 0, 0, 0, 0, 0, 0, 0, 0, 0, 0, 0, 0, 0, 0, 0, 0, 0, 0, 0, 0, 0, 0, 0, 0, 0, 0, 0, 0, 0, 0, 0, 0, 0, 0, 0, 0, 0, 0, 0, 0, 0, 0, 0, 0, 0, 0, 0, 0, 0, 0, 0, 0, 0, 0, 0, 0, 0, 0, 0, 0, 0, 0, 0, 0, 0, 0, 0, 0, 0, 0, 0, 0, 0, 0, 0, 0, 0, 0, 0, 0, 0, 0, 0, 0, 0, 0, 0, 0, 0, 0, 0, 0, 0, 0, 0, 0, 0, 0, 0, 0, 0, 0, 0, 0, 0, 0, 0, 0, 0, 0, 0, 0, 0, 0, 0, 0, 0, 0, 0, 0, 0, 0, 0, 0, 0, 0, 0, 0, 0, 0, 0, 0, 0, 0, 0, 0, 0, 0, 0, 0, 0, 0, 0, 0, 0, 0, 0, 0, 0, 0, 0, 0, 0, 0, 0, 0, 0, 0, 0, 0, 0, 0, 0, 0, 0, 0, 0, 0, 0, 0, 0, 0, 0, 0, 0, 0, 0, 0, 0, 0, 0, 0, 0, 0, 0, 0, 0, 0, 0, 0, 0, 0, 0, 0, 0, 0, 0, 0, 0, 0, 0, 0, 0, 0, 0, 0, 0, 0, 0, 0, 0, 0, 0, 0, 0, 0, 0, 0, 0, 0, 0, 0, 0, 0, 0, 0, 0, 0, 0, 0, 0, 0, 0, 0, 0, 0, 0, 0, 0, 0, 0, 0, 0, 0, 0, 0, 0, 0, 0, 0, 0, 0, 0, 0, 0, 0, 0, 0, 0, 0, 0, 0, 0, 0, 0, 0, 0, 0, 0, 0, 0, 0, 0, 0, 0, 0, 0, 0, 0, 0, 0, 0, 0, 0, 0, 0, 0, 0, 0, 0, 0, 0, 0, 0, 0, 0, 0, 0, 0, 0, 0, 0, 0, 0, 0, 0, 0, 0, 0, 0, 0, 0, 0, 0, 0, 0, 0, 0, 0, 0, 0, 0, 0, 0, 0, 0, 0, 0, 0, 0, 0, 0, 0, 0, 0, 0, 0, 0, 0, 0, 0, 0, 0, 0, 0, 0, 0, 0, 0, 0, 0, 0, 0, 0, 0, 0, 0, 0, 0, 0, 0, 0, 0, 0, 0, 0, 0, 0, 0, 0, 0, 0, 0, 0, 0, 0, 0, 0, 0, 0, 0, 0, 0, 0, 0, 0, 0, 0, 0, 0]
Average relative pruning: 0
Number of attempts to merge for symmetries: 0
Number of times non-perfect shrinking interfered merging for symmetries: 0
Number of times pruning interfered merging for symmetries: 0
Number of times merging for symmetries failed for any reason: 0
Final peak memory increase of merge-and-shrink computation: 88380 KB
Done initializing merge-and-shrink heuristic [343.256s]

Initializing symmetries (eager search)
Initializing symmetries
Using Bliss to find group generators
Done initializing symmetries: 0.00934177s
Number of generators: 3
Number of identity generators (on states, not on operators): 0
Order of generators: [4, 2, 2]
Setting group in registry for DKS search
Conducting best first search with reopening closed nodes, (real) bound = 2147483647
New best heuristic value for merge_and_shrink(shrink_strategy = shrink_bisimulation(greedy = false), merge_strategy = merge_precomputed(merge_tree = miasm(abstraction = miasm_merge_and_shrink, fallback_merge_selector = score_based_filtering(scoring_functions = list(goal_relevance, dfp, total_order(atomic_ts_order = reverse_level, product_ts_order = new_to_old, atomic_before_product = false))))), label_reduction = exact(before_shrinking = true, before_merging = false), max_states = 50000, threshold_before_merge = 1, max_time = 900): 4
[g=0, 1 evaluated, 0 expanded, t=343.272s, 94316 KB]
f = 4 [1 evaluated, 0 expanded, t=343.273s, 94316 KB]
Initial heuristic value for merge_and_shrink(shrink_strategy = shrink_bisimulation(greedy = false), merge_strategy = merge_precomputed(merge_tree = miasm(abstraction = miasm_merge_and_shrink, fallback_merge_selector = score_based_filtering(scoring_functions = list(goal_relevance, dfp, total_order(atomic_ts_order = reverse_level, product_ts_order = new_to_old, atomic_before_product = false))))), label_reduction = exact(before_shrinking = true, before_merging = false), max_states = 50000, threshold_before_merge = 1, max_time = 900): 4
pruning method: stubborn sets simple
f = 5 [13 evaluated, 1 expanded, t=343.274s, 94316 KB]
f = 6 [127 evaluated, 13 expanded, t=343.277s, 94316 KB]
New best heuristic value for merge_and_shrink(shrink_strategy = shrink_bisimulation(greedy = false), merge_strategy = merge_precomputed(merge_tree = miasm(abstraction = miasm_merge_and_shrink, fallback_merge_selector = score_based_filtering(scoring_functions = list(goal_relevance, dfp, total_order(atomic_ts_order = reverse_level, product_ts_order = new_to_old, atomic_before_product = false))))), label_reduction = exact(before_shrinking = true, before_merging = false), max_states = 50000, threshold_before_merge = 1, max_time = 900): 3
[g=3, 568 evaluated, 60 expanded, t=343.29s, 94316 KB]
f = 7 [1283 evaluated, 135 expanded, t=343.304s, 94316 KB]
New best heuristic value for merge_and_shrink(shrink_strategy = shrink_bisimulation(greedy = false), merge_strategy = merge_precomputed(merge_tree = miasm(abstraction = miasm_merge_and_shrink, fallback_merge_selector = score_based_filtering(scoring_functions = list(goal_relevance, dfp, total_order(atomic_ts_order = reverse_level, product_ts_order = new_to_old, atomic_before_product = false))))), label_reduction = exact(before_shrinking = true, before_merging = false), max_states = 50000, threshold_before_merge = 1, max_time = 900): 2
[g=5, 1726 evaluated, 180 expanded, t=343.324s, 94316 KB]
Insufficient pruning. Switching off.
total successors before partial-order reduction: 12000
total successors after partial-order reduction: 12000
f = 8 [13008 evaluated, 1364 expanded, t=343.62s, 94316 KB]
f = 9 [126555 evaluated, 13268 expanded, t=345.943s, 94316 KB]
f = 10 [1194978 evaluated, 125505 expanded, t=367.603s, 236512 KB]
Peak memory: 1874384 KB
caught signal 24 -- exiting
Overall time: [552.390s CPU, 553.153s wall-clock]
Image nick: ipc2018-opt-delfi
Configs: ['simpless-dks-masb50kmiasmdfp']
Plan file: /home/vidusha/intelligent_systems/planners/hapori-miplan/solutions/rubiks_cube/p15_sol.txt
Run image config simpless-dks-masb50kmiasmdfp
Calling planner: ['python2', '/planner/planners/ipc2018-opt-delfi/fast-downward.py', '--build', 'release64', '--plan-file', '/home/vidusha/intelligent_systems/planners/hapori-miplan/solutions/rubiks_cube/p15_sol.txt', '/home/vidusha/intelligent_systems/planners/hapori-miplan/domains/rubiks_cube_domain.pddl', '/home/vidusha/intelligent_systems/planners/hapori-miplan/problems/rubiks_cube_temp/p15.pddl', '--symmetries', 'sym=structural_symmetries(search_symmetries=dks)', '--search', 'astar(merge_and_shrink(shrink_strategy=shrink_bisimulation(greedy=false),merge_strategy=merge_precomputed(merge_tree=miasm(abstraction=miasm_merge_and_shrink(),fallback_merge_selector=score_based_filtering(scoring_functions=[goal_relevance,dfp,total_order(atomic_ts_order=reverse_level,product_ts_order=new_to_old,atomic_before_product=false)]))),label_reduction=exact(before_shrinking=true,before_merging=false),max_states=50000,threshold_before_merge=1,max_time=900),symmetries=sym,pruning=stubborn_sets_simple(minimum_pruning_ratio=0.01),num_por_probes=1000)']
Found plan file(s): []
exitcode: 99

Exit codes: [99, 99, 99, 99, 99, 99, 99, 99]
